2025-04-09 19:08:52,615 - src.haive.dataflow.registry.core - INFO - Connected to Supabase successfully
2025-04-09 20:41:56,145 - src.haive.dataflow.registry.core - INFO - Connected to Supabase successfully
2025-04-09 20:49:42,123 - src.haive.dataflow.registry.core - INFO - Connected to Supabase successfully
2025-04-09 20:52:32,464 - src.haive.dataflow.registry.core - INFO - Connected to Supabase successfully
2025-04-09 20:52:45,167 - src.haive.dataflow.registry.core - INFO - Connected to Supabase successfully
2025-04-09 20:52:48,853 - src.haive.dataflow.registry.core - INFO - Connected to Supabase successfully
2025-04-09 21:20:51,993 - src.haive.dataflow.registry.core - INFO - Connected to Supabase successfully
2025-04-09 21:43:19,963 - src.haive.dataflow.registry.core - INFO - Connected to Supabase successfully
2025-04-09 21:43:24,280 - src.haive.dataflow.registry.core - INFO - Connected to Supabase successfully
2025-04-09 21:43:24,314 - haive.dataflow.registry.core - INFO - Connected to Supabase successfully
2025-04-09 21:43:32,401 - src.haive.dataflow.registry.core - INFO - Connected to Supabase successfully
2025-04-09 21:43:32,431 - haive.dataflow.registry.core - INFO - Connected to Supabase successfully
2025-04-09 21:43:36,195 - src.haive.dataflow.registry.core - ERROR - Error registering entity agent_4daf4263 in database: {'message': 'Invalid API key', 'hint': 'Double check your Supabase `anon` or `service_role` API key.'}
2025-04-09 21:43:36,211 - src.haive.dataflow.registry.core - ERROR - Error getting entity 7ec5ce1a-4758-4940-9629-805e002a3455 from database: {'message': 'Invalid API key', 'hint': 'Double check your Supabase `anon` or `service_role` API key.'}
2025-04-09 21:43:36,229 - src.haive.dataflow.registry.core - ERROR - Error adding import log for agent_4daf4263: {'message': 'Invalid API key', 'hint': 'Double check your Supabase `anon` or `service_role` API key.'}
2025-04-09 21:43:36,256 - src.haive.dataflow.registry.core - ERROR - Error registering entity agent_3dd7b1df in database: {'message': 'Invalid API key', 'hint': 'Double check your Supabase `anon` or `service_role` API key.'}
2025-04-09 21:43:36,272 - src.haive.dataflow.registry.core - ERROR - Error getting entity e3b6947f-4ae9-4eb5-a722-bfa7b57d4608 from database: {'message': 'Invalid API key', 'hint': 'Double check your Supabase `anon` or `service_role` API key.'}
2025-04-09 21:43:36,290 - src.haive.dataflow.registry.core - ERROR - Error adding configuration to entity e3b6947f-4ae9-4eb5-a722-bfa7b57d4608: {'message': 'Invalid API key', 'hint': 'Double check your Supabase `anon` or `service_role` API key.'}
2025-04-09 21:43:36,306 - src.haive.dataflow.registry.core - ERROR - Error getting entity e3b6947f-4ae9-4eb5-a722-bfa7b57d4608 from database: {'message': 'Invalid API key', 'hint': 'Double check your Supabase `anon` or `service_role` API key.'}
2025-04-09 21:43:36,323 - src.haive.dataflow.registry.core - ERROR - Error adding import log for agent_3dd7b1df: {'message': 'Invalid API key', 'hint': 'Double check your Supabase `anon` or `service_role` API key.'}
2025-04-09 21:43:36,338 - src.haive.dataflow.registry.core - ERROR - Error registering entity agent_553f7c2e in database: {'message': 'Invalid API key', 'hint': 'Double check your Supabase `anon` or `service_role` API key.'}
2025-04-09 21:43:36,355 - src.haive.dataflow.registry.core - ERROR - Error getting entity 21558d27-bb99-464e-8887-9c6e5cae96df from database: {'message': 'Invalid API key', 'hint': 'Double check your Supabase `anon` or `service_role` API key.'}
2025-04-09 21:43:36,371 - src.haive.dataflow.registry.core - ERROR - Error adding import log for agent_553f7c2e: {'message': 'Invalid API key', 'hint': 'Double check your Supabase `anon` or `service_role` API key.'}
2025-04-09 21:43:36,390 - src.haive.dataflow.registry.core - ERROR - Error registering entity agent_d2540b84 in database: {'message': 'Invalid API key', 'hint': 'Double check your Supabase `anon` or `service_role` API key.'}
2025-04-09 21:43:36,408 - src.haive.dataflow.registry.core - ERROR - Error getting entity 1814aa80-0852-416c-8d9e-5a9b10451b21 from database: {'message': 'Invalid API key', 'hint': 'Double check your Supabase `anon` or `service_role` API key.'}
2025-04-09 21:43:36,426 - src.haive.dataflow.registry.core - ERROR - Error adding configuration to entity 1814aa80-0852-416c-8d9e-5a9b10451b21: {'message': 'Invalid API key', 'hint': 'Double check your Supabase `anon` or `service_role` API key.'}
2025-04-09 21:43:36,444 - src.haive.dataflow.registry.core - ERROR - Error getting entity 1814aa80-0852-416c-8d9e-5a9b10451b21 from database: {'message': 'Invalid API key', 'hint': 'Double check your Supabase `anon` or `service_role` API key.'}
2025-04-09 21:43:36,460 - src.haive.dataflow.registry.core - ERROR - Error adding import log for agent_d2540b84: {'message': 'Invalid API key', 'hint': 'Double check your Supabase `anon` or `service_role` API key.'}
2025-04-09 21:43:46,654 - src.haive.dataflow.registry.core - ERROR - Error registering entity agent_f3d98561 in database: {'message': 'Invalid API key', 'hint': 'Double check your Supabase `anon` or `service_role` API key.'}
2025-04-09 21:43:46,688 - src.haive.dataflow.registry.core - ERROR - Error getting entity 4e1d7e90-9f31-4b89-95b8-2b0b4f7fd964 from database: {'message': 'Invalid API key', 'hint': 'Double check your Supabase `anon` or `service_role` API key.'}
2025-04-09 21:43:46,708 - src.haive.dataflow.registry.core - ERROR - Error adding import log for agent_f3d98561: {'message': 'Invalid API key', 'hint': 'Double check your Supabase `anon` or `service_role` API key.'}
2025-04-09 21:43:46,751 - src.haive.dataflow.registry.core - ERROR - Error registering entity agent_db62a5a3 in database: {'message': 'Invalid API key', 'hint': 'Double check your Supabase `anon` or `service_role` API key.'}
2025-04-09 21:43:46,774 - src.haive.dataflow.registry.core - ERROR - Error getting entity 8460c1ab-d0fa-49aa-b1c6-aa8409814996 from database: {'message': 'Invalid API key', 'hint': 'Double check your Supabase `anon` or `service_role` API key.'}
2025-04-09 21:43:46,796 - src.haive.dataflow.registry.core - ERROR - Error adding configuration to entity 8460c1ab-d0fa-49aa-b1c6-aa8409814996: {'message': 'Invalid API key', 'hint': 'Double check your Supabase `anon` or `service_role` API key.'}
2025-04-09 21:43:46,816 - src.haive.dataflow.registry.core - ERROR - Error getting entity 8460c1ab-d0fa-49aa-b1c6-aa8409814996 from database: {'message': 'Invalid API key', 'hint': 'Double check your Supabase `anon` or `service_role` API key.'}
2025-04-09 21:43:46,836 - src.haive.dataflow.registry.core - ERROR - Error adding import log for agent_db62a5a3: {'message': 'Invalid API key', 'hint': 'Double check your Supabase `anon` or `service_role` API key.'}
2025-04-09 21:43:46,854 - src.haive.dataflow.registry.core - ERROR - Error registering entity agent_d1576936 in database: {'message': 'Invalid API key', 'hint': 'Double check your Supabase `anon` or `service_role` API key.'}
2025-04-09 21:43:46,874 - src.haive.dataflow.registry.core - ERROR - Error getting entity 447a4e14-1fa7-4d9b-9fa1-007fd6e21776 from database: {'message': 'Invalid API key', 'hint': 'Double check your Supabase `anon` or `service_role` API key.'}
2025-04-09 21:43:46,893 - src.haive.dataflow.registry.core - ERROR - Error adding import log for agent_d1576936: {'message': 'Invalid API key', 'hint': 'Double check your Supabase `anon` or `service_role` API key.'}
2025-04-09 21:43:46,912 - src.haive.dataflow.registry.core - ERROR - Error registering entity agent_68f7cbdb in database: {'message': 'Invalid API key', 'hint': 'Double check your Supabase `anon` or `service_role` API key.'}
2025-04-09 21:43:46,932 - src.haive.dataflow.registry.core - ERROR - Error getting entity fa49eb27-0b05-4fff-8489-df93a7a8b131 from database: {'message': 'Invalid API key', 'hint': 'Double check your Supabase `anon` or `service_role` API key.'}
2025-04-09 21:43:46,952 - src.haive.dataflow.registry.core - ERROR - Error adding configuration to entity fa49eb27-0b05-4fff-8489-df93a7a8b131: {'message': 'Invalid API key', 'hint': 'Double check your Supabase `anon` or `service_role` API key.'}
2025-04-09 21:43:46,973 - src.haive.dataflow.registry.core - ERROR - Error getting entity fa49eb27-0b05-4fff-8489-df93a7a8b131 from database: {'message': 'Invalid API key', 'hint': 'Double check your Supabase `anon` or `service_role` API key.'}
2025-04-09 21:43:46,995 - src.haive.dataflow.registry.core - ERROR - Error adding import log for agent_68f7cbdb: {'message': 'Invalid API key', 'hint': 'Double check your Supabase `anon` or `service_role` API key.'}
2025-04-09 21:43:47,088 - src.haive.dataflow.registry.core - ERROR - Error registering entity agent_03657ab5 in database: {'message': 'Invalid API key', 'hint': 'Double check your Supabase `anon` or `service_role` API key.'}
2025-04-09 21:43:47,116 - src.haive.dataflow.registry.core - ERROR - Error getting entity ab7e6448-ba78-4782-a076-8aa66dd8724b from database: {'message': 'Invalid API key', 'hint': 'Double check your Supabase `anon` or `service_role` API key.'}
2025-04-09 21:43:47,144 - src.haive.dataflow.registry.core - ERROR - Error adding import log for agent_03657ab5: {'message': 'Invalid API key', 'hint': 'Double check your Supabase `anon` or `service_role` API key.'}
2025-04-09 21:43:47,164 - src.haive.dataflow.registry.core - ERROR - Error registering entity map_reduce_summarizer_agent in database: {'message': 'Invalid API key', 'hint': 'Double check your Supabase `anon` or `service_role` API key.'}
2025-04-09 21:43:47,194 - src.haive.dataflow.registry.core - ERROR - Error getting entity c32a45b9-c026-4030-a017-439c229f7ac4 from database: {'message': 'Invalid API key', 'hint': 'Double check your Supabase `anon` or `service_role` API key.'}
2025-04-09 21:43:47,224 - src.haive.dataflow.registry.core - ERROR - Error adding configuration to entity c32a45b9-c026-4030-a017-439c229f7ac4: {'message': 'Invalid API key', 'hint': 'Double check your Supabase `anon` or `service_role` API key.'}
2025-04-09 21:43:47,243 - src.haive.dataflow.registry.core - ERROR - Error getting entity c32a45b9-c026-4030-a017-439c229f7ac4 from database: {'message': 'Invalid API key', 'hint': 'Double check your Supabase `anon` or `service_role` API key.'}
2025-04-09 21:43:47,274 - src.haive.dataflow.registry.core - ERROR - Error adding configuration to entity c32a45b9-c026-4030-a017-439c229f7ac4: {'message': 'Invalid API key', 'hint': 'Double check your Supabase `anon` or `service_role` API key.'}
2025-04-09 21:43:47,297 - src.haive.dataflow.registry.core - ERROR - Error getting entity c32a45b9-c026-4030-a017-439c229f7ac4 from database: {'message': 'Invalid API key', 'hint': 'Double check your Supabase `anon` or `service_role` API key.'}
2025-04-09 21:43:47,319 - src.haive.dataflow.registry.core - ERROR - Error adding configuration to entity c32a45b9-c026-4030-a017-439c229f7ac4: {'message': 'Invalid API key', 'hint': 'Double check your Supabase `anon` or `service_role` API key.'}
2025-04-09 21:43:47,340 - src.haive.dataflow.registry.core - ERROR - Error registering entity map_reduce_summarizer_agent_engine in database: {'message': 'Invalid API key', 'hint': 'Double check your Supabase `anon` or `service_role` API key.'}
2025-04-09 21:43:47,358 - src.haive.dataflow.registry.core - ERROR - Error getting entity c32a45b9-c026-4030-a017-439c229f7ac4 from database: {'message': 'Invalid API key', 'hint': 'Double check your Supabase `anon` or `service_role` API key.'}
2025-04-09 21:43:47,378 - src.haive.dataflow.registry.core - ERROR - Error getting entity cf0221f0-5f17-4057-994d-008ef69d4da5 from database: {'message': 'Invalid API key', 'hint': 'Double check your Supabase `anon` or `service_role` API key.'}
2025-04-09 21:43:47,408 - src.haive.dataflow.registry.core - ERROR - Error adding dependency from c32a45b9-c026-4030-a017-439c229f7ac4 to cf0221f0-5f17-4057-994d-008ef69d4da5: {'message': 'Invalid API key', 'hint': 'Double check your Supabase `anon` or `service_role` API key.'}
2025-04-09 21:43:47,443 - src.haive.dataflow.registry.core - ERROR - Error getting entity c32a45b9-c026-4030-a017-439c229f7ac4 from database: {'message': 'Invalid API key', 'hint': 'Double check your Supabase `anon` or `service_role` API key.'}
2025-04-09 21:43:47,471 - src.haive.dataflow.registry.core - ERROR - Error adding import log for map_reduce_summarizer_agent: {'message': 'Invalid API key', 'hint': 'Double check your Supabase `anon` or `service_role` API key.'}
2025-04-09 21:43:47,492 - src.haive.dataflow.registry.core - ERROR - Error registering entity agent_374c1a7d in database: {'message': 'Invalid API key', 'hint': 'Double check your Supabase `anon` or `service_role` API key.'}
2025-04-09 21:43:47,511 - src.haive.dataflow.registry.core - ERROR - Error getting entity 3bdbc2df-cfe3-4a7d-92bd-81c6195cc407 from database: {'message': 'Invalid API key', 'hint': 'Double check your Supabase `anon` or `service_role` API key.'}
2025-04-09 21:43:47,530 - src.haive.dataflow.registry.core - ERROR - Error adding import log for agent_374c1a7d: {'message': 'Invalid API key', 'hint': 'Double check your Supabase `anon` or `service_role` API key.'}
2025-04-09 21:43:47,550 - src.haive.dataflow.registry.core - ERROR - Error registering entity map_reduce_summarizer_agent in database: {'message': 'Invalid API key', 'hint': 'Double check your Supabase `anon` or `service_role` API key.'}
2025-04-09 21:43:47,569 - src.haive.dataflow.registry.core - ERROR - Error getting entity de274da2-ccd1-44cb-ad0d-2cf1e9680fc8 from database: {'message': 'Invalid API key', 'hint': 'Double check your Supabase `anon` or `service_role` API key.'}
2025-04-09 21:43:47,589 - src.haive.dataflow.registry.core - ERROR - Error adding configuration to entity de274da2-ccd1-44cb-ad0d-2cf1e9680fc8: {'message': 'Invalid API key', 'hint': 'Double check your Supabase `anon` or `service_role` API key.'}
2025-04-09 21:43:47,611 - src.haive.dataflow.registry.core - ERROR - Error getting entity de274da2-ccd1-44cb-ad0d-2cf1e9680fc8 from database: {'message': 'Invalid API key', 'hint': 'Double check your Supabase `anon` or `service_role` API key.'}
2025-04-09 21:43:47,632 - src.haive.dataflow.registry.core - ERROR - Error adding configuration to entity de274da2-ccd1-44cb-ad0d-2cf1e9680fc8: {'message': 'Invalid API key', 'hint': 'Double check your Supabase `anon` or `service_role` API key.'}
2025-04-09 21:43:47,652 - src.haive.dataflow.registry.core - ERROR - Error getting entity de274da2-ccd1-44cb-ad0d-2cf1e9680fc8 from database: {'message': 'Invalid API key', 'hint': 'Double check your Supabase `anon` or `service_role` API key.'}
2025-04-09 21:43:47,674 - src.haive.dataflow.registry.core - ERROR - Error adding configuration to entity de274da2-ccd1-44cb-ad0d-2cf1e9680fc8: {'message': 'Invalid API key', 'hint': 'Double check your Supabase `anon` or `service_role` API key.'}
2025-04-09 21:43:47,699 - src.haive.dataflow.registry.core - ERROR - Error registering entity map_reduce_summarizer_agent_engine in database: {'message': 'Invalid API key', 'hint': 'Double check your Supabase `anon` or `service_role` API key.'}
2025-04-09 21:43:47,718 - src.haive.dataflow.registry.core - ERROR - Error getting entity de274da2-ccd1-44cb-ad0d-2cf1e9680fc8 from database: {'message': 'Invalid API key', 'hint': 'Double check your Supabase `anon` or `service_role` API key.'}
2025-04-09 21:43:47,741 - src.haive.dataflow.registry.core - ERROR - Error getting entity 0344c12b-1bc5-42f5-960e-2ce64a1ea143 from database: {'message': 'Invalid API key', 'hint': 'Double check your Supabase `anon` or `service_role` API key.'}
2025-04-09 21:43:47,763 - src.haive.dataflow.registry.core - ERROR - Error adding dependency from de274da2-ccd1-44cb-ad0d-2cf1e9680fc8 to 0344c12b-1bc5-42f5-960e-2ce64a1ea143: {'message': 'Invalid API key', 'hint': 'Double check your Supabase `anon` or `service_role` API key.'}
2025-04-09 21:43:47,782 - src.haive.dataflow.registry.core - ERROR - Error getting entity de274da2-ccd1-44cb-ad0d-2cf1e9680fc8 from database: {'message': 'Invalid API key', 'hint': 'Double check your Supabase `anon` or `service_role` API key.'}
2025-04-09 21:43:47,809 - src.haive.dataflow.registry.core - ERROR - Error adding import log for map_reduce_summarizer_agent: {'message': 'Invalid API key', 'hint': 'Double check your Supabase `anon` or `service_role` API key.'}
2025-04-09 21:43:47,846 - src.haive.dataflow.registry.core - ERROR - Error registering entity agent_83c2813f in database: {'message': 'Invalid API key', 'hint': 'Double check your Supabase `anon` or `service_role` API key.'}
2025-04-09 21:43:47,868 - src.haive.dataflow.registry.core - ERROR - Error getting entity 75b31135-5cd0-41ce-a2be-f82767abb9e8 from database: {'message': 'Invalid API key', 'hint': 'Double check your Supabase `anon` or `service_role` API key.'}
2025-04-09 21:43:47,892 - src.haive.dataflow.registry.core - ERROR - Error adding import log for agent_83c2813f: {'message': 'Invalid API key', 'hint': 'Double check your Supabase `anon` or `service_role` API key.'}
2025-04-09 21:43:47,921 - src.haive.dataflow.registry.core - ERROR - Error registering entity agent_e511cfdf in database: {'message': 'Invalid API key', 'hint': 'Double check your Supabase `anon` or `service_role` API key.'}
2025-04-09 21:43:47,947 - src.haive.dataflow.registry.core - ERROR - Error getting entity 22da3d22-0707-4ced-b860-69fe099d6588 from database: {'message': 'Invalid API key', 'hint': 'Double check your Supabase `anon` or `service_role` API key.'}
2025-04-09 21:43:47,977 - src.haive.dataflow.registry.core - ERROR - Error adding configuration to entity 22da3d22-0707-4ced-b860-69fe099d6588: {'message': 'Invalid API key', 'hint': 'Double check your Supabase `anon` or `service_role` API key.'}
2025-04-09 21:43:48,001 - src.haive.dataflow.registry.core - ERROR - Error getting entity 22da3d22-0707-4ced-b860-69fe099d6588 from database: {'message': 'Invalid API key', 'hint': 'Double check your Supabase `anon` or `service_role` API key.'}
2025-04-09 21:43:48,025 - src.haive.dataflow.registry.core - ERROR - Error adding import log for agent_e511cfdf: {'message': 'Invalid API key', 'hint': 'Double check your Supabase `anon` or `service_role` API key.'}
2025-04-09 21:43:48,300 - src.haive.dataflow.registry.core - ERROR - Error registering entity agent_b1be7e11 in database: {'message': 'Invalid API key', 'hint': 'Double check your Supabase `anon` or `service_role` API key.'}
2025-04-09 21:43:48,319 - src.haive.dataflow.registry.core - ERROR - Error getting entity 7483bc62-7c6a-4e0b-876f-8cfa9f8ed88a from database: {'message': 'Invalid API key', 'hint': 'Double check your Supabase `anon` or `service_role` API key.'}
2025-04-09 21:43:48,341 - src.haive.dataflow.registry.core - ERROR - Error adding import log for agent_b1be7e11: {'message': 'Invalid API key', 'hint': 'Double check your Supabase `anon` or `service_role` API key.'}
2025-04-09 21:43:48,362 - src.haive.dataflow.registry.core - ERROR - Error registering entity agent_867fb343 in database: {'message': 'Invalid API key', 'hint': 'Double check your Supabase `anon` or `service_role` API key.'}
2025-04-09 21:43:48,383 - src.haive.dataflow.registry.core - ERROR - Error getting entity 7c880988-f1a2-47ec-a5cb-4de9182b0b4a from database: {'message': 'Invalid API key', 'hint': 'Double check your Supabase `anon` or `service_role` API key.'}
2025-04-09 21:43:48,404 - src.haive.dataflow.registry.core - ERROR - Error adding configuration to entity 7c880988-f1a2-47ec-a5cb-4de9182b0b4a: {'message': 'Invalid API key', 'hint': 'Double check your Supabase `anon` or `service_role` API key.'}
2025-04-09 21:43:48,425 - src.haive.dataflow.registry.core - ERROR - Error getting entity 7c880988-f1a2-47ec-a5cb-4de9182b0b4a from database: {'message': 'Invalid API key', 'hint': 'Double check your Supabase `anon` or `service_role` API key.'}
2025-04-09 21:43:48,446 - src.haive.dataflow.registry.core - ERROR - Error adding import log for agent_867fb343: {'message': 'Invalid API key', 'hint': 'Double check your Supabase `anon` or `service_role` API key.'}
2025-04-09 21:43:48,472 - src.haive.dataflow.registry.core - ERROR - Error registering entity agent_9fa38af4 in database: {'message': 'Invalid API key', 'hint': 'Double check your Supabase `anon` or `service_role` API key.'}
2025-04-09 21:43:48,495 - src.haive.dataflow.registry.core - ERROR - Error getting entity af97903c-50dc-4204-87c7-b385e429259d from database: {'message': 'Invalid API key', 'hint': 'Double check your Supabase `anon` or `service_role` API key.'}
2025-04-09 21:43:48,517 - src.haive.dataflow.registry.core - ERROR - Error adding configuration to entity af97903c-50dc-4204-87c7-b385e429259d: {'message': 'Invalid API key', 'hint': 'Double check your Supabase `anon` or `service_role` API key.'}
2025-04-09 21:43:48,542 - src.haive.dataflow.registry.core - ERROR - Error getting entity af97903c-50dc-4204-87c7-b385e429259d from database: {'message': 'Invalid API key', 'hint': 'Double check your Supabase `anon` or `service_role` API key.'}
2025-04-09 21:43:48,563 - src.haive.dataflow.registry.core - ERROR - Error adding import log for agent_9fa38af4: {'message': 'Invalid API key', 'hint': 'Double check your Supabase `anon` or `service_role` API key.'}
2025-04-09 21:43:48,585 - src.haive.dataflow.registry.core - ERROR - Error adding import log for BaseRAGConfig: {'message': 'Invalid API key', 'hint': 'Double check your Supabase `anon` or `service_role` API key.'}
2025-04-09 21:43:48,605 - src.haive.dataflow.registry.core - ERROR - Error registering entity agent_43a11d5c in database: {'message': 'Invalid API key', 'hint': 'Double check your Supabase `anon` or `service_role` API key.'}
2025-04-09 21:43:48,626 - src.haive.dataflow.registry.core - ERROR - Error getting entity 89fc6858-3cbc-40e0-b280-c229ddc63b68 from database: {'message': 'Invalid API key', 'hint': 'Double check your Supabase `anon` or `service_role` API key.'}
2025-04-09 21:43:48,646 - src.haive.dataflow.registry.core - ERROR - Error adding import log for agent_43a11d5c: {'message': 'Invalid API key', 'hint': 'Double check your Supabase `anon` or `service_role` API key.'}
2025-04-09 21:43:48,667 - src.haive.dataflow.registry.core - ERROR - Error adding import log for BaseRAGConfig: {'message': 'Invalid API key', 'hint': 'Double check your Supabase `anon` or `service_role` API key.'}
2025-04-09 21:43:48,690 - src.haive.dataflow.registry.core - ERROR - Error registering entity agent_78fade5d in database: {'message': 'Invalid API key', 'hint': 'Double check your Supabase `anon` or `service_role` API key.'}
2025-04-09 21:43:48,713 - src.haive.dataflow.registry.core - ERROR - Error getting entity 2aa7cd48-3974-40e7-bc89-59c241474bd8 from database: {'message': 'Invalid API key', 'hint': 'Double check your Supabase `anon` or `service_role` API key.'}
2025-04-09 21:43:48,733 - src.haive.dataflow.registry.core - ERROR - Error adding import log for agent_78fade5d: {'message': 'Invalid API key', 'hint': 'Double check your Supabase `anon` or `service_role` API key.'}
2025-04-09 21:43:48,754 - src.haive.dataflow.registry.core - ERROR - Error adding import log for BaseRAGConfig: {'message': 'Invalid API key', 'hint': 'Double check your Supabase `anon` or `service_role` API key.'}
2025-04-09 21:43:48,777 - src.haive.dataflow.registry.core - ERROR - Error registering entity agent_ef88dca7 in database: {'message': 'Invalid API key', 'hint': 'Double check your Supabase `anon` or `service_role` API key.'}
2025-04-09 21:43:48,804 - src.haive.dataflow.registry.core - ERROR - Error getting entity 85628b7a-3a2a-48eb-9d4e-e221229eea3c from database: {'message': 'Invalid API key', 'hint': 'Double check your Supabase `anon` or `service_role` API key.'}
2025-04-09 21:43:48,830 - src.haive.dataflow.registry.core - ERROR - Error adding import log for agent_ef88dca7: {'message': 'Invalid API key', 'hint': 'Double check your Supabase `anon` or `service_role` API key.'}
2025-04-09 21:43:48,848 - src.haive.dataflow.registry.core - ERROR - Error adding import log for BaseRAGConfig: {'message': 'Invalid API key', 'hint': 'Double check your Supabase `anon` or `service_role` API key.'}
2025-04-09 21:43:48,878 - src.haive.dataflow.registry.core - ERROR - Error adding import log for FilteredRAGConfig: {'message': 'Invalid API key', 'hint': 'Double check your Supabase `anon` or `service_role` API key.'}
2025-04-09 21:43:48,895 - src.haive.dataflow.registry.core - ERROR - Error adding import log for BaseRAGConfig: {'message': 'Invalid API key', 'hint': 'Double check your Supabase `anon` or `service_role` API key.'}
2025-04-09 21:43:48,913 - src.haive.dataflow.registry.core - ERROR - Error adding import log for FilteredRAGConfig: {'message': 'Invalid API key', 'hint': 'Double check your Supabase `anon` or `service_role` API key.'}
2025-04-09 21:43:49,457 - src.haive.dataflow.registry.core - ERROR - Error adding import log for GraphDBRAGConfig: {'message': 'Invalid API key', 'hint': 'Double check your Supabase `anon` or `service_role` API key.'}
2025-04-09 21:43:49,475 - src.haive.dataflow.registry.core - ERROR - Error registering entity agent_399efc58 in database: {'message': 'Invalid API key', 'hint': 'Double check your Supabase `anon` or `service_role` API key.'}
2025-04-09 21:43:49,492 - src.haive.dataflow.registry.core - ERROR - Error getting entity c2495775-6016-4b9d-86a3-9ec5ea32f6d2 from database: {'message': 'Invalid API key', 'hint': 'Double check your Supabase `anon` or `service_role` API key.'}
2025-04-09 21:43:49,512 - src.haive.dataflow.registry.core - ERROR - Error adding import log for agent_399efc58: {'message': 'Invalid API key', 'hint': 'Double check your Supabase `anon` or `service_role` API key.'}
2025-04-09 21:43:49,535 - src.haive.dataflow.registry.core - ERROR - Error adding import log for BaseRAGConfig: {'message': 'Invalid API key', 'hint': 'Double check your Supabase `anon` or `service_role` API key.'}
2025-04-09 21:43:49,552 - src.haive.dataflow.registry.core - ERROR - Error adding import log for GraphDBAgentConfig: {'message': 'Invalid API key', 'hint': 'Double check your Supabase `anon` or `service_role` API key.'}
2025-04-09 21:43:49,569 - src.haive.dataflow.registry.core - ERROR - Error adding import log for GraphDBRAGConfig: {'message': 'Invalid API key', 'hint': 'Double check your Supabase `anon` or `service_role` API key.'}
2025-04-09 21:43:49,600 - src.haive.dataflow.registry.core - ERROR - Error adding import log for LLMRAGConfig: {'message': 'Invalid API key', 'hint': 'Double check your Supabase `anon` or `service_role` API key.'}
2025-04-09 21:43:49,624 - src.haive.dataflow.registry.core - ERROR - Error registering entity agent_61d9cf61 in database: {'message': 'Invalid API key', 'hint': 'Double check your Supabase `anon` or `service_role` API key.'}
2025-04-09 21:43:49,644 - src.haive.dataflow.registry.core - ERROR - Error getting entity 8d0ffca4-7745-46b0-9ae6-48a8a4f20f71 from database: {'message': 'Invalid API key', 'hint': 'Double check your Supabase `anon` or `service_role` API key.'}
2025-04-09 21:43:49,660 - src.haive.dataflow.registry.core - ERROR - Error adding import log for agent_61d9cf61: {'message': 'Invalid API key', 'hint': 'Double check your Supabase `anon` or `service_role` API key.'}
2025-04-09 21:43:49,680 - src.haive.dataflow.registry.core - ERROR - Error adding import log for BaseRAGConfig: {'message': 'Invalid API key', 'hint': 'Double check your Supabase `anon` or `service_role` API key.'}
2025-04-09 21:43:49,698 - src.haive.dataflow.registry.core - ERROR - Error adding import log for LLMRAGConfig: {'message': 'Invalid API key', 'hint': 'Double check your Supabase `anon` or `service_role` API key.'}
2025-04-09 21:43:49,715 - src.haive.dataflow.registry.core - ERROR - Error adding import log for LLMRAGConfig: {'message': 'Invalid API key', 'hint': 'Double check your Supabase `anon` or `service_role` API key.'}
2025-04-09 21:43:49,751 - src.haive.dataflow.registry.core - ERROR - Error adding import log for MultiStrategyRAGConfig: {'message': 'Invalid API key', 'hint': 'Double check your Supabase `anon` or `service_role` API key.'}
2025-04-09 21:43:49,775 - src.haive.dataflow.registry.core - ERROR - Error adding import log for SelfCorrectiveRAGConfig: {'message': 'Invalid API key', 'hint': 'Double check your Supabase `anon` or `service_role` API key.'}
2025-04-09 21:43:49,791 - src.haive.dataflow.registry.core - ERROR - Error adding import log for SelfCorrectiveRAGConfig: {'message': 'Invalid API key', 'hint': 'Double check your Supabase `anon` or `service_role` API key.'}
2025-04-09 21:43:49,808 - src.haive.dataflow.registry.core - ERROR - Error adding import log for BaseRAGConfig: {'message': 'Invalid API key', 'hint': 'Double check your Supabase `anon` or `service_role` API key.'}
2025-04-09 21:43:49,825 - src.haive.dataflow.registry.core - ERROR - Error adding import log for SelfCorrectiveRAGConfig: {'message': 'Invalid API key', 'hint': 'Double check your Supabase `anon` or `service_role` API key.'}
2025-04-09 21:43:49,912 - src.haive.dataflow.registry.core - ERROR - Error adding import log for SQLRAGConfig: {'message': 'Invalid API key', 'hint': 'Double check your Supabase `anon` or `service_role` API key.'}
2025-04-09 21:43:49,927 - src.haive.dataflow.registry.core - ERROR - Error registering entity agent_ab8ea24b in database: {'message': 'Invalid API key', 'hint': 'Double check your Supabase `anon` or `service_role` API key.'}
2025-04-09 21:43:49,952 - src.haive.dataflow.registry.core - ERROR - Error getting entity e7e30607-fc85-4eb1-97a7-21b4895442b7 from database: {'message': 'Invalid API key', 'hint': 'Double check your Supabase `anon` or `service_role` API key.'}
2025-04-09 21:43:49,971 - src.haive.dataflow.registry.core - ERROR - Error adding import log for agent_ab8ea24b: {'message': 'Invalid API key', 'hint': 'Double check your Supabase `anon` or `service_role` API key.'}
2025-04-09 21:43:49,990 - src.haive.dataflow.registry.core - ERROR - Error adding import log for BaseRAGConfig: {'message': 'Invalid API key', 'hint': 'Double check your Supabase `anon` or `service_role` API key.'}
2025-04-09 21:43:50,008 - src.haive.dataflow.registry.core - ERROR - Error adding import log for SQLAgentConfig: {'message': 'Invalid API key', 'hint': 'Double check your Supabase `anon` or `service_role` API key.'}
2025-04-09 21:43:50,030 - src.haive.dataflow.registry.core - ERROR - Error adding import log for SQLRAGConfig: {'message': 'Invalid API key', 'hint': 'Double check your Supabase `anon` or `service_role` API key.'}
2025-04-09 21:43:50,047 - src.haive.dataflow.registry.core - ERROR - Error registering entity agent_75fd3b01 in database: {'message': 'Invalid API key', 'hint': 'Double check your Supabase `anon` or `service_role` API key.'}
2025-04-09 21:43:50,077 - src.haive.dataflow.registry.core - ERROR - Error getting entity 4236d106-3ee9-4be2-b8cb-692cb40515ca from database: {'message': 'Invalid API key', 'hint': 'Double check your Supabase `anon` or `service_role` API key.'}
2025-04-09 21:43:50,095 - src.haive.dataflow.registry.core - ERROR - Error adding import log for agent_75fd3b01: {'message': 'Invalid API key', 'hint': 'Double check your Supabase `anon` or `service_role` API key.'}
2025-04-09 21:43:50,111 - src.haive.dataflow.registry.core - ERROR - Error registering entity agent_42b6c18d in database: {'message': 'Invalid API key', 'hint': 'Double check your Supabase `anon` or `service_role` API key.'}
2025-04-09 21:43:50,128 - src.haive.dataflow.registry.core - ERROR - Error getting entity 2f325dbc-9871-4ee4-a6e3-d26ea9b56a2c from database: {'message': 'Invalid API key', 'hint': 'Double check your Supabase `anon` or `service_role` API key.'}
2025-04-09 21:43:50,145 - src.haive.dataflow.registry.core - ERROR - Error adding configuration to entity 2f325dbc-9871-4ee4-a6e3-d26ea9b56a2c: {'message': 'Invalid API key', 'hint': 'Double check your Supabase `anon` or `service_role` API key.'}
2025-04-09 21:43:50,168 - src.haive.dataflow.registry.core - ERROR - Error getting entity 2f325dbc-9871-4ee4-a6e3-d26ea9b56a2c from database: {'message': 'Invalid API key', 'hint': 'Double check your Supabase `anon` or `service_role` API key.'}
2025-04-09 21:43:50,198 - src.haive.dataflow.registry.core - ERROR - Error adding import log for agent_42b6c18d: {'message': 'Invalid API key', 'hint': 'Double check your Supabase `anon` or `service_role` API key.'}
2025-04-09 21:43:50,246 - src.haive.dataflow.registry.core - ERROR - Error registering entity agent_ce846c1d in database: {'message': 'Invalid API key', 'hint': 'Double check your Supabase `anon` or `service_role` API key.'}
2025-04-09 21:43:50,265 - src.haive.dataflow.registry.core - ERROR - Error getting entity 7f9a87e2-cdd2-4736-bf04-3d691f3ef9db from database: {'message': 'Invalid API key', 'hint': 'Double check your Supabase `anon` or `service_role` API key.'}
2025-04-09 21:43:50,282 - src.haive.dataflow.registry.core - ERROR - Error adding configuration to entity 7f9a87e2-cdd2-4736-bf04-3d691f3ef9db: {'message': 'Invalid API key', 'hint': 'Double check your Supabase `anon` or `service_role` API key.'}
2025-04-09 21:43:50,300 - src.haive.dataflow.registry.core - ERROR - Error getting entity 7f9a87e2-cdd2-4736-bf04-3d691f3ef9db from database: {'message': 'Invalid API key', 'hint': 'Double check your Supabase `anon` or `service_role` API key.'}
2025-04-09 21:43:50,324 - src.haive.dataflow.registry.core - ERROR - Error adding import log for agent_ce846c1d: {'message': 'Invalid API key', 'hint': 'Double check your Supabase `anon` or `service_role` API key.'}
2025-04-09 21:43:50,341 - src.haive.dataflow.registry.core - ERROR - Error registering entity agent_dd8ab948 in database: {'message': 'Invalid API key', 'hint': 'Double check your Supabase `anon` or `service_role` API key.'}
2025-04-09 21:43:50,360 - src.haive.dataflow.registry.core - ERROR - Error getting entity 7dab8f10-8cad-481c-b684-6b04a61cb797 from database: {'message': 'Invalid API key', 'hint': 'Double check your Supabase `anon` or `service_role` API key.'}
2025-04-09 21:43:50,378 - src.haive.dataflow.registry.core - ERROR - Error adding configuration to entity 7dab8f10-8cad-481c-b684-6b04a61cb797: {'message': 'Invalid API key', 'hint': 'Double check your Supabase `anon` or `service_role` API key.'}
2025-04-09 21:43:50,393 - src.haive.dataflow.registry.core - ERROR - Error getting entity 7dab8f10-8cad-481c-b684-6b04a61cb797 from database: {'message': 'Invalid API key', 'hint': 'Double check your Supabase `anon` or `service_role` API key.'}
2025-04-09 21:43:50,412 - src.haive.dataflow.registry.core - ERROR - Error adding import log for agent_dd8ab948: {'message': 'Invalid API key', 'hint': 'Double check your Supabase `anon` or `service_role` API key.'}
2025-04-09 21:43:50,445 - src.haive.dataflow.registry.core - ERROR - Error registering entity agent_e1cb1e16 in database: {'message': 'Invalid API key', 'hint': 'Double check your Supabase `anon` or `service_role` API key.'}
2025-04-09 21:43:50,469 - src.haive.dataflow.registry.core - ERROR - Error getting entity 1bba65c9-bb3d-4d47-9372-3c8c8a83d5b6 from database: {'message': 'Invalid API key', 'hint': 'Double check your Supabase `anon` or `service_role` API key.'}
2025-04-09 21:43:50,488 - src.haive.dataflow.registry.core - ERROR - Error adding import log for agent_e1cb1e16: {'message': 'Invalid API key', 'hint': 'Double check your Supabase `anon` or `service_role` API key.'}
2025-04-09 21:43:50,503 - src.haive.dataflow.registry.core - ERROR - Error registering entity agent_a7fe3cb0 in database: {'message': 'Invalid API key', 'hint': 'Double check your Supabase `anon` or `service_role` API key.'}
2025-04-09 21:43:50,520 - src.haive.dataflow.registry.core - ERROR - Error getting entity a1c207ac-ae6a-473a-9b12-9802f7ace04e from database: {'message': 'Invalid API key', 'hint': 'Double check your Supabase `anon` or `service_role` API key.'}
2025-04-09 21:43:50,536 - src.haive.dataflow.registry.core - ERROR - Error adding configuration to entity a1c207ac-ae6a-473a-9b12-9802f7ace04e: {'message': 'Invalid API key', 'hint': 'Double check your Supabase `anon` or `service_role` API key.'}
2025-04-09 21:43:50,553 - src.haive.dataflow.registry.core - ERROR - Error getting entity a1c207ac-ae6a-473a-9b12-9802f7ace04e from database: {'message': 'Invalid API key', 'hint': 'Double check your Supabase `anon` or `service_role` API key.'}
2025-04-09 21:43:50,569 - src.haive.dataflow.registry.core - ERROR - Error adding import log for agent_a7fe3cb0: {'message': 'Invalid API key', 'hint': 'Double check your Supabase `anon` or `service_role` API key.'}
2025-04-09 21:43:50,587 - src.haive.dataflow.registry.core - ERROR - Error registering entity agent_a4be5548 in database: {'message': 'Invalid API key', 'hint': 'Double check your Supabase `anon` or `service_role` API key.'}
2025-04-09 21:43:50,605 - src.haive.dataflow.registry.core - ERROR - Error getting entity ffbc63e6-b0e1-48ed-8f77-2ff3e076457f from database: {'message': 'Invalid API key', 'hint': 'Double check your Supabase `anon` or `service_role` API key.'}
2025-04-09 21:43:50,626 - src.haive.dataflow.registry.core - ERROR - Error adding import log for agent_a4be5548: {'message': 'Invalid API key', 'hint': 'Double check your Supabase `anon` or `service_role` API key.'}
2025-04-09 21:43:50,643 - src.haive.dataflow.registry.core - ERROR - Error registering entity agent_b5f44d73 in database: {'message': 'Invalid API key', 'hint': 'Double check your Supabase `anon` or `service_role` API key.'}
2025-04-09 21:43:50,662 - src.haive.dataflow.registry.core - ERROR - Error getting entity 3fe4b91a-d8be-4d23-af41-1d66b267cc46 from database: {'message': 'Invalid API key', 'hint': 'Double check your Supabase `anon` or `service_role` API key.'}
2025-04-09 21:43:50,687 - src.haive.dataflow.registry.core - ERROR - Error adding import log for agent_b5f44d73: {'message': 'Invalid API key', 'hint': 'Double check your Supabase `anon` or `service_role` API key.'}
2025-04-09 21:43:50,704 - src.haive.dataflow.registry.core - ERROR - Error registering entity agent_3e975804 in database: {'message': 'Invalid API key', 'hint': 'Double check your Supabase `anon` or `service_role` API key.'}
2025-04-09 21:43:50,719 - src.haive.dataflow.registry.core - ERROR - Error getting entity d6e9eb45-5cd6-49bc-b6cb-48a1081070f1 from database: {'message': 'Invalid API key', 'hint': 'Double check your Supabase `anon` or `service_role` API key.'}
2025-04-09 21:43:50,733 - src.haive.dataflow.registry.core - ERROR - Error adding configuration to entity d6e9eb45-5cd6-49bc-b6cb-48a1081070f1: {'message': 'Invalid API key', 'hint': 'Double check your Supabase `anon` or `service_role` API key.'}
2025-04-09 21:43:50,749 - src.haive.dataflow.registry.core - ERROR - Error getting entity d6e9eb45-5cd6-49bc-b6cb-48a1081070f1 from database: {'message': 'Invalid API key', 'hint': 'Double check your Supabase `anon` or `service_role` API key.'}
2025-04-09 21:43:50,769 - src.haive.dataflow.registry.core - ERROR - Error adding import log for agent_3e975804: {'message': 'Invalid API key', 'hint': 'Double check your Supabase `anon` or `service_role` API key.'}
2025-04-09 21:43:50,817 - src.haive.dataflow.registry.core - ERROR - Error registering entity agent_605a2d5e in database: {'message': 'Invalid API key', 'hint': 'Double check your Supabase `anon` or `service_role` API key.'}
2025-04-09 21:43:50,836 - src.haive.dataflow.registry.core - ERROR - Error getting entity 7a4165b3-c0fa-42af-b3e3-52fef7dea00f from database: {'message': 'Invalid API key', 'hint': 'Double check your Supabase `anon` or `service_role` API key.'}
2025-04-09 21:43:50,852 - src.haive.dataflow.registry.core - ERROR - Error adding import log for agent_605a2d5e: {'message': 'Invalid API key', 'hint': 'Double check your Supabase `anon` or `service_role` API key.'}
2025-04-09 21:43:50,869 - src.haive.dataflow.registry.core - ERROR - Error registering entity agent_5a0bb62f in database: {'message': 'Invalid API key', 'hint': 'Double check your Supabase `anon` or `service_role` API key.'}
2025-04-09 21:43:50,887 - src.haive.dataflow.registry.core - ERROR - Error getting entity 974f9763-d351-442f-ba23-5e490a8ba72b from database: {'message': 'Invalid API key', 'hint': 'Double check your Supabase `anon` or `service_role` API key.'}
2025-04-09 21:43:50,904 - src.haive.dataflow.registry.core - ERROR - Error adding configuration to entity 974f9763-d351-442f-ba23-5e490a8ba72b: {'message': 'Invalid API key', 'hint': 'Double check your Supabase `anon` or `service_role` API key.'}
2025-04-09 21:43:50,922 - src.haive.dataflow.registry.core - ERROR - Error getting entity 974f9763-d351-442f-ba23-5e490a8ba72b from database: {'message': 'Invalid API key', 'hint': 'Double check your Supabase `anon` or `service_role` API key.'}
2025-04-09 21:43:50,937 - src.haive.dataflow.registry.core - ERROR - Error adding import log for agent_5a0bb62f: {'message': 'Invalid API key', 'hint': 'Double check your Supabase `anon` or `service_role` API key.'}
2025-04-09 21:43:50,957 - src.haive.dataflow.registry.core - ERROR - Error registering entity agent_db9555bf in database: {'message': 'Invalid API key', 'hint': 'Double check your Supabase `anon` or `service_role` API key.'}
2025-04-09 21:43:50,975 - src.haive.dataflow.registry.core - ERROR - Error getting entity 6e89468c-a04b-457a-ab2d-26a2174ca42b from database: {'message': 'Invalid API key', 'hint': 'Double check your Supabase `anon` or `service_role` API key.'}
2025-04-09 21:43:50,990 - src.haive.dataflow.registry.core - ERROR - Error adding import log for agent_db9555bf: {'message': 'Invalid API key', 'hint': 'Double check your Supabase `anon` or `service_role` API key.'}
2025-04-09 21:43:51,006 - src.haive.dataflow.registry.core - ERROR - Error registering entity agent_8bddcbb3 in database: {'message': 'Invalid API key', 'hint': 'Double check your Supabase `anon` or `service_role` API key.'}
2025-04-09 21:43:51,025 - src.haive.dataflow.registry.core - ERROR - Error getting entity f1516614-73e5-436f-a498-1b8933bb5436 from database: {'message': 'Invalid API key', 'hint': 'Double check your Supabase `anon` or `service_role` API key.'}
2025-04-09 21:43:51,041 - src.haive.dataflow.registry.core - ERROR - Error adding configuration to entity f1516614-73e5-436f-a498-1b8933bb5436: {'message': 'Invalid API key', 'hint': 'Double check your Supabase `anon` or `service_role` API key.'}
2025-04-09 21:43:51,055 - src.haive.dataflow.registry.core - ERROR - Error getting entity f1516614-73e5-436f-a498-1b8933bb5436 from database: {'message': 'Invalid API key', 'hint': 'Double check your Supabase `anon` or `service_role` API key.'}
2025-04-09 21:43:51,070 - src.haive.dataflow.registry.core - ERROR - Error adding import log for agent_8bddcbb3: {'message': 'Invalid API key', 'hint': 'Double check your Supabase `anon` or `service_role` API key.'}
2025-04-09 21:43:51,102 - src.haive.dataflow.registry.core - ERROR - Error registering entity agent_d2e074dd in database: {'message': 'Invalid API key', 'hint': 'Double check your Supabase `anon` or `service_role` API key.'}
2025-04-09 21:43:51,123 - src.haive.dataflow.registry.core - ERROR - Error getting entity 18463a6f-e063-40ef-8bc9-4d9ddba0e907 from database: {'message': 'Invalid API key', 'hint': 'Double check your Supabase `anon` or `service_role` API key.'}
2025-04-09 21:43:51,154 - src.haive.dataflow.registry.core - ERROR - Error adding configuration to entity 18463a6f-e063-40ef-8bc9-4d9ddba0e907: {'message': 'Invalid API key', 'hint': 'Double check your Supabase `anon` or `service_role` API key.'}
2025-04-09 21:43:51,170 - src.haive.dataflow.registry.core - ERROR - Error getting entity 18463a6f-e063-40ef-8bc9-4d9ddba0e907 from database: {'message': 'Invalid API key', 'hint': 'Double check your Supabase `anon` or `service_role` API key.'}
2025-04-09 21:43:51,188 - src.haive.dataflow.registry.core - ERROR - Error adding import log for agent_d2e074dd: {'message': 'Invalid API key', 'hint': 'Double check your Supabase `anon` or `service_role` API key.'}
2025-04-09 21:43:51,241 - src.haive.dataflow.registry.core - ERROR - Error registering entity agent_da846d38 in database: {'message': 'Invalid API key', 'hint': 'Double check your Supabase `anon` or `service_role` API key.'}
2025-04-09 21:43:51,256 - src.haive.dataflow.registry.core - ERROR - Error getting entity 1b272e19-0dbf-49d6-97f1-5d858fab5a19 from database: {'message': 'Invalid API key', 'hint': 'Double check your Supabase `anon` or `service_role` API key.'}
2025-04-09 21:43:51,275 - src.haive.dataflow.registry.core - ERROR - Error adding configuration to entity 1b272e19-0dbf-49d6-97f1-5d858fab5a19: {'message': 'Invalid API key', 'hint': 'Double check your Supabase `anon` or `service_role` API key.'}
2025-04-09 21:43:51,298 - src.haive.dataflow.registry.core - ERROR - Error getting entity 1b272e19-0dbf-49d6-97f1-5d858fab5a19 from database: {'message': 'Invalid API key', 'hint': 'Double check your Supabase `anon` or `service_role` API key.'}
2025-04-09 21:43:51,325 - src.haive.dataflow.registry.core - ERROR - Error adding import log for agent_da846d38: {'message': 'Invalid API key', 'hint': 'Double check your Supabase `anon` or `service_role` API key.'}
2025-04-09 21:43:51,343 - src.haive.dataflow.registry.core - ERROR - Error registering entity agent_83789932 in database: {'message': 'Invalid API key', 'hint': 'Double check your Supabase `anon` or `service_role` API key.'}
2025-04-09 21:43:51,358 - src.haive.dataflow.registry.core - ERROR - Error getting entity 3d772d27-5f35-44bb-bfc2-91262f2e5417 from database: {'message': 'Invalid API key', 'hint': 'Double check your Supabase `anon` or `service_role` API key.'}
2025-04-09 21:43:51,378 - src.haive.dataflow.registry.core - ERROR - Error adding import log for agent_83789932: {'message': 'Invalid API key', 'hint': 'Double check your Supabase `anon` or `service_role` API key.'}
2025-04-09 21:43:51,395 - src.haive.dataflow.registry.core - ERROR - Error registering entity agent_3b7b2c48 in database: {'message': 'Invalid API key', 'hint': 'Double check your Supabase `anon` or `service_role` API key.'}
2025-04-09 21:43:51,413 - src.haive.dataflow.registry.core - ERROR - Error getting entity f41f6023-55ed-406d-a69d-99b3119f75d3 from database: {'message': 'Invalid API key', 'hint': 'Double check your Supabase `anon` or `service_role` API key.'}
2025-04-09 21:43:51,429 - src.haive.dataflow.registry.core - ERROR - Error adding configuration to entity f41f6023-55ed-406d-a69d-99b3119f75d3: {'message': 'Invalid API key', 'hint': 'Double check your Supabase `anon` or `service_role` API key.'}
2025-04-09 21:43:51,447 - src.haive.dataflow.registry.core - ERROR - Error getting entity f41f6023-55ed-406d-a69d-99b3119f75d3 from database: {'message': 'Invalid API key', 'hint': 'Double check your Supabase `anon` or `service_role` API key.'}
2025-04-09 21:43:51,464 - src.haive.dataflow.registry.core - ERROR - Error adding import log for agent_3b7b2c48: {'message': 'Invalid API key', 'hint': 'Double check your Supabase `anon` or `service_role` API key.'}
2025-04-09 21:43:51,481 - src.haive.dataflow.registry.core - ERROR - Error registering entity agent_0600ae65 in database: {'message': 'Invalid API key', 'hint': 'Double check your Supabase `anon` or `service_role` API key.'}
2025-04-09 21:43:51,497 - src.haive.dataflow.registry.core - ERROR - Error getting entity 0d7ec0c1-283f-4a87-b4cb-72d9e389e0fc from database: {'message': 'Invalid API key', 'hint': 'Double check your Supabase `anon` or `service_role` API key.'}
2025-04-09 21:43:51,515 - src.haive.dataflow.registry.core - ERROR - Error adding import log for agent_0600ae65: {'message': 'Invalid API key', 'hint': 'Double check your Supabase `anon` or `service_role` API key.'}
2025-04-09 21:43:51,532 - src.haive.dataflow.registry.core - ERROR - Error registering entity agent_a37453ae in database: {'message': 'Invalid API key', 'hint': 'Double check your Supabase `anon` or `service_role` API key.'}
2025-04-09 21:43:51,548 - src.haive.dataflow.registry.core - ERROR - Error getting entity f407fdf5-c2b6-408e-85c4-7fddb0f85ac4 from database: {'message': 'Invalid API key', 'hint': 'Double check your Supabase `anon` or `service_role` API key.'}
2025-04-09 21:43:51,565 - src.haive.dataflow.registry.core - ERROR - Error adding import log for agent_a37453ae: {'message': 'Invalid API key', 'hint': 'Double check your Supabase `anon` or `service_role` API key.'}
2025-04-09 21:43:51,585 - src.haive.dataflow.registry.core - ERROR - Error registering entity agent_e1b6cf4e in database: {'message': 'Invalid API key', 'hint': 'Double check your Supabase `anon` or `service_role` API key.'}
2025-04-09 21:43:51,601 - src.haive.dataflow.registry.core - ERROR - Error getting entity 2f410a08-1e8c-49da-a977-9d380aa1e2bc from database: {'message': 'Invalid API key', 'hint': 'Double check your Supabase `anon` or `service_role` API key.'}
2025-04-09 21:43:51,618 - src.haive.dataflow.registry.core - ERROR - Error adding import log for agent_e1b6cf4e: {'message': 'Invalid API key', 'hint': 'Double check your Supabase `anon` or `service_role` API key.'}
2025-04-09 21:43:51,634 - src.haive.dataflow.registry.core - ERROR - Error registering entity agent_7ebd0467 in database: {'message': 'Invalid API key', 'hint': 'Double check your Supabase `anon` or `service_role` API key.'}
2025-04-09 21:43:51,648 - src.haive.dataflow.registry.core - ERROR - Error getting entity 63dbf130-f2e1-4686-8eb5-850a2a4fa7dd from database: {'message': 'Invalid API key', 'hint': 'Double check your Supabase `anon` or `service_role` API key.'}
2025-04-09 21:43:51,663 - src.haive.dataflow.registry.core - ERROR - Error adding import log for agent_7ebd0467: {'message': 'Invalid API key', 'hint': 'Double check your Supabase `anon` or `service_role` API key.'}
2025-04-09 21:43:51,678 - src.haive.dataflow.registry.core - ERROR - Error registering entity agent_b5b1a5de in database: {'message': 'Invalid API key', 'hint': 'Double check your Supabase `anon` or `service_role` API key.'}
2025-04-09 21:43:51,697 - src.haive.dataflow.registry.core - ERROR - Error getting entity 9b826e2f-eae6-4bc4-9e3f-6555ed7e20d5 from database: {'message': 'Invalid API key', 'hint': 'Double check your Supabase `anon` or `service_role` API key.'}
2025-04-09 21:43:51,713 - src.haive.dataflow.registry.core - ERROR - Error adding import log for agent_b5b1a5de: {'message': 'Invalid API key', 'hint': 'Double check your Supabase `anon` or `service_role` API key.'}
2025-04-09 21:43:51,743 - src.haive.dataflow.registry.core - ERROR - Error registering entity agent_b7fc0e7b in database: {'message': 'Invalid API key', 'hint': 'Double check your Supabase `anon` or `service_role` API key.'}
2025-04-09 21:43:51,762 - src.haive.dataflow.registry.core - ERROR - Error getting entity 63fc7a1c-75f3-4178-9290-16142e7b2897 from database: {'message': 'Invalid API key', 'hint': 'Double check your Supabase `anon` or `service_role` API key.'}
2025-04-09 21:43:51,778 - src.haive.dataflow.registry.core - ERROR - Error adding import log for agent_b7fc0e7b: {'message': 'Invalid API key', 'hint': 'Double check your Supabase `anon` or `service_role` API key.'}
2025-04-09 21:43:51,793 - src.haive.dataflow.registry.core - ERROR - Error registering entity TaxonomyAgent in database: {'message': 'Invalid API key', 'hint': 'Double check your Supabase `anon` or `service_role` API key.'}
2025-04-09 21:43:51,812 - src.haive.dataflow.registry.core - ERROR - Error getting entity c23ff4ab-54b2-4481-9cac-2363c798496a from database: {'message': 'Invalid API key', 'hint': 'Double check your Supabase `anon` or `service_role` API key.'}
2025-04-09 21:43:51,827 - src.haive.dataflow.registry.core - ERROR - Error adding configuration to entity c23ff4ab-54b2-4481-9cac-2363c798496a: {'message': 'Invalid API key', 'hint': 'Double check your Supabase `anon` or `service_role` API key.'}
2025-04-09 21:43:51,841 - src.haive.dataflow.registry.core - ERROR - Error getting entity c23ff4ab-54b2-4481-9cac-2363c798496a from database: {'message': 'Invalid API key', 'hint': 'Double check your Supabase `anon` or `service_role` API key.'}
2025-04-09 21:43:51,867 - src.haive.dataflow.registry.core - ERROR - Error adding import log for TaxonomyAgent: {'message': 'Invalid API key', 'hint': 'Double check your Supabase `anon` or `service_role` API key.'}
2025-04-09 21:44:19,636 - src.haive.dataflow.registry.core - ERROR - Error registering entity TaxonomyAgent in database: {'message': 'Invalid API key', 'hint': 'Double check your Supabase `anon` or `service_role` API key.'}
2025-04-09 21:44:19,653 - src.haive.dataflow.registry.core - ERROR - Error getting entity 47c9574d-745c-43e1-8c08-ebff9d9afcbf from database: {'message': 'Invalid API key', 'hint': 'Double check your Supabase `anon` or `service_role` API key.'}
2025-04-09 21:44:19,671 - src.haive.dataflow.registry.core - ERROR - Error adding configuration to entity 47c9574d-745c-43e1-8c08-ebff9d9afcbf: {'message': 'Invalid API key', 'hint': 'Double check your Supabase `anon` or `service_role` API key.'}
2025-04-09 21:44:19,688 - src.haive.dataflow.registry.core - ERROR - Error getting entity 47c9574d-745c-43e1-8c08-ebff9d9afcbf from database: {'message': 'Invalid API key', 'hint': 'Double check your Supabase `anon` or `service_role` API key.'}
2025-04-09 21:44:19,708 - src.haive.dataflow.registry.core - ERROR - Error adding import log for TaxonomyAgent: {'message': 'Invalid API key', 'hint': 'Double check your Supabase `anon` or `service_role` API key.'}
2025-04-09 21:44:19,742 - src.haive.dataflow.registry.core - ERROR - Error registering entity agent_75f276c2 in database: {'message': 'Invalid API key', 'hint': 'Double check your Supabase `anon` or `service_role` API key.'}
2025-04-09 21:44:19,758 - src.haive.dataflow.registry.core - ERROR - Error getting entity 43397934-99a8-48d0-9dc7-765727ba848b from database: {'message': 'Invalid API key', 'hint': 'Double check your Supabase `anon` or `service_role` API key.'}
2025-04-09 21:44:19,775 - src.haive.dataflow.registry.core - ERROR - Error adding import log for agent_75f276c2: {'message': 'Invalid API key', 'hint': 'Double check your Supabase `anon` or `service_role` API key.'}
2025-04-09 21:44:19,816 - src.haive.dataflow.registry.core - ERROR - Error registering entity agent_9d6712cd in database: {'message': 'Invalid API key', 'hint': 'Double check your Supabase `anon` or `service_role` API key.'}
2025-04-09 21:44:19,834 - src.haive.dataflow.registry.core - ERROR - Error getting entity 86ff4209-58e4-475c-83a3-9f4ceb8d3be8 from database: {'message': 'Invalid API key', 'hint': 'Double check your Supabase `anon` or `service_role` API key.'}
2025-04-09 21:44:19,852 - src.haive.dataflow.registry.core - ERROR - Error adding configuration to entity 86ff4209-58e4-475c-83a3-9f4ceb8d3be8: {'message': 'Invalid API key', 'hint': 'Double check your Supabase `anon` or `service_role` API key.'}
2025-04-09 21:44:19,871 - src.haive.dataflow.registry.core - ERROR - Error getting entity 86ff4209-58e4-475c-83a3-9f4ceb8d3be8 from database: {'message': 'Invalid API key', 'hint': 'Double check your Supabase `anon` or `service_role` API key.'}
2025-04-09 21:44:19,887 - src.haive.dataflow.registry.core - ERROR - Error adding import log for agent_9d6712cd: {'message': 'Invalid API key', 'hint': 'Double check your Supabase `anon` or `service_role` API key.'}
2025-04-09 21:44:19,917 - src.haive.dataflow.registry.core - ERROR - Error registering entity agent_6e5bddc2 in database: {'message': 'Invalid API key', 'hint': 'Double check your Supabase `anon` or `service_role` API key.'}
2025-04-09 21:44:19,936 - src.haive.dataflow.registry.core - ERROR - Error getting entity ab923335-15ba-44d7-a0e3-7a2ef1640ee1 from database: {'message': 'Invalid API key', 'hint': 'Double check your Supabase `anon` or `service_role` API key.'}
2025-04-09 21:44:19,960 - src.haive.dataflow.registry.core - ERROR - Error adding configuration to entity ab923335-15ba-44d7-a0e3-7a2ef1640ee1: {'message': 'Invalid API key', 'hint': 'Double check your Supabase `anon` or `service_role` API key.'}
2025-04-09 21:44:19,978 - src.haive.dataflow.registry.core - ERROR - Error getting entity ab923335-15ba-44d7-a0e3-7a2ef1640ee1 from database: {'message': 'Invalid API key', 'hint': 'Double check your Supabase `anon` or `service_role` API key.'}
2025-04-09 21:44:19,993 - src.haive.dataflow.registry.core - ERROR - Error adding import log for agent_6e5bddc2: {'message': 'Invalid API key', 'hint': 'Double check your Supabase `anon` or `service_role` API key.'}
2025-04-09 21:44:20,009 - src.haive.dataflow.registry.core - ERROR - Error registering entity agent_1001392b in database: {'message': 'Invalid API key', 'hint': 'Double check your Supabase `anon` or `service_role` API key.'}
2025-04-09 21:44:20,026 - src.haive.dataflow.registry.core - ERROR - Error getting entity 4933172f-de85-46ac-b6c7-54006f59f38a from database: {'message': 'Invalid API key', 'hint': 'Double check your Supabase `anon` or `service_role` API key.'}
2025-04-09 21:44:20,042 - src.haive.dataflow.registry.core - ERROR - Error adding import log for agent_1001392b: {'message': 'Invalid API key', 'hint': 'Double check your Supabase `anon` or `service_role` API key.'}
2025-04-09 21:44:20,060 - src.haive.dataflow.registry.core - ERROR - Error registering entity agent_8c273829 in database: {'message': 'Invalid API key', 'hint': 'Double check your Supabase `anon` or `service_role` API key.'}
2025-04-09 21:44:20,080 - src.haive.dataflow.registry.core - ERROR - Error getting entity 17c5a67c-9ac0-48ea-9d41-536e554be681 from database: {'message': 'Invalid API key', 'hint': 'Double check your Supabase `anon` or `service_role` API key.'}
2025-04-09 21:44:20,096 - src.haive.dataflow.registry.core - ERROR - Error adding configuration to entity 17c5a67c-9ac0-48ea-9d41-536e554be681: {'message': 'Invalid API key', 'hint': 'Double check your Supabase `anon` or `service_role` API key.'}
2025-04-09 21:44:20,114 - src.haive.dataflow.registry.core - ERROR - Error getting entity 17c5a67c-9ac0-48ea-9d41-536e554be681 from database: {'message': 'Invalid API key', 'hint': 'Double check your Supabase `anon` or `service_role` API key.'}
2025-04-09 21:44:20,132 - src.haive.dataflow.registry.core - ERROR - Error adding import log for agent_8c273829: {'message': 'Invalid API key', 'hint': 'Double check your Supabase `anon` or `service_role` API key.'}
2025-04-09 21:44:20,153 - src.haive.dataflow.registry.core - ERROR - Error registering entity agent_672a893e in database: {'message': 'Invalid API key', 'hint': 'Double check your Supabase `anon` or `service_role` API key.'}
2025-04-09 21:44:20,170 - src.haive.dataflow.registry.core - ERROR - Error getting entity be8bb6c0-5b49-43c5-84e9-d109ed2f1820 from database: {'message': 'Invalid API key', 'hint': 'Double check your Supabase `anon` or `service_role` API key.'}
2025-04-09 21:44:20,187 - src.haive.dataflow.registry.core - ERROR - Error adding configuration to entity be8bb6c0-5b49-43c5-84e9-d109ed2f1820: {'message': 'Invalid API key', 'hint': 'Double check your Supabase `anon` or `service_role` API key.'}
2025-04-09 21:44:20,205 - src.haive.dataflow.registry.core - ERROR - Error getting entity be8bb6c0-5b49-43c5-84e9-d109ed2f1820 from database: {'message': 'Invalid API key', 'hint': 'Double check your Supabase `anon` or `service_role` API key.'}
2025-04-09 21:44:20,221 - src.haive.dataflow.registry.core - ERROR - Error adding import log for agent_672a893e: {'message': 'Invalid API key', 'hint': 'Double check your Supabase `anon` or `service_role` API key.'}
2025-04-09 21:44:20,239 - src.haive.dataflow.registry.core - ERROR - Error registering entity agent_6d5939ca in database: {'message': 'Invalid API key', 'hint': 'Double check your Supabase `anon` or `service_role` API key.'}
2025-04-09 21:44:20,257 - src.haive.dataflow.registry.core - ERROR - Error getting entity c0aa3264-35e4-44af-a854-c69eb2c099f2 from database: {'message': 'Invalid API key', 'hint': 'Double check your Supabase `anon` or `service_role` API key.'}
2025-04-09 21:44:20,276 - src.haive.dataflow.registry.core - ERROR - Error adding configuration to entity c0aa3264-35e4-44af-a854-c69eb2c099f2: {'message': 'Invalid API key', 'hint': 'Double check your Supabase `anon` or `service_role` API key.'}
2025-04-09 21:44:20,299 - src.haive.dataflow.registry.core - ERROR - Error getting entity c0aa3264-35e4-44af-a854-c69eb2c099f2 from database: {'message': 'Invalid API key', 'hint': 'Double check your Supabase `anon` or `service_role` API key.'}
2025-04-09 21:44:20,317 - src.haive.dataflow.registry.core - ERROR - Error adding import log for agent_6d5939ca: {'message': 'Invalid API key', 'hint': 'Double check your Supabase `anon` or `service_role` API key.'}
2025-04-09 21:44:20,340 - src.haive.dataflow.registry.core - ERROR - Error registering entity agent_e0b51a0b in database: {'message': 'Invalid API key', 'hint': 'Double check your Supabase `anon` or `service_role` API key.'}
2025-04-09 21:44:20,359 - src.haive.dataflow.registry.core - ERROR - Error getting entity 10bc6a3d-46a5-46de-9b4b-0fbb44afbed4 from database: {'message': 'Invalid API key', 'hint': 'Double check your Supabase `anon` or `service_role` API key.'}
2025-04-09 21:44:20,376 - src.haive.dataflow.registry.core - ERROR - Error adding configuration to entity 10bc6a3d-46a5-46de-9b4b-0fbb44afbed4: {'message': 'Invalid API key', 'hint': 'Double check your Supabase `anon` or `service_role` API key.'}
2025-04-09 21:44:20,394 - src.haive.dataflow.registry.core - ERROR - Error getting entity 10bc6a3d-46a5-46de-9b4b-0fbb44afbed4 from database: {'message': 'Invalid API key', 'hint': 'Double check your Supabase `anon` or `service_role` API key.'}
2025-04-09 21:44:20,416 - src.haive.dataflow.registry.core - ERROR - Error adding import log for agent_e0b51a0b: {'message': 'Invalid API key', 'hint': 'Double check your Supabase `anon` or `service_role` API key.'}
2025-04-09 21:44:20,440 - src.haive.dataflow.registry.core - ERROR - Error registering entity agent_b5ad5645 in database: {'message': 'Invalid API key', 'hint': 'Double check your Supabase `anon` or `service_role` API key.'}
2025-04-09 21:44:20,461 - src.haive.dataflow.registry.core - ERROR - Error getting entity 8c22c4f6-85bc-4242-8e1e-16444ee638b2 from database: {'message': 'Invalid API key', 'hint': 'Double check your Supabase `anon` or `service_role` API key.'}
2025-04-09 21:44:20,482 - src.haive.dataflow.registry.core - ERROR - Error adding import log for agent_b5ad5645: {'message': 'Invalid API key', 'hint': 'Double check your Supabase `anon` or `service_role` API key.'}
2025-04-09 21:44:20,715 - src.haive.dataflow.registry.core - ERROR - Error listing entities from database: {'message': 'Invalid API key', 'hint': 'Double check your Supabase `anon` or `service_role` API key.'}
2025-04-09 21:44:20,731 - src.haive.dataflow.registry.core - ERROR - Error getting dependencies for entity 7ec5ce1a-4758-4940-9629-805e002a3455 from database: {'message': 'Invalid API key', 'hint': 'Double check your Supabase `anon` or `service_role` API key.'}
2025-04-09 21:44:20,748 - src.haive.dataflow.registry.core - ERROR - Error getting configurations for entity 7ec5ce1a-4758-4940-9629-805e002a3455 from database: {'message': 'Invalid API key', 'hint': 'Double check your Supabase `anon` or `service_role` API key.'}
2025-04-09 21:44:20,765 - src.haive.dataflow.registry.core - ERROR - Error getting dependencies for entity e3b6947f-4ae9-4eb5-a722-bfa7b57d4608 from database: {'message': 'Invalid API key', 'hint': 'Double check your Supabase `anon` or `service_role` API key.'}
2025-04-09 21:44:20,781 - src.haive.dataflow.registry.core - ERROR - Error getting configurations for entity e3b6947f-4ae9-4eb5-a722-bfa7b57d4608 from database: {'message': 'Invalid API key', 'hint': 'Double check your Supabase `anon` or `service_role` API key.'}
2025-04-09 21:44:20,800 - src.haive.dataflow.registry.core - ERROR - Error getting dependencies for entity 21558d27-bb99-464e-8887-9c6e5cae96df from database: {'message': 'Invalid API key', 'hint': 'Double check your Supabase `anon` or `service_role` API key.'}
2025-04-09 21:44:20,818 - src.haive.dataflow.registry.core - ERROR - Error getting configurations for entity 21558d27-bb99-464e-8887-9c6e5cae96df from database: {'message': 'Invalid API key', 'hint': 'Double check your Supabase `anon` or `service_role` API key.'}
2025-04-09 21:44:20,835 - src.haive.dataflow.registry.core - ERROR - Error getting dependencies for entity 1814aa80-0852-416c-8d9e-5a9b10451b21 from database: {'message': 'Invalid API key', 'hint': 'Double check your Supabase `anon` or `service_role` API key.'}
2025-04-09 21:44:20,851 - src.haive.dataflow.registry.core - ERROR - Error getting configurations for entity 1814aa80-0852-416c-8d9e-5a9b10451b21 from database: {'message': 'Invalid API key', 'hint': 'Double check your Supabase `anon` or `service_role` API key.'}
2025-04-09 21:44:20,875 - src.haive.dataflow.registry.core - ERROR - Error getting dependencies for entity 4e1d7e90-9f31-4b89-95b8-2b0b4f7fd964 from database: {'message': 'Invalid API key', 'hint': 'Double check your Supabase `anon` or `service_role` API key.'}
2025-04-09 21:44:20,895 - src.haive.dataflow.registry.core - ERROR - Error getting configurations for entity 4e1d7e90-9f31-4b89-95b8-2b0b4f7fd964 from database: {'message': 'Invalid API key', 'hint': 'Double check your Supabase `anon` or `service_role` API key.'}
2025-04-09 21:44:20,917 - src.haive.dataflow.registry.core - ERROR - Error getting dependencies for entity 8460c1ab-d0fa-49aa-b1c6-aa8409814996 from database: {'message': 'Invalid API key', 'hint': 'Double check your Supabase `anon` or `service_role` API key.'}
2025-04-09 21:44:20,932 - src.haive.dataflow.registry.core - ERROR - Error getting configurations for entity 8460c1ab-d0fa-49aa-b1c6-aa8409814996 from database: {'message': 'Invalid API key', 'hint': 'Double check your Supabase `anon` or `service_role` API key.'}
2025-04-09 21:44:20,949 - src.haive.dataflow.registry.core - ERROR - Error getting dependencies for entity 447a4e14-1fa7-4d9b-9fa1-007fd6e21776 from database: {'message': 'Invalid API key', 'hint': 'Double check your Supabase `anon` or `service_role` API key.'}
2025-04-09 21:44:20,967 - src.haive.dataflow.registry.core - ERROR - Error getting configurations for entity 447a4e14-1fa7-4d9b-9fa1-007fd6e21776 from database: {'message': 'Invalid API key', 'hint': 'Double check your Supabase `anon` or `service_role` API key.'}
2025-04-09 21:44:20,983 - src.haive.dataflow.registry.core - ERROR - Error getting dependencies for entity fa49eb27-0b05-4fff-8489-df93a7a8b131 from database: {'message': 'Invalid API key', 'hint': 'Double check your Supabase `anon` or `service_role` API key.'}
2025-04-09 21:44:20,997 - src.haive.dataflow.registry.core - ERROR - Error getting configurations for entity fa49eb27-0b05-4fff-8489-df93a7a8b131 from database: {'message': 'Invalid API key', 'hint': 'Double check your Supabase `anon` or `service_role` API key.'}
2025-04-09 21:44:21,012 - src.haive.dataflow.registry.core - ERROR - Error getting dependencies for entity ab7e6448-ba78-4782-a076-8aa66dd8724b from database: {'message': 'Invalid API key', 'hint': 'Double check your Supabase `anon` or `service_role` API key.'}
2025-04-09 21:44:21,029 - src.haive.dataflow.registry.core - ERROR - Error getting configurations for entity ab7e6448-ba78-4782-a076-8aa66dd8724b from database: {'message': 'Invalid API key', 'hint': 'Double check your Supabase `anon` or `service_role` API key.'}
2025-04-09 21:44:21,045 - src.haive.dataflow.registry.core - ERROR - Error getting dependencies for entity c32a45b9-c026-4030-a017-439c229f7ac4 from database: {'message': 'Invalid API key', 'hint': 'Double check your Supabase `anon` or `service_role` API key.'}
2025-04-09 21:44:21,064 - src.haive.dataflow.registry.core - ERROR - Error getting entity cf0221f0-5f17-4057-994d-008ef69d4da5 from database: {'message': 'Invalid API key', 'hint': 'Double check your Supabase `anon` or `service_role` API key.'}
2025-04-09 21:44:21,081 - src.haive.dataflow.registry.core - ERROR - Error getting configurations for entity c32a45b9-c026-4030-a017-439c229f7ac4 from database: {'message': 'Invalid API key', 'hint': 'Double check your Supabase `anon` or `service_role` API key.'}
2025-04-09 21:44:21,097 - src.haive.dataflow.registry.core - ERROR - Error getting dependencies for entity 3bdbc2df-cfe3-4a7d-92bd-81c6195cc407 from database: {'message': 'Invalid API key', 'hint': 'Double check your Supabase `anon` or `service_role` API key.'}
2025-04-09 21:44:21,118 - src.haive.dataflow.registry.core - ERROR - Error getting configurations for entity 3bdbc2df-cfe3-4a7d-92bd-81c6195cc407 from database: {'message': 'Invalid API key', 'hint': 'Double check your Supabase `anon` or `service_role` API key.'}
2025-04-09 21:44:21,133 - src.haive.dataflow.registry.core - ERROR - Error getting dependencies for entity de274da2-ccd1-44cb-ad0d-2cf1e9680fc8 from database: {'message': 'Invalid API key', 'hint': 'Double check your Supabase `anon` or `service_role` API key.'}
2025-04-09 21:44:21,147 - src.haive.dataflow.registry.core - ERROR - Error getting entity 0344c12b-1bc5-42f5-960e-2ce64a1ea143 from database: {'message': 'Invalid API key', 'hint': 'Double check your Supabase `anon` or `service_role` API key.'}
2025-04-09 21:44:21,162 - src.haive.dataflow.registry.core - ERROR - Error getting configurations for entity de274da2-ccd1-44cb-ad0d-2cf1e9680fc8 from database: {'message': 'Invalid API key', 'hint': 'Double check your Supabase `anon` or `service_role` API key.'}
2025-04-09 21:44:21,176 - src.haive.dataflow.registry.core - ERROR - Error getting dependencies for entity 75b31135-5cd0-41ce-a2be-f82767abb9e8 from database: {'message': 'Invalid API key', 'hint': 'Double check your Supabase `anon` or `service_role` API key.'}
2025-04-09 21:44:21,197 - src.haive.dataflow.registry.core - ERROR - Error getting configurations for entity 75b31135-5cd0-41ce-a2be-f82767abb9e8 from database: {'message': 'Invalid API key', 'hint': 'Double check your Supabase `anon` or `service_role` API key.'}
2025-04-09 21:44:21,215 - src.haive.dataflow.registry.core - ERROR - Error getting dependencies for entity 22da3d22-0707-4ced-b860-69fe099d6588 from database: {'message': 'Invalid API key', 'hint': 'Double check your Supabase `anon` or `service_role` API key.'}
2025-04-09 21:44:21,233 - src.haive.dataflow.registry.core - ERROR - Error getting configurations for entity 22da3d22-0707-4ced-b860-69fe099d6588 from database: {'message': 'Invalid API key', 'hint': 'Double check your Supabase `anon` or `service_role` API key.'}
2025-04-09 21:44:21,256 - src.haive.dataflow.registry.core - ERROR - Error getting dependencies for entity 7483bc62-7c6a-4e0b-876f-8cfa9f8ed88a from database: {'message': 'Invalid API key', 'hint': 'Double check your Supabase `anon` or `service_role` API key.'}
2025-04-09 21:44:21,272 - src.haive.dataflow.registry.core - ERROR - Error getting configurations for entity 7483bc62-7c6a-4e0b-876f-8cfa9f8ed88a from database: {'message': 'Invalid API key', 'hint': 'Double check your Supabase `anon` or `service_role` API key.'}
2025-04-09 21:44:21,293 - src.haive.dataflow.registry.core - ERROR - Error getting dependencies for entity 7c880988-f1a2-47ec-a5cb-4de9182b0b4a from database: {'message': 'Invalid API key', 'hint': 'Double check your Supabase `anon` or `service_role` API key.'}
2025-04-09 21:44:21,308 - src.haive.dataflow.registry.core - ERROR - Error getting configurations for entity 7c880988-f1a2-47ec-a5cb-4de9182b0b4a from database: {'message': 'Invalid API key', 'hint': 'Double check your Supabase `anon` or `service_role` API key.'}
2025-04-09 21:44:21,327 - src.haive.dataflow.registry.core - ERROR - Error getting dependencies for entity af97903c-50dc-4204-87c7-b385e429259d from database: {'message': 'Invalid API key', 'hint': 'Double check your Supabase `anon` or `service_role` API key.'}
2025-04-09 21:44:21,348 - src.haive.dataflow.registry.core - ERROR - Error getting configurations for entity af97903c-50dc-4204-87c7-b385e429259d from database: {'message': 'Invalid API key', 'hint': 'Double check your Supabase `anon` or `service_role` API key.'}
2025-04-09 21:44:21,366 - src.haive.dataflow.registry.core - ERROR - Error getting dependencies for entity 89fc6858-3cbc-40e0-b280-c229ddc63b68 from database: {'message': 'Invalid API key', 'hint': 'Double check your Supabase `anon` or `service_role` API key.'}
2025-04-09 21:44:21,382 - src.haive.dataflow.registry.core - ERROR - Error getting configurations for entity 89fc6858-3cbc-40e0-b280-c229ddc63b68 from database: {'message': 'Invalid API key', 'hint': 'Double check your Supabase `anon` or `service_role` API key.'}
2025-04-09 21:44:21,402 - src.haive.dataflow.registry.core - ERROR - Error getting dependencies for entity 2aa7cd48-3974-40e7-bc89-59c241474bd8 from database: {'message': 'Invalid API key', 'hint': 'Double check your Supabase `anon` or `service_role` API key.'}
2025-04-09 21:44:21,418 - src.haive.dataflow.registry.core - ERROR - Error getting configurations for entity 2aa7cd48-3974-40e7-bc89-59c241474bd8 from database: {'message': 'Invalid API key', 'hint': 'Double check your Supabase `anon` or `service_role` API key.'}
2025-04-09 21:44:21,434 - src.haive.dataflow.registry.core - ERROR - Error getting dependencies for entity 85628b7a-3a2a-48eb-9d4e-e221229eea3c from database: {'message': 'Invalid API key', 'hint': 'Double check your Supabase `anon` or `service_role` API key.'}
2025-04-09 21:44:21,456 - src.haive.dataflow.registry.core - ERROR - Error getting configurations for entity 85628b7a-3a2a-48eb-9d4e-e221229eea3c from database: {'message': 'Invalid API key', 'hint': 'Double check your Supabase `anon` or `service_role` API key.'}
2025-04-09 21:44:21,477 - src.haive.dataflow.registry.core - ERROR - Error getting dependencies for entity c2495775-6016-4b9d-86a3-9ec5ea32f6d2 from database: {'message': 'Invalid API key', 'hint': 'Double check your Supabase `anon` or `service_role` API key.'}
2025-04-09 21:44:21,494 - src.haive.dataflow.registry.core - ERROR - Error getting configurations for entity c2495775-6016-4b9d-86a3-9ec5ea32f6d2 from database: {'message': 'Invalid API key', 'hint': 'Double check your Supabase `anon` or `service_role` API key.'}
2025-04-09 21:44:21,512 - src.haive.dataflow.registry.core - ERROR - Error getting dependencies for entity 8d0ffca4-7745-46b0-9ae6-48a8a4f20f71 from database: {'message': 'Invalid API key', 'hint': 'Double check your Supabase `anon` or `service_role` API key.'}
2025-04-09 21:44:21,540 - src.haive.dataflow.registry.core - ERROR - Error getting configurations for entity 8d0ffca4-7745-46b0-9ae6-48a8a4f20f71 from database: {'message': 'Invalid API key', 'hint': 'Double check your Supabase `anon` or `service_role` API key.'}
2025-04-09 21:44:21,556 - src.haive.dataflow.registry.core - ERROR - Error getting dependencies for entity e7e30607-fc85-4eb1-97a7-21b4895442b7 from database: {'message': 'Invalid API key', 'hint': 'Double check your Supabase `anon` or `service_role` API key.'}
2025-04-09 21:44:21,572 - src.haive.dataflow.registry.core - ERROR - Error getting configurations for entity e7e30607-fc85-4eb1-97a7-21b4895442b7 from database: {'message': 'Invalid API key', 'hint': 'Double check your Supabase `anon` or `service_role` API key.'}
2025-04-09 21:44:21,593 - src.haive.dataflow.registry.core - ERROR - Error getting dependencies for entity 4236d106-3ee9-4be2-b8cb-692cb40515ca from database: {'message': 'Invalid API key', 'hint': 'Double check your Supabase `anon` or `service_role` API key.'}
2025-04-09 21:44:21,613 - src.haive.dataflow.registry.core - ERROR - Error getting configurations for entity 4236d106-3ee9-4be2-b8cb-692cb40515ca from database: {'message': 'Invalid API key', 'hint': 'Double check your Supabase `anon` or `service_role` API key.'}
2025-04-09 21:44:21,631 - src.haive.dataflow.registry.core - ERROR - Error getting dependencies for entity 2f325dbc-9871-4ee4-a6e3-d26ea9b56a2c from database: {'message': 'Invalid API key', 'hint': 'Double check your Supabase `anon` or `service_role` API key.'}
2025-04-09 21:44:21,649 - src.haive.dataflow.registry.core - ERROR - Error getting configurations for entity 2f325dbc-9871-4ee4-a6e3-d26ea9b56a2c from database: {'message': 'Invalid API key', 'hint': 'Double check your Supabase `anon` or `service_role` API key.'}
2025-04-09 21:44:21,667 - src.haive.dataflow.registry.core - ERROR - Error getting dependencies for entity 7f9a87e2-cdd2-4736-bf04-3d691f3ef9db from database: {'message': 'Invalid API key', 'hint': 'Double check your Supabase `anon` or `service_role` API key.'}
2025-04-09 21:44:21,684 - src.haive.dataflow.registry.core - ERROR - Error getting configurations for entity 7f9a87e2-cdd2-4736-bf04-3d691f3ef9db from database: {'message': 'Invalid API key', 'hint': 'Double check your Supabase `anon` or `service_role` API key.'}
2025-04-09 21:44:21,702 - src.haive.dataflow.registry.core - ERROR - Error getting dependencies for entity 7dab8f10-8cad-481c-b684-6b04a61cb797 from database: {'message': 'Invalid API key', 'hint': 'Double check your Supabase `anon` or `service_role` API key.'}
2025-04-09 21:44:21,718 - src.haive.dataflow.registry.core - ERROR - Error getting configurations for entity 7dab8f10-8cad-481c-b684-6b04a61cb797 from database: {'message': 'Invalid API key', 'hint': 'Double check your Supabase `anon` or `service_role` API key.'}
2025-04-09 21:44:21,736 - src.haive.dataflow.registry.core - ERROR - Error getting dependencies for entity 1bba65c9-bb3d-4d47-9372-3c8c8a83d5b6 from database: {'message': 'Invalid API key', 'hint': 'Double check your Supabase `anon` or `service_role` API key.'}
2025-04-09 21:44:21,752 - src.haive.dataflow.registry.core - ERROR - Error getting configurations for entity 1bba65c9-bb3d-4d47-9372-3c8c8a83d5b6 from database: {'message': 'Invalid API key', 'hint': 'Double check your Supabase `anon` or `service_role` API key.'}
2025-04-09 21:44:21,769 - src.haive.dataflow.registry.core - ERROR - Error getting dependencies for entity a1c207ac-ae6a-473a-9b12-9802f7ace04e from database: {'message': 'Invalid API key', 'hint': 'Double check your Supabase `anon` or `service_role` API key.'}
2025-04-09 21:44:21,796 - src.haive.dataflow.registry.core - ERROR - Error getting configurations for entity a1c207ac-ae6a-473a-9b12-9802f7ace04e from database: {'message': 'Invalid API key', 'hint': 'Double check your Supabase `anon` or `service_role` API key.'}
2025-04-09 21:44:21,813 - src.haive.dataflow.registry.core - ERROR - Error getting dependencies for entity ffbc63e6-b0e1-48ed-8f77-2ff3e076457f from database: {'message': 'Invalid API key', 'hint': 'Double check your Supabase `anon` or `service_role` API key.'}
2025-04-09 21:44:21,833 - src.haive.dataflow.registry.core - ERROR - Error getting configurations for entity ffbc63e6-b0e1-48ed-8f77-2ff3e076457f from database: {'message': 'Invalid API key', 'hint': 'Double check your Supabase `anon` or `service_role` API key.'}
2025-04-09 21:44:21,852 - src.haive.dataflow.registry.core - ERROR - Error getting dependencies for entity 3fe4b91a-d8be-4d23-af41-1d66b267cc46 from database: {'message': 'Invalid API key', 'hint': 'Double check your Supabase `anon` or `service_role` API key.'}
2025-04-09 21:44:21,871 - src.haive.dataflow.registry.core - ERROR - Error getting configurations for entity 3fe4b91a-d8be-4d23-af41-1d66b267cc46 from database: {'message': 'Invalid API key', 'hint': 'Double check your Supabase `anon` or `service_role` API key.'}
2025-04-09 21:44:21,906 - src.haive.dataflow.registry.core - ERROR - Error getting dependencies for entity d6e9eb45-5cd6-49bc-b6cb-48a1081070f1 from database: {'message': 'Invalid API key', 'hint': 'Double check your Supabase `anon` or `service_role` API key.'}
2025-04-09 21:44:21,925 - src.haive.dataflow.registry.core - ERROR - Error getting configurations for entity d6e9eb45-5cd6-49bc-b6cb-48a1081070f1 from database: {'message': 'Invalid API key', 'hint': 'Double check your Supabase `anon` or `service_role` API key.'}
2025-04-09 21:44:21,943 - src.haive.dataflow.registry.core - ERROR - Error getting dependencies for entity 7a4165b3-c0fa-42af-b3e3-52fef7dea00f from database: {'message': 'Invalid API key', 'hint': 'Double check your Supabase `anon` or `service_role` API key.'}
2025-04-09 21:44:21,962 - src.haive.dataflow.registry.core - ERROR - Error getting configurations for entity 7a4165b3-c0fa-42af-b3e3-52fef7dea00f from database: {'message': 'Invalid API key', 'hint': 'Double check your Supabase `anon` or `service_role` API key.'}
2025-04-09 21:44:21,978 - src.haive.dataflow.registry.core - ERROR - Error getting dependencies for entity 974f9763-d351-442f-ba23-5e490a8ba72b from database: {'message': 'Invalid API key', 'hint': 'Double check your Supabase `anon` or `service_role` API key.'}
2025-04-09 21:44:21,997 - src.haive.dataflow.registry.core - ERROR - Error getting configurations for entity 974f9763-d351-442f-ba23-5e490a8ba72b from database: {'message': 'Invalid API key', 'hint': 'Double check your Supabase `anon` or `service_role` API key.'}
2025-04-09 21:44:22,014 - src.haive.dataflow.registry.core - ERROR - Error getting dependencies for entity 6e89468c-a04b-457a-ab2d-26a2174ca42b from database: {'message': 'Invalid API key', 'hint': 'Double check your Supabase `anon` or `service_role` API key.'}
2025-04-09 21:44:22,032 - src.haive.dataflow.registry.core - ERROR - Error getting configurations for entity 6e89468c-a04b-457a-ab2d-26a2174ca42b from database: {'message': 'Invalid API key', 'hint': 'Double check your Supabase `anon` or `service_role` API key.'}
2025-04-09 21:44:22,050 - src.haive.dataflow.registry.core - ERROR - Error getting dependencies for entity f1516614-73e5-436f-a498-1b8933bb5436 from database: {'message': 'Invalid API key', 'hint': 'Double check your Supabase `anon` or `service_role` API key.'}
2025-04-09 21:44:22,073 - src.haive.dataflow.registry.core - ERROR - Error getting configurations for entity f1516614-73e5-436f-a498-1b8933bb5436 from database: {'message': 'Invalid API key', 'hint': 'Double check your Supabase `anon` or `service_role` API key.'}
2025-04-09 21:44:22,091 - src.haive.dataflow.registry.core - ERROR - Error getting dependencies for entity 18463a6f-e063-40ef-8bc9-4d9ddba0e907 from database: {'message': 'Invalid API key', 'hint': 'Double check your Supabase `anon` or `service_role` API key.'}
2025-04-09 21:44:22,113 - src.haive.dataflow.registry.core - ERROR - Error getting configurations for entity 18463a6f-e063-40ef-8bc9-4d9ddba0e907 from database: {'message': 'Invalid API key', 'hint': 'Double check your Supabase `anon` or `service_role` API key.'}
2025-04-09 21:44:22,132 - src.haive.dataflow.registry.core - ERROR - Error getting dependencies for entity 1b272e19-0dbf-49d6-97f1-5d858fab5a19 from database: {'message': 'Invalid API key', 'hint': 'Double check your Supabase `anon` or `service_role` API key.'}
2025-04-09 21:44:22,150 - src.haive.dataflow.registry.core - ERROR - Error getting configurations for entity 1b272e19-0dbf-49d6-97f1-5d858fab5a19 from database: {'message': 'Invalid API key', 'hint': 'Double check your Supabase `anon` or `service_role` API key.'}
2025-04-09 21:44:22,170 - src.haive.dataflow.registry.core - ERROR - Error getting dependencies for entity 3d772d27-5f35-44bb-bfc2-91262f2e5417 from database: {'message': 'Invalid API key', 'hint': 'Double check your Supabase `anon` or `service_role` API key.'}
2025-04-09 21:44:22,186 - src.haive.dataflow.registry.core - ERROR - Error getting configurations for entity 3d772d27-5f35-44bb-bfc2-91262f2e5417 from database: {'message': 'Invalid API key', 'hint': 'Double check your Supabase `anon` or `service_role` API key.'}
2025-04-09 21:44:22,201 - src.haive.dataflow.registry.core - ERROR - Error getting dependencies for entity f41f6023-55ed-406d-a69d-99b3119f75d3 from database: {'message': 'Invalid API key', 'hint': 'Double check your Supabase `anon` or `service_role` API key.'}
2025-04-09 21:44:22,219 - src.haive.dataflow.registry.core - ERROR - Error getting configurations for entity f41f6023-55ed-406d-a69d-99b3119f75d3 from database: {'message': 'Invalid API key', 'hint': 'Double check your Supabase `anon` or `service_role` API key.'}
2025-04-09 21:44:22,240 - src.haive.dataflow.registry.core - ERROR - Error getting dependencies for entity 0d7ec0c1-283f-4a87-b4cb-72d9e389e0fc from database: {'message': 'Invalid API key', 'hint': 'Double check your Supabase `anon` or `service_role` API key.'}
2025-04-09 21:44:22,258 - src.haive.dataflow.registry.core - ERROR - Error getting configurations for entity 0d7ec0c1-283f-4a87-b4cb-72d9e389e0fc from database: {'message': 'Invalid API key', 'hint': 'Double check your Supabase `anon` or `service_role` API key.'}
2025-04-09 21:44:22,281 - src.haive.dataflow.registry.core - ERROR - Error getting dependencies for entity f407fdf5-c2b6-408e-85c4-7fddb0f85ac4 from database: {'message': 'Invalid API key', 'hint': 'Double check your Supabase `anon` or `service_role` API key.'}
2025-04-09 21:44:22,298 - src.haive.dataflow.registry.core - ERROR - Error getting configurations for entity f407fdf5-c2b6-408e-85c4-7fddb0f85ac4 from database: {'message': 'Invalid API key', 'hint': 'Double check your Supabase `anon` or `service_role` API key.'}
2025-04-09 21:44:22,317 - src.haive.dataflow.registry.core - ERROR - Error getting dependencies for entity 2f410a08-1e8c-49da-a977-9d380aa1e2bc from database: {'message': 'Invalid API key', 'hint': 'Double check your Supabase `anon` or `service_role` API key.'}
2025-04-09 21:44:22,335 - src.haive.dataflow.registry.core - ERROR - Error getting configurations for entity 2f410a08-1e8c-49da-a977-9d380aa1e2bc from database: {'message': 'Invalid API key', 'hint': 'Double check your Supabase `anon` or `service_role` API key.'}
2025-04-09 21:44:22,352 - src.haive.dataflow.registry.core - ERROR - Error getting dependencies for entity 63dbf130-f2e1-4686-8eb5-850a2a4fa7dd from database: {'message': 'Invalid API key', 'hint': 'Double check your Supabase `anon` or `service_role` API key.'}
2025-04-09 21:44:22,371 - src.haive.dataflow.registry.core - ERROR - Error getting configurations for entity 63dbf130-f2e1-4686-8eb5-850a2a4fa7dd from database: {'message': 'Invalid API key', 'hint': 'Double check your Supabase `anon` or `service_role` API key.'}
2025-04-09 21:44:22,389 - src.haive.dataflow.registry.core - ERROR - Error getting dependencies for entity 9b826e2f-eae6-4bc4-9e3f-6555ed7e20d5 from database: {'message': 'Invalid API key', 'hint': 'Double check your Supabase `anon` or `service_role` API key.'}
2025-04-09 21:44:22,415 - src.haive.dataflow.registry.core - ERROR - Error getting configurations for entity 9b826e2f-eae6-4bc4-9e3f-6555ed7e20d5 from database: {'message': 'Invalid API key', 'hint': 'Double check your Supabase `anon` or `service_role` API key.'}
2025-04-09 21:44:22,434 - src.haive.dataflow.registry.core - ERROR - Error getting dependencies for entity 63fc7a1c-75f3-4178-9290-16142e7b2897 from database: {'message': 'Invalid API key', 'hint': 'Double check your Supabase `anon` or `service_role` API key.'}
2025-04-09 21:44:22,476 - src.haive.dataflow.registry.core - ERROR - Error getting configurations for entity 63fc7a1c-75f3-4178-9290-16142e7b2897 from database: {'message': 'Invalid API key', 'hint': 'Double check your Supabase `anon` or `service_role` API key.'}
2025-04-09 21:44:22,505 - src.haive.dataflow.registry.core - ERROR - Error getting dependencies for entity c23ff4ab-54b2-4481-9cac-2363c798496a from database: {'message': 'Invalid API key', 'hint': 'Double check your Supabase `anon` or `service_role` API key.'}
2025-04-09 21:44:22,526 - src.haive.dataflow.registry.core - ERROR - Error getting configurations for entity c23ff4ab-54b2-4481-9cac-2363c798496a from database: {'message': 'Invalid API key', 'hint': 'Double check your Supabase `anon` or `service_role` API key.'}
2025-04-09 21:44:22,543 - src.haive.dataflow.registry.core - ERROR - Error getting dependencies for entity 47c9574d-745c-43e1-8c08-ebff9d9afcbf from database: {'message': 'Invalid API key', 'hint': 'Double check your Supabase `anon` or `service_role` API key.'}
2025-04-09 21:44:22,559 - src.haive.dataflow.registry.core - ERROR - Error getting configurations for entity 47c9574d-745c-43e1-8c08-ebff9d9afcbf from database: {'message': 'Invalid API key', 'hint': 'Double check your Supabase `anon` or `service_role` API key.'}
2025-04-09 21:44:22,582 - src.haive.dataflow.registry.core - ERROR - Error getting dependencies for entity 43397934-99a8-48d0-9dc7-765727ba848b from database: {'message': 'Invalid API key', 'hint': 'Double check your Supabase `anon` or `service_role` API key.'}
2025-04-09 21:44:22,602 - src.haive.dataflow.registry.core - ERROR - Error getting configurations for entity 43397934-99a8-48d0-9dc7-765727ba848b from database: {'message': 'Invalid API key', 'hint': 'Double check your Supabase `anon` or `service_role` API key.'}
2025-04-09 21:44:22,619 - src.haive.dataflow.registry.core - ERROR - Error getting dependencies for entity 86ff4209-58e4-475c-83a3-9f4ceb8d3be8 from database: {'message': 'Invalid API key', 'hint': 'Double check your Supabase `anon` or `service_role` API key.'}
2025-04-09 21:44:22,635 - src.haive.dataflow.registry.core - ERROR - Error getting configurations for entity 86ff4209-58e4-475c-83a3-9f4ceb8d3be8 from database: {'message': 'Invalid API key', 'hint': 'Double check your Supabase `anon` or `service_role` API key.'}
2025-04-09 21:44:22,657 - src.haive.dataflow.registry.core - ERROR - Error getting dependencies for entity ab923335-15ba-44d7-a0e3-7a2ef1640ee1 from database: {'message': 'Invalid API key', 'hint': 'Double check your Supabase `anon` or `service_role` API key.'}
2025-04-09 21:44:22,683 - src.haive.dataflow.registry.core - ERROR - Error getting configurations for entity ab923335-15ba-44d7-a0e3-7a2ef1640ee1 from database: {'message': 'Invalid API key', 'hint': 'Double check your Supabase `anon` or `service_role` API key.'}
2025-04-09 21:44:22,701 - src.haive.dataflow.registry.core - ERROR - Error getting dependencies for entity 4933172f-de85-46ac-b6c7-54006f59f38a from database: {'message': 'Invalid API key', 'hint': 'Double check your Supabase `anon` or `service_role` API key.'}
2025-04-09 21:44:22,721 - src.haive.dataflow.registry.core - ERROR - Error getting configurations for entity 4933172f-de85-46ac-b6c7-54006f59f38a from database: {'message': 'Invalid API key', 'hint': 'Double check your Supabase `anon` or `service_role` API key.'}
2025-04-09 21:44:22,737 - src.haive.dataflow.registry.core - ERROR - Error getting dependencies for entity 17c5a67c-9ac0-48ea-9d41-536e554be681 from database: {'message': 'Invalid API key', 'hint': 'Double check your Supabase `anon` or `service_role` API key.'}
2025-04-09 21:44:22,778 - src.haive.dataflow.registry.core - ERROR - Error getting configurations for entity 17c5a67c-9ac0-48ea-9d41-536e554be681 from database: {'message': 'Invalid API key', 'hint': 'Double check your Supabase `anon` or `service_role` API key.'}
2025-04-09 21:44:22,797 - src.haive.dataflow.registry.core - ERROR - Error getting dependencies for entity be8bb6c0-5b49-43c5-84e9-d109ed2f1820 from database: {'message': 'Invalid API key', 'hint': 'Double check your Supabase `anon` or `service_role` API key.'}
2025-04-09 21:44:22,816 - src.haive.dataflow.registry.core - ERROR - Error getting configurations for entity be8bb6c0-5b49-43c5-84e9-d109ed2f1820 from database: {'message': 'Invalid API key', 'hint': 'Double check your Supabase `anon` or `service_role` API key.'}
2025-04-09 21:44:22,834 - src.haive.dataflow.registry.core - ERROR - Error getting dependencies for entity c0aa3264-35e4-44af-a854-c69eb2c099f2 from database: {'message': 'Invalid API key', 'hint': 'Double check your Supabase `anon` or `service_role` API key.'}
2025-04-09 21:44:22,851 - src.haive.dataflow.registry.core - ERROR - Error getting configurations for entity c0aa3264-35e4-44af-a854-c69eb2c099f2 from database: {'message': 'Invalid API key', 'hint': 'Double check your Supabase `anon` or `service_role` API key.'}
2025-04-09 21:44:22,868 - src.haive.dataflow.registry.core - ERROR - Error getting dependencies for entity 10bc6a3d-46a5-46de-9b4b-0fbb44afbed4 from database: {'message': 'Invalid API key', 'hint': 'Double check your Supabase `anon` or `service_role` API key.'}
2025-04-09 21:44:22,897 - src.haive.dataflow.registry.core - ERROR - Error getting configurations for entity 10bc6a3d-46a5-46de-9b4b-0fbb44afbed4 from database: {'message': 'Invalid API key', 'hint': 'Double check your Supabase `anon` or `service_role` API key.'}
2025-04-09 21:44:22,916 - src.haive.dataflow.registry.core - ERROR - Error getting dependencies for entity 8c22c4f6-85bc-4242-8e1e-16444ee638b2 from database: {'message': 'Invalid API key', 'hint': 'Double check your Supabase `anon` or `service_role` API key.'}
2025-04-09 21:44:22,931 - src.haive.dataflow.registry.core - ERROR - Error getting configurations for entity 8c22c4f6-85bc-4242-8e1e-16444ee638b2 from database: {'message': 'Invalid API key', 'hint': 'Double check your Supabase `anon` or `service_role` API key.'}
2025-04-09 21:44:49,947 - src.haive.dataflow.registry.core - INFO - Connected to Supabase successfully
2025-04-09 21:46:38,167 - src.haive.dataflow.registry.core - INFO - Connected to Supabase successfully
2025-04-09 21:46:39,170 - src.haive.dataflow.registry.core - INFO - Connected to Supabase successfully
2025-04-09 21:46:44,929 - src.haive.dataflow.registry.core - ERROR - Error registering entity agent_cd178058 in database: {}
2025-04-09 21:46:45,169 - src.haive.dataflow.registry.core - ERROR - Error getting entity 3f395299-0573-49c8-ad39-b819206e12a5 from database: {'code': '42P01', 'details': None, 'hint': None, 'message': 'relation "public.agents.registry" does not exist'}
2025-04-09 21:46:45,221 - src.haive.dataflow.registry.core - ERROR - Error adding import log for agent_cd178058: {}
2025-04-09 21:46:45,278 - src.haive.dataflow.registry.core - ERROR - Error registering entity agent_4034ed20 in database: {}
2025-04-09 21:46:45,381 - src.haive.dataflow.registry.core - ERROR - Error getting entity 468b8e9c-072b-4d89-8a8d-605f1fb3acd3 from database: {'code': '42P01', 'details': None, 'hint': None, 'message': 'relation "public.agents.registry" does not exist'}
2025-04-09 21:46:45,431 - src.haive.dataflow.registry.core - ERROR - Error adding configuration to entity 468b8e9c-072b-4d89-8a8d-605f1fb3acd3: {}
2025-04-09 21:46:45,483 - src.haive.dataflow.registry.core - ERROR - Error getting entity 468b8e9c-072b-4d89-8a8d-605f1fb3acd3 from database: {'code': '42P01', 'details': None, 'hint': None, 'message': 'relation "public.agents.registry" does not exist'}
2025-04-09 21:46:45,531 - src.haive.dataflow.registry.core - ERROR - Error adding import log for agent_4034ed20: {}
2025-04-09 21:46:45,585 - src.haive.dataflow.registry.core - ERROR - Error registering entity agent_ca333790 in database: {}
2025-04-09 21:46:45,633 - src.haive.dataflow.registry.core - ERROR - Error getting entity a20b4ef5-f5f6-4e51-9e2b-01e0ae20c807 from database: {'code': '42P01', 'details': None, 'hint': None, 'message': 'relation "public.agents.registry" does not exist'}
2025-04-09 21:46:45,684 - src.haive.dataflow.registry.core - ERROR - Error adding import log for agent_ca333790: {}
2025-04-09 21:46:45,780 - src.haive.dataflow.registry.core - ERROR - Error registering entity agent_e084ac0b in database: {}
2025-04-09 21:46:45,831 - src.haive.dataflow.registry.core - ERROR - Error getting entity b30a8abd-0109-4dfd-b8a1-0210122d7e63 from database: {'code': '42P01', 'details': None, 'hint': None, 'message': 'relation "public.agents.registry" does not exist'}
2025-04-09 21:46:45,888 - src.haive.dataflow.registry.core - ERROR - Error adding configuration to entity b30a8abd-0109-4dfd-b8a1-0210122d7e63: {}
2025-04-09 21:46:45,934 - src.haive.dataflow.registry.core - ERROR - Error getting entity b30a8abd-0109-4dfd-b8a1-0210122d7e63 from database: {'code': '42P01', 'details': None, 'hint': None, 'message': 'relation "public.agents.registry" does not exist'}
2025-04-09 21:46:45,981 - src.haive.dataflow.registry.core - ERROR - Error adding import log for agent_e084ac0b: {}
2025-04-09 21:46:56,201 - src.haive.dataflow.registry.core - ERROR - Error registering entity agent_e22dfa5d in database: {}
2025-04-09 21:46:56,248 - src.haive.dataflow.registry.core - ERROR - Error getting entity 8113dcae-0272-448a-9da0-9dbe93f0c5a1 from database: {'code': '42P01', 'details': None, 'hint': None, 'message': 'relation "public.agents.registry" does not exist'}
2025-04-09 21:46:56,297 - src.haive.dataflow.registry.core - ERROR - Error adding import log for agent_e22dfa5d: {}
2025-04-09 21:46:56,345 - src.haive.dataflow.registry.core - ERROR - Error registering entity agent_7ac0572e in database: {}
2025-04-09 21:46:56,396 - src.haive.dataflow.registry.core - ERROR - Error getting entity ab345292-3f3f-4b1b-aac5-2924f438be66 from database: {'code': '42P01', 'details': None, 'hint': None, 'message': 'relation "public.agents.registry" does not exist'}
2025-04-09 21:46:56,449 - src.haive.dataflow.registry.core - ERROR - Error adding configuration to entity ab345292-3f3f-4b1b-aac5-2924f438be66: {}
2025-04-09 21:46:56,500 - src.haive.dataflow.registry.core - ERROR - Error getting entity ab345292-3f3f-4b1b-aac5-2924f438be66 from database: {'code': '42P01', 'details': None, 'hint': None, 'message': 'relation "public.agents.registry" does not exist'}
2025-04-09 21:46:56,553 - src.haive.dataflow.registry.core - ERROR - Error adding import log for agent_7ac0572e: {}
2025-04-09 21:46:56,601 - src.haive.dataflow.registry.core - ERROR - Error registering entity agent_f47f473a in database: {}
2025-04-09 21:46:56,665 - src.haive.dataflow.registry.core - ERROR - Error getting entity cc6cb04d-24d9-4b0f-adaa-8ce7e1e96569 from database: {'code': '42P01', 'details': None, 'hint': None, 'message': 'relation "public.agents.registry" does not exist'}
2025-04-09 21:46:56,710 - src.haive.dataflow.registry.core - ERROR - Error adding import log for agent_f47f473a: {}
2025-04-09 21:46:56,758 - src.haive.dataflow.registry.core - ERROR - Error registering entity agent_ec5537a0 in database: {}
2025-04-09 21:46:56,810 - src.haive.dataflow.registry.core - ERROR - Error getting entity 22d5d5fd-8da8-4077-bef2-f6b127f234cd from database: {'code': '42P01', 'details': None, 'hint': None, 'message': 'relation "public.agents.registry" does not exist'}
2025-04-09 21:46:56,854 - src.haive.dataflow.registry.core - ERROR - Error adding configuration to entity 22d5d5fd-8da8-4077-bef2-f6b127f234cd: {}
2025-04-09 21:46:56,904 - src.haive.dataflow.registry.core - ERROR - Error getting entity 22d5d5fd-8da8-4077-bef2-f6b127f234cd from database: {'code': '42P01', 'details': None, 'hint': None, 'message': 'relation "public.agents.registry" does not exist'}
2025-04-09 21:46:56,951 - src.haive.dataflow.registry.core - ERROR - Error adding import log for agent_ec5537a0: {}
2025-04-09 21:46:57,060 - src.haive.dataflow.registry.core - ERROR - Error registering entity agent_f2ab7a6a in database: {}
2025-04-09 21:46:57,110 - src.haive.dataflow.registry.core - ERROR - Error getting entity 0589cfb6-99ed-4a0c-8211-218b3fa37064 from database: {'code': '42P01', 'details': None, 'hint': None, 'message': 'relation "public.agents.registry" does not exist'}
2025-04-09 21:46:57,166 - src.haive.dataflow.registry.core - ERROR - Error adding import log for agent_f2ab7a6a: {}
2025-04-09 21:46:57,210 - src.haive.dataflow.registry.core - ERROR - Error registering entity map_reduce_summarizer_agent in database: {}
2025-04-09 21:46:57,267 - src.haive.dataflow.registry.core - ERROR - Error getting entity b1854edc-b6e9-4eb4-a2a7-8d2873148aee from database: {'code': '42P01', 'details': None, 'hint': None, 'message': 'relation "public.agents.registry" does not exist'}
2025-04-09 21:46:57,317 - src.haive.dataflow.registry.core - ERROR - Error adding configuration to entity b1854edc-b6e9-4eb4-a2a7-8d2873148aee: {}
2025-04-09 21:46:57,370 - src.haive.dataflow.registry.core - ERROR - Error getting entity b1854edc-b6e9-4eb4-a2a7-8d2873148aee from database: {'code': '42P01', 'details': None, 'hint': None, 'message': 'relation "public.agents.registry" does not exist'}
2025-04-09 21:46:57,414 - src.haive.dataflow.registry.core - ERROR - Error adding configuration to entity b1854edc-b6e9-4eb4-a2a7-8d2873148aee: {}
2025-04-09 21:46:57,465 - src.haive.dataflow.registry.core - ERROR - Error getting entity b1854edc-b6e9-4eb4-a2a7-8d2873148aee from database: {'code': '42P01', 'details': None, 'hint': None, 'message': 'relation "public.agents.registry" does not exist'}
2025-04-09 21:46:57,511 - src.haive.dataflow.registry.core - ERROR - Error adding configuration to entity b1854edc-b6e9-4eb4-a2a7-8d2873148aee: {}
2025-04-09 21:46:57,562 - src.haive.dataflow.registry.core - ERROR - Error registering entity map_reduce_summarizer_agent_engine in database: {}
2025-04-09 21:46:57,623 - src.haive.dataflow.registry.core - ERROR - Error getting entity b1854edc-b6e9-4eb4-a2a7-8d2873148aee from database: {'code': '42P01', 'details': None, 'hint': None, 'message': 'relation "public.agents.registry" does not exist'}
2025-04-09 21:46:57,676 - src.haive.dataflow.registry.core - ERROR - Error getting entity c058cd5e-91af-4409-9873-23b20a137973 from database: {'code': '42P01', 'details': None, 'hint': None, 'message': 'relation "public.agents.registry" does not exist'}
2025-04-09 21:46:57,724 - src.haive.dataflow.registry.core - ERROR - Error adding dependency from b1854edc-b6e9-4eb4-a2a7-8d2873148aee to c058cd5e-91af-4409-9873-23b20a137973: {}
2025-04-09 21:46:57,779 - src.haive.dataflow.registry.core - ERROR - Error getting entity b1854edc-b6e9-4eb4-a2a7-8d2873148aee from database: {'code': '42P01', 'details': None, 'hint': None, 'message': 'relation "public.agents.registry" does not exist'}
2025-04-09 21:46:57,835 - src.haive.dataflow.registry.core - ERROR - Error adding import log for map_reduce_summarizer_agent: {}
2025-04-09 21:46:57,883 - src.haive.dataflow.registry.core - ERROR - Error registering entity agent_767f535d in database: {}
2025-04-09 21:46:57,935 - src.haive.dataflow.registry.core - ERROR - Error getting entity a61c780b-9969-475b-a63c-467f9a943501 from database: {'code': '42P01', 'details': None, 'hint': None, 'message': 'relation "public.agents.registry" does not exist'}
2025-04-09 21:46:57,988 - src.haive.dataflow.registry.core - ERROR - Error adding import log for agent_767f535d: {}
2025-04-09 21:46:58,040 - src.haive.dataflow.registry.core - ERROR - Error registering entity map_reduce_summarizer_agent in database: {}
2025-04-09 21:46:58,096 - src.haive.dataflow.registry.core - ERROR - Error getting entity c1ad03fa-64e6-44bd-9042-395f77fe60f2 from database: {'code': '42P01', 'details': None, 'hint': None, 'message': 'relation "public.agents.registry" does not exist'}
2025-04-09 21:46:58,145 - src.haive.dataflow.registry.core - ERROR - Error adding configuration to entity c1ad03fa-64e6-44bd-9042-395f77fe60f2: {}
2025-04-09 21:46:58,193 - src.haive.dataflow.registry.core - ERROR - Error getting entity c1ad03fa-64e6-44bd-9042-395f77fe60f2 from database: {'code': '42P01', 'details': None, 'hint': None, 'message': 'relation "public.agents.registry" does not exist'}
2025-04-09 21:46:58,239 - src.haive.dataflow.registry.core - ERROR - Error adding configuration to entity c1ad03fa-64e6-44bd-9042-395f77fe60f2: {}
2025-04-09 21:46:58,286 - src.haive.dataflow.registry.core - ERROR - Error getting entity c1ad03fa-64e6-44bd-9042-395f77fe60f2 from database: {'code': '42P01', 'details': None, 'hint': None, 'message': 'relation "public.agents.registry" does not exist'}
2025-04-09 21:46:58,338 - src.haive.dataflow.registry.core - ERROR - Error adding configuration to entity c1ad03fa-64e6-44bd-9042-395f77fe60f2: {}
2025-04-09 21:46:58,395 - src.haive.dataflow.registry.core - ERROR - Error registering entity map_reduce_summarizer_agent_engine in database: {}
2025-04-09 21:46:58,449 - src.haive.dataflow.registry.core - ERROR - Error getting entity c1ad03fa-64e6-44bd-9042-395f77fe60f2 from database: {'code': '42P01', 'details': None, 'hint': None, 'message': 'relation "public.agents.registry" does not exist'}
2025-04-09 21:46:58,505 - src.haive.dataflow.registry.core - ERROR - Error getting entity 73d9178c-e5df-42f4-8542-3d9daec7f392 from database: {'code': '42P01', 'details': None, 'hint': None, 'message': 'relation "public.agents.registry" does not exist'}
2025-04-09 21:46:58,554 - src.haive.dataflow.registry.core - ERROR - Error adding dependency from c1ad03fa-64e6-44bd-9042-395f77fe60f2 to 73d9178c-e5df-42f4-8542-3d9daec7f392: {}
2025-04-09 21:46:58,617 - src.haive.dataflow.registry.core - ERROR - Error getting entity c1ad03fa-64e6-44bd-9042-395f77fe60f2 from database: {'code': '42P01', 'details': None, 'hint': None, 'message': 'relation "public.agents.registry" does not exist'}
2025-04-09 21:46:58,666 - src.haive.dataflow.registry.core - ERROR - Error adding import log for map_reduce_summarizer_agent: {}
2025-04-09 21:46:58,732 - src.haive.dataflow.registry.core - ERROR - Error registering entity agent_be5ffbec in database: {}
2025-04-09 21:46:58,779 - src.haive.dataflow.registry.core - ERROR - Error getting entity f0871cdb-4bea-4fab-9a6e-76561a0d6b3d from database: {'code': '42P01', 'details': None, 'hint': None, 'message': 'relation "public.agents.registry" does not exist'}
2025-04-09 21:46:58,827 - src.haive.dataflow.registry.core - ERROR - Error adding import log for agent_be5ffbec: {}
2025-04-09 21:46:58,877 - src.haive.dataflow.registry.core - ERROR - Error registering entity agent_832107cd in database: {}
2025-04-09 21:46:58,926 - src.haive.dataflow.registry.core - ERROR - Error getting entity 11ae950b-8779-4e10-9321-ab117529dff1 from database: {'code': '42P01', 'details': None, 'hint': None, 'message': 'relation "public.agents.registry" does not exist'}
2025-04-09 21:46:58,972 - src.haive.dataflow.registry.core - ERROR - Error adding configuration to entity 11ae950b-8779-4e10-9321-ab117529dff1: {}
2025-04-09 21:46:59,021 - src.haive.dataflow.registry.core - ERROR - Error getting entity 11ae950b-8779-4e10-9321-ab117529dff1 from database: {'code': '42P01', 'details': None, 'hint': None, 'message': 'relation "public.agents.registry" does not exist'}
2025-04-09 21:46:59,071 - src.haive.dataflow.registry.core - ERROR - Error adding import log for agent_832107cd: {}
2025-04-09 21:46:59,376 - src.haive.dataflow.registry.core - ERROR - Error registering entity agent_865fcef2 in database: {}
2025-04-09 21:46:59,427 - src.haive.dataflow.registry.core - ERROR - Error getting entity 28bed4b2-ebf8-4f0a-be04-6ec0769ea010 from database: {'code': '42P01', 'details': None, 'hint': None, 'message': 'relation "public.agents.registry" does not exist'}
2025-04-09 21:46:59,471 - src.haive.dataflow.registry.core - ERROR - Error adding import log for agent_865fcef2: {}
2025-04-09 21:46:59,523 - src.haive.dataflow.registry.core - ERROR - Error registering entity agent_a7925531 in database: {}
2025-04-09 21:46:59,573 - src.haive.dataflow.registry.core - ERROR - Error getting entity 83e0d80c-79bc-4f65-99cc-1081e64c8be4 from database: {'code': '42P01', 'details': None, 'hint': None, 'message': 'relation "public.agents.registry" does not exist'}
2025-04-09 21:46:59,625 - src.haive.dataflow.registry.core - ERROR - Error adding configuration to entity 83e0d80c-79bc-4f65-99cc-1081e64c8be4: {}
2025-04-09 21:46:59,673 - src.haive.dataflow.registry.core - ERROR - Error getting entity 83e0d80c-79bc-4f65-99cc-1081e64c8be4 from database: {'code': '42P01', 'details': None, 'hint': None, 'message': 'relation "public.agents.registry" does not exist'}
2025-04-09 21:46:59,721 - src.haive.dataflow.registry.core - ERROR - Error adding import log for agent_a7925531: {}
2025-04-09 21:46:59,768 - src.haive.dataflow.registry.core - ERROR - Error registering entity agent_f1b4fa4a in database: {}
2025-04-09 21:46:59,825 - src.haive.dataflow.registry.core - ERROR - Error getting entity 5a747c59-a89b-4955-a9b4-f289ac1c7201 from database: {'code': '42P01', 'details': None, 'hint': None, 'message': 'relation "public.agents.registry" does not exist'}
2025-04-09 21:46:59,887 - src.haive.dataflow.registry.core - ERROR - Error adding configuration to entity 5a747c59-a89b-4955-a9b4-f289ac1c7201: {}
2025-04-09 21:46:59,938 - src.haive.dataflow.registry.core - ERROR - Error getting entity 5a747c59-a89b-4955-a9b4-f289ac1c7201 from database: {'code': '42P01', 'details': None, 'hint': None, 'message': 'relation "public.agents.registry" does not exist'}
2025-04-09 21:46:59,988 - src.haive.dataflow.registry.core - ERROR - Error adding import log for agent_f1b4fa4a: {}
2025-04-09 21:47:00,219 - src.haive.dataflow.registry.core - ERROR - Error adding import log for BaseRAGConfig: {}
2025-04-09 21:47:00,279 - src.haive.dataflow.registry.core - ERROR - Error registering entity agent_b784a1b4 in database: {}
2025-04-09 21:47:00,331 - src.haive.dataflow.registry.core - ERROR - Error getting entity 3d5eafb4-5982-4d74-89fc-5338d088e1ed from database: {'code': '42P01', 'details': None, 'hint': None, 'message': 'relation "public.agents.registry" does not exist'}
2025-04-09 21:47:00,385 - src.haive.dataflow.registry.core - ERROR - Error adding import log for agent_b784a1b4: {}
2025-04-09 21:47:00,459 - src.haive.dataflow.registry.core - ERROR - Error adding import log for BaseRAGConfig: {}
2025-04-09 21:47:00,515 - src.haive.dataflow.registry.core - ERROR - Error registering entity agent_ae1ff408 in database: {}
2025-04-09 21:47:00,570 - src.haive.dataflow.registry.core - ERROR - Error getting entity cf4f388f-d7d8-42c3-b061-46c55693e9ab from database: {'code': '42P01', 'details': None, 'hint': None, 'message': 'relation "public.agents.registry" does not exist'}
2025-04-09 21:47:00,629 - src.haive.dataflow.registry.core - ERROR - Error adding import log for agent_ae1ff408: {}
2025-04-09 21:47:00,679 - src.haive.dataflow.registry.core - ERROR - Error adding import log for BaseRAGConfig: {}
2025-04-09 21:47:00,737 - src.haive.dataflow.registry.core - ERROR - Error registering entity agent_fea23bfd in database: {}
2025-04-09 21:47:00,793 - src.haive.dataflow.registry.core - ERROR - Error getting entity 028b92cf-c479-4c18-a721-03c564c50d1e from database: {'code': '42P01', 'details': None, 'hint': None, 'message': 'relation "public.agents.registry" does not exist'}
2025-04-09 21:47:00,853 - src.haive.dataflow.registry.core - ERROR - Error adding import log for agent_fea23bfd: {}
2025-04-09 21:47:00,901 - src.haive.dataflow.registry.core - ERROR - Error adding import log for BaseRAGConfig: {}
2025-04-09 21:47:00,965 - src.haive.dataflow.registry.core - ERROR - Error adding import log for FilteredRAGConfig: {}
2025-04-09 21:47:01,008 - src.haive.dataflow.registry.core - ERROR - Error adding import log for BaseRAGConfig: {}
2025-04-09 21:47:01,050 - src.haive.dataflow.registry.core - ERROR - Error adding import log for FilteredRAGConfig: {}
2025-04-09 21:47:01,510 - src.haive.dataflow.registry.core - ERROR - Error adding import log for GraphDBRAGConfig: {}
2025-04-09 21:47:01,556 - src.haive.dataflow.registry.core - ERROR - Error registering entity agent_d3e0f5c5 in database: {}
2025-04-09 21:47:01,618 - src.haive.dataflow.registry.core - ERROR - Error getting entity d8ddc705-2ef3-4b8a-84c6-55173d4f5a87 from database: {'code': '42P01', 'details': None, 'hint': None, 'message': 'relation "public.agents.registry" does not exist'}
2025-04-09 21:47:01,664 - src.haive.dataflow.registry.core - ERROR - Error adding import log for agent_d3e0f5c5: {}
2025-04-09 21:47:01,718 - src.haive.dataflow.registry.core - ERROR - Error adding import log for BaseRAGConfig: {}
2025-04-09 21:47:01,762 - src.haive.dataflow.registry.core - ERROR - Error adding import log for GraphDBAgentConfig: {}
2025-04-09 21:47:01,805 - src.haive.dataflow.registry.core - ERROR - Error adding import log for GraphDBRAGConfig: {}
2025-04-09 21:47:01,860 - src.haive.dataflow.registry.core - ERROR - Error adding import log for LLMRAGConfig: {}
2025-04-09 21:47:01,912 - src.haive.dataflow.registry.core - ERROR - Error registering entity agent_7105da31 in database: {}
2025-04-09 21:47:01,961 - src.haive.dataflow.registry.core - ERROR - Error getting entity 0dc8bc53-ff5a-479b-aece-ed1e5bb7a943 from database: {'code': '42P01', 'details': None, 'hint': None, 'message': 'relation "public.agents.registry" does not exist'}
2025-04-09 21:47:02,003 - src.haive.dataflow.registry.core - ERROR - Error adding import log for agent_7105da31: {}
2025-04-09 21:47:02,069 - src.haive.dataflow.registry.core - ERROR - Error adding import log for BaseRAGConfig: {}
2025-04-09 21:47:02,111 - src.haive.dataflow.registry.core - ERROR - Error adding import log for LLMRAGConfig: {}
2025-04-09 21:47:02,154 - src.haive.dataflow.registry.core - ERROR - Error adding import log for LLMRAGConfig: {}
2025-04-09 21:47:02,221 - src.haive.dataflow.registry.core - ERROR - Error adding import log for MultiStrategyRAGConfig: {}
2025-04-09 21:47:02,271 - src.haive.dataflow.registry.core - ERROR - Error adding import log for SelfCorrectiveRAGConfig: {}
2025-04-09 21:47:02,313 - src.haive.dataflow.registry.core - ERROR - Error adding import log for SelfCorrectiveRAGConfig: {}
2025-04-09 21:47:02,356 - src.haive.dataflow.registry.core - ERROR - Error adding import log for BaseRAGConfig: {}
2025-04-09 21:47:02,398 - src.haive.dataflow.registry.core - ERROR - Error adding import log for SelfCorrectiveRAGConfig: {}
2025-04-09 21:47:02,508 - src.haive.dataflow.registry.core - ERROR - Error adding import log for SQLRAGConfig: {}
2025-04-09 21:47:02,558 - src.haive.dataflow.registry.core - ERROR - Error registering entity agent_8f0708f1 in database: {}
2025-04-09 21:47:02,611 - src.haive.dataflow.registry.core - ERROR - Error getting entity b033b8f3-0ae6-42c7-bb3c-1ce2d4c2f0c2 from database: {'code': '42P01', 'details': None, 'hint': None, 'message': 'relation "public.agents.registry" does not exist'}
2025-04-09 21:47:02,655 - src.haive.dataflow.registry.core - ERROR - Error adding import log for agent_8f0708f1: {}
2025-04-09 21:47:02,697 - src.haive.dataflow.registry.core - ERROR - Error adding import log for BaseRAGConfig: {}
2025-04-09 21:47:02,744 - src.haive.dataflow.registry.core - ERROR - Error adding import log for SQLAgentConfig: {}
2025-04-09 21:47:02,796 - src.haive.dataflow.registry.core - ERROR - Error adding import log for SQLRAGConfig: {}
2025-04-09 21:47:02,842 - src.haive.dataflow.registry.core - ERROR - Error registering entity agent_11915741 in database: {}
2025-04-09 21:47:02,885 - src.haive.dataflow.registry.core - ERROR - Error getting entity 939a0c43-9bb9-4de9-9266-321bc42c73f4 from database: {'code': '42P01', 'details': None, 'hint': None, 'message': 'relation "public.agents.registry" does not exist'}
2025-04-09 21:47:02,935 - src.haive.dataflow.registry.core - ERROR - Error adding import log for agent_11915741: {}
2025-04-09 21:47:02,988 - src.haive.dataflow.registry.core - ERROR - Error registering entity agent_88870b19 in database: {}
2025-04-09 21:47:03,031 - src.haive.dataflow.registry.core - ERROR - Error getting entity f8477020-496c-4611-9473-65ded909a3ba from database: {'code': '42P01', 'details': None, 'hint': None, 'message': 'relation "public.agents.registry" does not exist'}
2025-04-09 21:47:03,074 - src.haive.dataflow.registry.core - ERROR - Error adding configuration to entity f8477020-496c-4611-9473-65ded909a3ba: {}
2025-04-09 21:47:03,129 - src.haive.dataflow.registry.core - ERROR - Error getting entity f8477020-496c-4611-9473-65ded909a3ba from database: {'code': '42P01', 'details': None, 'hint': None, 'message': 'relation "public.agents.registry" does not exist'}
2025-04-09 21:47:03,175 - src.haive.dataflow.registry.core - ERROR - Error adding import log for agent_88870b19: {}
2025-04-09 21:47:03,241 - src.haive.dataflow.registry.core - ERROR - Error registering entity agent_003a59c0 in database: {}
2025-04-09 21:47:03,300 - src.haive.dataflow.registry.core - ERROR - Error getting entity 8cfe7239-47b5-4fbe-b3e3-db719986bd6e from database: {'code': '42P01', 'details': None, 'hint': None, 'message': 'relation "public.agents.registry" does not exist'}
2025-04-09 21:47:03,346 - src.haive.dataflow.registry.core - ERROR - Error adding configuration to entity 8cfe7239-47b5-4fbe-b3e3-db719986bd6e: {}
2025-04-09 21:47:03,393 - src.haive.dataflow.registry.core - ERROR - Error getting entity 8cfe7239-47b5-4fbe-b3e3-db719986bd6e from database: {'code': '42P01', 'details': None, 'hint': None, 'message': 'relation "public.agents.registry" does not exist'}
2025-04-09 21:47:03,436 - src.haive.dataflow.registry.core - ERROR - Error adding import log for agent_003a59c0: {}
2025-04-09 21:47:03,484 - src.haive.dataflow.registry.core - ERROR - Error registering entity agent_99bf2504 in database: {}
2025-04-09 21:47:03,535 - src.haive.dataflow.registry.core - ERROR - Error getting entity 7b7da568-1485-43fc-b0fe-2457447e34ff from database: {'code': '42P01', 'details': None, 'hint': None, 'message': 'relation "public.agents.registry" does not exist'}
2025-04-09 21:47:03,581 - src.haive.dataflow.registry.core - ERROR - Error adding configuration to entity 7b7da568-1485-43fc-b0fe-2457447e34ff: {}
2025-04-09 21:47:03,626 - src.haive.dataflow.registry.core - ERROR - Error getting entity 7b7da568-1485-43fc-b0fe-2457447e34ff from database: {'code': '42P01', 'details': None, 'hint': None, 'message': 'relation "public.agents.registry" does not exist'}
2025-04-09 21:47:03,674 - src.haive.dataflow.registry.core - ERROR - Error adding import log for agent_99bf2504: {}
2025-04-09 21:47:03,741 - src.haive.dataflow.registry.core - ERROR - Error registering entity agent_d36a676f in database: {}
2025-04-09 21:47:03,806 - src.haive.dataflow.registry.core - ERROR - Error getting entity 77b3c85e-a119-483e-b6b9-9b8494b87610 from database: {'code': '42P01', 'details': None, 'hint': None, 'message': 'relation "public.agents.registry" does not exist'}
2025-04-09 21:47:03,854 - src.haive.dataflow.registry.core - ERROR - Error adding import log for agent_d36a676f: {}
2025-04-09 21:47:03,907 - src.haive.dataflow.registry.core - ERROR - Error registering entity agent_628fbe1e in database: {}
2025-04-09 21:47:03,966 - src.haive.dataflow.registry.core - ERROR - Error getting entity fd64c2fe-3f4f-46e0-b3ff-3e7e15b76c9e from database: {'code': '42P01', 'details': None, 'hint': None, 'message': 'relation "public.agents.registry" does not exist'}
2025-04-09 21:47:04,012 - src.haive.dataflow.registry.core - ERROR - Error adding configuration to entity fd64c2fe-3f4f-46e0-b3ff-3e7e15b76c9e: {}
2025-04-09 21:47:04,080 - src.haive.dataflow.registry.core - ERROR - Error getting entity fd64c2fe-3f4f-46e0-b3ff-3e7e15b76c9e from database: {'code': '42P01', 'details': None, 'hint': None, 'message': 'relation "public.agents.registry" does not exist'}
2025-04-09 21:47:04,132 - src.haive.dataflow.registry.core - ERROR - Error adding import log for agent_628fbe1e: {}
2025-04-09 21:47:04,191 - src.haive.dataflow.registry.core - ERROR - Error registering entity agent_28e0b47c in database: {}
2025-04-09 21:47:04,241 - src.haive.dataflow.registry.core - ERROR - Error getting entity c8678b0f-932f-471a-abc6-896e47a1b829 from database: {'code': '42P01', 'details': None, 'hint': None, 'message': 'relation "public.agents.registry" does not exist'}
2025-04-09 21:47:04,290 - src.haive.dataflow.registry.core - ERROR - Error adding import log for agent_28e0b47c: {}
2025-04-09 21:47:04,349 - src.haive.dataflow.registry.core - ERROR - Error registering entity agent_03cc7546 in database: {}
2025-04-09 21:47:04,406 - src.haive.dataflow.registry.core - ERROR - Error getting entity 14cbe5bf-610a-4c11-a389-009553b647c9 from database: {'code': '42P01', 'details': None, 'hint': None, 'message': 'relation "public.agents.registry" does not exist'}
2025-04-09 21:47:04,464 - src.haive.dataflow.registry.core - ERROR - Error adding import log for agent_03cc7546: {}
2025-04-09 21:47:04,522 - src.haive.dataflow.registry.core - ERROR - Error registering entity agent_65d51501 in database: {}
2025-04-09 21:47:04,573 - src.haive.dataflow.registry.core - ERROR - Error getting entity e38c868b-af1e-4d16-b3f0-abf0ffe4387e from database: {'code': '42P01', 'details': None, 'hint': None, 'message': 'relation "public.agents.registry" does not exist'}
2025-04-09 21:47:04,614 - src.haive.dataflow.registry.core - ERROR - Error adding configuration to entity e38c868b-af1e-4d16-b3f0-abf0ffe4387e: {}
2025-04-09 21:47:04,663 - src.haive.dataflow.registry.core - ERROR - Error getting entity e38c868b-af1e-4d16-b3f0-abf0ffe4387e from database: {'code': '42P01', 'details': None, 'hint': None, 'message': 'relation "public.agents.registry" does not exist'}
2025-04-09 21:47:04,708 - src.haive.dataflow.registry.core - ERROR - Error adding import log for agent_65d51501: {}
2025-04-09 21:47:04,769 - src.haive.dataflow.registry.core - ERROR - Error registering entity agent_dfdf92cb in database: {}
2025-04-09 21:47:04,823 - src.haive.dataflow.registry.core - ERROR - Error getting entity 318f8ae6-001f-4fa9-9c66-bfb216f0c992 from database: {'code': '42P01', 'details': None, 'hint': None, 'message': 'relation "public.agents.registry" does not exist'}
2025-04-09 21:47:04,885 - src.haive.dataflow.registry.core - ERROR - Error adding import log for agent_dfdf92cb: {}
2025-04-09 21:47:04,926 - src.haive.dataflow.registry.core - ERROR - Error registering entity agent_50463629 in database: {}
2025-04-09 21:47:04,971 - src.haive.dataflow.registry.core - ERROR - Error getting entity eefaa391-6ce3-4303-88c5-c22fbe98b94b from database: {'code': '42P01', 'details': None, 'hint': None, 'message': 'relation "public.agents.registry" does not exist'}
2025-04-09 21:47:05,027 - src.haive.dataflow.registry.core - ERROR - Error adding configuration to entity eefaa391-6ce3-4303-88c5-c22fbe98b94b: {}
2025-04-09 21:47:05,077 - src.haive.dataflow.registry.core - ERROR - Error getting entity eefaa391-6ce3-4303-88c5-c22fbe98b94b from database: {'code': '42P01', 'details': None, 'hint': None, 'message': 'relation "public.agents.registry" does not exist'}
2025-04-09 21:47:05,135 - src.haive.dataflow.registry.core - ERROR - Error adding import log for agent_50463629: {}
2025-04-09 21:47:05,188 - src.haive.dataflow.registry.core - ERROR - Error registering entity agent_abad3172 in database: {}
2025-04-09 21:47:05,237 - src.haive.dataflow.registry.core - ERROR - Error getting entity 11c55a5a-40fd-461a-a51a-314a6ead785a from database: {'code': '42P01', 'details': None, 'hint': None, 'message': 'relation "public.agents.registry" does not exist'}
2025-04-09 21:47:05,282 - src.haive.dataflow.registry.core - ERROR - Error adding import log for agent_abad3172: {}
2025-04-09 21:47:05,328 - src.haive.dataflow.registry.core - ERROR - Error registering entity agent_34c7befc in database: {}
2025-04-09 21:47:05,372 - src.haive.dataflow.registry.core - ERROR - Error getting entity 7ddb8db4-06ce-4001-9419-d612589fe5f2 from database: {'code': '42P01', 'details': None, 'hint': None, 'message': 'relation "public.agents.registry" does not exist'}
2025-04-09 21:47:05,418 - src.haive.dataflow.registry.core - ERROR - Error adding configuration to entity 7ddb8db4-06ce-4001-9419-d612589fe5f2: {}
2025-04-09 21:47:05,469 - src.haive.dataflow.registry.core - ERROR - Error getting entity 7ddb8db4-06ce-4001-9419-d612589fe5f2 from database: {'code': '42P01', 'details': None, 'hint': None, 'message': 'relation "public.agents.registry" does not exist'}
2025-04-09 21:47:05,515 - src.haive.dataflow.registry.core - ERROR - Error adding import log for agent_34c7befc: {}
2025-04-09 21:47:05,577 - src.haive.dataflow.registry.core - ERROR - Error registering entity agent_b41da41e in database: {}
2025-04-09 21:47:05,625 - src.haive.dataflow.registry.core - ERROR - Error getting entity e0db3bca-026d-43d8-a167-5c356d3480f2 from database: {'code': '42P01', 'details': None, 'hint': None, 'message': 'relation "public.agents.registry" does not exist'}
2025-04-09 21:47:05,668 - src.haive.dataflow.registry.core - ERROR - Error adding configuration to entity e0db3bca-026d-43d8-a167-5c356d3480f2: {}
2025-04-09 21:47:05,712 - src.haive.dataflow.registry.core - ERROR - Error getting entity e0db3bca-026d-43d8-a167-5c356d3480f2 from database: {'code': '42P01', 'details': None, 'hint': None, 'message': 'relation "public.agents.registry" does not exist'}
2025-04-09 21:47:05,760 - src.haive.dataflow.registry.core - ERROR - Error adding import log for agent_b41da41e: {}
2025-04-09 21:47:05,832 - src.haive.dataflow.registry.core - ERROR - Error registering entity agent_b083b586 in database: {}
2025-04-09 21:47:05,884 - src.haive.dataflow.registry.core - ERROR - Error getting entity f1dc813e-e839-482a-9e14-318de23901d9 from database: {'code': '42P01', 'details': None, 'hint': None, 'message': 'relation "public.agents.registry" does not exist'}
2025-04-09 21:47:05,933 - src.haive.dataflow.registry.core - ERROR - Error adding configuration to entity f1dc813e-e839-482a-9e14-318de23901d9: {}
2025-04-09 21:47:05,983 - src.haive.dataflow.registry.core - ERROR - Error getting entity f1dc813e-e839-482a-9e14-318de23901d9 from database: {'code': '42P01', 'details': None, 'hint': None, 'message': 'relation "public.agents.registry" does not exist'}
2025-04-09 21:47:06,036 - src.haive.dataflow.registry.core - ERROR - Error adding import log for agent_b083b586: {}
2025-04-09 21:47:06,088 - src.haive.dataflow.registry.core - ERROR - Error registering entity agent_f919ca49 in database: {}
2025-04-09 21:47:06,132 - src.haive.dataflow.registry.core - ERROR - Error getting entity 40c78e37-172d-4dd1-b13c-33b53919521f from database: {'code': '42P01', 'details': None, 'hint': None, 'message': 'relation "public.agents.registry" does not exist'}
2025-04-09 21:47:06,176 - src.haive.dataflow.registry.core - ERROR - Error adding import log for agent_f919ca49: {}
2025-04-09 21:47:06,228 - src.haive.dataflow.registry.core - ERROR - Error registering entity agent_3db0c763 in database: {}
2025-04-09 21:47:06,294 - src.haive.dataflow.registry.core - ERROR - Error getting entity 45051c47-c3ce-4bca-90b7-04b3f79d75fd from database: {'code': '42P01', 'details': None, 'hint': None, 'message': 'relation "public.agents.registry" does not exist'}
2025-04-09 21:47:06,335 - src.haive.dataflow.registry.core - ERROR - Error adding configuration to entity 45051c47-c3ce-4bca-90b7-04b3f79d75fd: {}
2025-04-09 21:47:06,385 - src.haive.dataflow.registry.core - ERROR - Error getting entity 45051c47-c3ce-4bca-90b7-04b3f79d75fd from database: {'code': '42P01', 'details': None, 'hint': None, 'message': 'relation "public.agents.registry" does not exist'}
2025-04-09 21:47:06,432 - src.haive.dataflow.registry.core - ERROR - Error adding import log for agent_3db0c763: {}
2025-04-09 21:47:06,476 - src.haive.dataflow.registry.core - ERROR - Error registering entity agent_6ea2575b in database: {}
2025-04-09 21:47:06,526 - src.haive.dataflow.registry.core - ERROR - Error getting entity 44b3db85-5fc3-45b4-bfb5-abb63e70c746 from database: {'code': '42P01', 'details': None, 'hint': None, 'message': 'relation "public.agents.registry" does not exist'}
2025-04-09 21:47:06,571 - src.haive.dataflow.registry.core - ERROR - Error adding import log for agent_6ea2575b: {}
2025-04-09 21:47:06,613 - src.haive.dataflow.registry.core - ERROR - Error registering entity agent_7fae592f in database: {}
2025-04-09 21:47:06,656 - src.haive.dataflow.registry.core - ERROR - Error getting entity 927de456-b80a-41ea-847c-2be85b4152a3 from database: {'code': '42P01', 'details': None, 'hint': None, 'message': 'relation "public.agents.registry" does not exist'}
2025-04-09 21:47:06,698 - src.haive.dataflow.registry.core - ERROR - Error adding import log for agent_7fae592f: {}
2025-04-09 21:47:06,740 - src.haive.dataflow.registry.core - ERROR - Error registering entity agent_d5944e09 in database: {}
2025-04-09 21:47:06,787 - src.haive.dataflow.registry.core - ERROR - Error getting entity da136eae-d0f6-48d1-a26b-d69d53229871 from database: {'code': '42P01', 'details': None, 'hint': None, 'message': 'relation "public.agents.registry" does not exist'}
2025-04-09 21:47:06,833 - src.haive.dataflow.registry.core - ERROR - Error adding import log for agent_d5944e09: {}
2025-04-09 21:47:06,880 - src.haive.dataflow.registry.core - ERROR - Error registering entity agent_6a84e424 in database: {}
2025-04-09 21:47:06,930 - src.haive.dataflow.registry.core - ERROR - Error getting entity bbe6ee69-afa2-4c8b-8b4d-23d075143e44 from database: {'code': '42P01', 'details': None, 'hint': None, 'message': 'relation "public.agents.registry" does not exist'}
2025-04-09 21:47:06,971 - src.haive.dataflow.registry.core - ERROR - Error adding import log for agent_6a84e424: {}
2025-04-09 21:47:07,025 - src.haive.dataflow.registry.core - ERROR - Error registering entity agent_1710e9aa in database: {}
2025-04-09 21:47:07,087 - src.haive.dataflow.registry.core - ERROR - Error getting entity 97a9ea10-5fe0-4923-a629-bdde4e1aa4ab from database: {'code': '42P01', 'details': None, 'hint': None, 'message': 'relation "public.agents.registry" does not exist'}
2025-04-09 21:47:07,136 - src.haive.dataflow.registry.core - ERROR - Error adding import log for agent_1710e9aa: {}
2025-04-09 21:47:07,191 - src.haive.dataflow.registry.core - ERROR - Error registering entity agent_82a8d668 in database: {}
2025-04-09 21:47:07,241 - src.haive.dataflow.registry.core - ERROR - Error getting entity ba4caa2b-81bc-4d7c-b2ba-a0a5b2512602 from database: {'code': '42P01', 'details': None, 'hint': None, 'message': 'relation "public.agents.registry" does not exist'}
2025-04-09 21:47:07,296 - src.haive.dataflow.registry.core - ERROR - Error adding import log for agent_82a8d668: {}
2025-04-09 21:47:07,337 - src.haive.dataflow.registry.core - ERROR - Error registering entity TaxonomyAgent in database: {}
2025-04-09 21:47:07,384 - src.haive.dataflow.registry.core - ERROR - Error getting entity 142b924a-859c-4e04-ba10-a4f3647c0bf6 from database: {'code': '42P01', 'details': None, 'hint': None, 'message': 'relation "public.agents.registry" does not exist'}
2025-04-09 21:47:07,427 - src.haive.dataflow.registry.core - ERROR - Error adding configuration to entity 142b924a-859c-4e04-ba10-a4f3647c0bf6: {}
2025-04-09 21:47:07,478 - src.haive.dataflow.registry.core - ERROR - Error getting entity 142b924a-859c-4e04-ba10-a4f3647c0bf6 from database: {'code': '42P01', 'details': None, 'hint': None, 'message': 'relation "public.agents.registry" does not exist'}
2025-04-09 21:47:07,525 - src.haive.dataflow.registry.core - ERROR - Error adding import log for TaxonomyAgent: {}
2025-04-09 21:47:34,818 - src.haive.dataflow.registry.core - ERROR - Error registering entity TaxonomyAgent in database: {}
2025-04-09 21:47:34,906 - src.haive.dataflow.registry.core - ERROR - Error getting entity 738e7336-84fa-4689-a7ca-22ba06fd0802 from database: {'code': '42P01', 'details': None, 'hint': None, 'message': 'relation "public.agents.registry" does not exist'}
2025-04-09 21:47:34,954 - src.haive.dataflow.registry.core - ERROR - Error adding configuration to entity 738e7336-84fa-4689-a7ca-22ba06fd0802: {}
2025-04-09 21:47:35,049 - src.haive.dataflow.registry.core - ERROR - Error getting entity 738e7336-84fa-4689-a7ca-22ba06fd0802 from database: {'code': '42P01', 'details': None, 'hint': None, 'message': 'relation "public.agents.registry" does not exist'}
2025-04-09 21:47:35,135 - src.haive.dataflow.registry.core - ERROR - Error adding import log for TaxonomyAgent: {}
2025-04-09 21:47:35,197 - src.haive.dataflow.registry.core - ERROR - Error registering entity agent_655f85d2 in database: {}
2025-04-09 21:47:35,239 - src.haive.dataflow.registry.core - ERROR - Error getting entity 7e227fd1-45d7-4380-b014-64945aae7c46 from database: {'code': '42P01', 'details': None, 'hint': None, 'message': 'relation "public.agents.registry" does not exist'}
2025-04-09 21:47:35,284 - src.haive.dataflow.registry.core - ERROR - Error adding import log for agent_655f85d2: {}
2025-04-09 21:47:35,334 - src.haive.dataflow.registry.core - ERROR - Error registering entity agent_c741f435 in database: {}
2025-04-09 21:47:35,385 - src.haive.dataflow.registry.core - ERROR - Error getting entity 55311c4b-ed4c-4a7e-a7df-4aa130b6bf11 from database: {'code': '42P01', 'details': None, 'hint': None, 'message': 'relation "public.agents.registry" does not exist'}
2025-04-09 21:47:35,431 - src.haive.dataflow.registry.core - ERROR - Error adding configuration to entity 55311c4b-ed4c-4a7e-a7df-4aa130b6bf11: {}
2025-04-09 21:47:35,479 - src.haive.dataflow.registry.core - ERROR - Error getting entity 55311c4b-ed4c-4a7e-a7df-4aa130b6bf11 from database: {'code': '42P01', 'details': None, 'hint': None, 'message': 'relation "public.agents.registry" does not exist'}
2025-04-09 21:47:35,530 - src.haive.dataflow.registry.core - ERROR - Error adding import log for agent_c741f435: {}
2025-04-09 21:47:35,587 - src.haive.dataflow.registry.core - ERROR - Error registering entity agent_4860943b in database: {}
2025-04-09 21:47:35,639 - src.haive.dataflow.registry.core - ERROR - Error getting entity 8344d2d3-ab8a-4ce1-b783-fc91bceaf770 from database: {'code': '42P01', 'details': None, 'hint': None, 'message': 'relation "public.agents.registry" does not exist'}
2025-04-09 21:47:35,681 - src.haive.dataflow.registry.core - ERROR - Error adding configuration to entity 8344d2d3-ab8a-4ce1-b783-fc91bceaf770: {}
2025-04-09 21:47:35,723 - src.haive.dataflow.registry.core - ERROR - Error getting entity 8344d2d3-ab8a-4ce1-b783-fc91bceaf770 from database: {'code': '42P01', 'details': None, 'hint': None, 'message': 'relation "public.agents.registry" does not exist'}
2025-04-09 21:47:35,781 - src.haive.dataflow.registry.core - ERROR - Error adding import log for agent_4860943b: {}
2025-04-09 21:47:35,829 - src.haive.dataflow.registry.core - ERROR - Error registering entity agent_44ec8c19 in database: {}
2025-04-09 21:47:35,877 - src.haive.dataflow.registry.core - ERROR - Error getting entity 659cb740-97a0-4139-87ac-336c5132fdbf from database: {'code': '42P01', 'details': None, 'hint': None, 'message': 'relation "public.agents.registry" does not exist'}
2025-04-09 21:47:35,920 - src.haive.dataflow.registry.core - ERROR - Error adding import log for agent_44ec8c19: {}
2025-04-09 21:47:35,965 - src.haive.dataflow.registry.core - ERROR - Error registering entity agent_599f5def in database: {}
2025-04-09 21:47:36,012 - src.haive.dataflow.registry.core - ERROR - Error getting entity 64481751-ab2e-4b3e-b02c-ace18269385d from database: {'code': '42P01', 'details': None, 'hint': None, 'message': 'relation "public.agents.registry" does not exist'}
2025-04-09 21:47:36,060 - src.haive.dataflow.registry.core - ERROR - Error adding configuration to entity 64481751-ab2e-4b3e-b02c-ace18269385d: {}
2025-04-09 21:47:36,117 - src.haive.dataflow.registry.core - ERROR - Error getting entity 64481751-ab2e-4b3e-b02c-ace18269385d from database: {'code': '42P01', 'details': None, 'hint': None, 'message': 'relation "public.agents.registry" does not exist'}
2025-04-09 21:47:36,165 - src.haive.dataflow.registry.core - ERROR - Error adding import log for agent_599f5def: {}
2025-04-09 21:47:36,212 - src.haive.dataflow.registry.core - ERROR - Error registering entity agent_6c8fa0d6 in database: {}
2025-04-09 21:47:36,256 - src.haive.dataflow.registry.core - ERROR - Error getting entity 447f02e3-c9a6-4a24-a153-85bfa8e78631 from database: {'code': '42P01', 'details': None, 'hint': None, 'message': 'relation "public.agents.registry" does not exist'}
2025-04-09 21:47:36,301 - src.haive.dataflow.registry.core - ERROR - Error adding configuration to entity 447f02e3-c9a6-4a24-a153-85bfa8e78631: {}
2025-04-09 21:47:36,345 - src.haive.dataflow.registry.core - ERROR - Error getting entity 447f02e3-c9a6-4a24-a153-85bfa8e78631 from database: {'code': '42P01', 'details': None, 'hint': None, 'message': 'relation "public.agents.registry" does not exist'}
2025-04-09 21:47:36,386 - src.haive.dataflow.registry.core - ERROR - Error adding import log for agent_6c8fa0d6: {}
2025-04-09 21:47:36,436 - src.haive.dataflow.registry.core - ERROR - Error registering entity agent_bf1e41b2 in database: {}
2025-04-09 21:47:36,478 - src.haive.dataflow.registry.core - ERROR - Error getting entity 8bf4a524-8004-458a-bbb9-095fb42e9f11 from database: {'code': '42P01', 'details': None, 'hint': None, 'message': 'relation "public.agents.registry" does not exist'}
2025-04-09 21:47:36,527 - src.haive.dataflow.registry.core - ERROR - Error adding configuration to entity 8bf4a524-8004-458a-bbb9-095fb42e9f11: {}
2025-04-09 21:47:36,572 - src.haive.dataflow.registry.core - ERROR - Error getting entity 8bf4a524-8004-458a-bbb9-095fb42e9f11 from database: {'code': '42P01', 'details': None, 'hint': None, 'message': 'relation "public.agents.registry" does not exist'}
2025-04-09 21:47:36,618 - src.haive.dataflow.registry.core - ERROR - Error adding import log for agent_bf1e41b2: {}
2025-04-09 21:47:36,664 - src.haive.dataflow.registry.core - ERROR - Error registering entity agent_cb3a24e9 in database: {}
2025-04-09 21:47:36,706 - src.haive.dataflow.registry.core - ERROR - Error getting entity d49328c7-c827-46a0-b82c-f267b1ae8d5b from database: {'code': '42P01', 'details': None, 'hint': None, 'message': 'relation "public.agents.registry" does not exist'}
2025-04-09 21:47:36,751 - src.haive.dataflow.registry.core - ERROR - Error adding configuration to entity d49328c7-c827-46a0-b82c-f267b1ae8d5b: {}
2025-04-09 21:47:36,794 - src.haive.dataflow.registry.core - ERROR - Error getting entity d49328c7-c827-46a0-b82c-f267b1ae8d5b from database: {'code': '42P01', 'details': None, 'hint': None, 'message': 'relation "public.agents.registry" does not exist'}
2025-04-09 21:47:36,839 - src.haive.dataflow.registry.core - ERROR - Error adding import log for agent_cb3a24e9: {}
2025-04-09 21:47:36,884 - src.haive.dataflow.registry.core - ERROR - Error registering entity agent_b2ad1bf6 in database: {}
2025-04-09 21:47:36,926 - src.haive.dataflow.registry.core - ERROR - Error getting entity 636f3f88-ce22-445e-b2db-99f642d03c4c from database: {'code': '42P01', 'details': None, 'hint': None, 'message': 'relation "public.agents.registry" does not exist'}
2025-04-09 21:47:36,967 - src.haive.dataflow.registry.core - ERROR - Error adding import log for agent_b2ad1bf6: {}
2025-04-09 21:47:37,202 - src.haive.dataflow.registry.core - ERROR - Error listing entities from database: {'code': '42P01', 'details': None, 'hint': None, 'message': 'relation "public.agents.registry" does not exist'}
2025-04-09 21:47:37,243 - src.haive.dataflow.registry.core - ERROR - Error getting dependencies for entity 3f395299-0573-49c8-ad39-b819206e12a5 from database: {'code': '42P01', 'details': None, 'hint': None, 'message': 'relation "public.agents.dependencies" does not exist'}
2025-04-09 21:47:37,289 - src.haive.dataflow.registry.core - ERROR - Error getting configurations for entity 3f395299-0573-49c8-ad39-b819206e12a5 from database: {'code': '42P01', 'details': None, 'hint': None, 'message': 'relation "public.agents.configurations" does not exist'}
2025-04-09 21:47:37,329 - src.haive.dataflow.registry.core - ERROR - Error getting dependencies for entity 468b8e9c-072b-4d89-8a8d-605f1fb3acd3 from database: {'code': '42P01', 'details': None, 'hint': None, 'message': 'relation "public.agents.dependencies" does not exist'}
2025-04-09 21:47:37,372 - src.haive.dataflow.registry.core - ERROR - Error getting configurations for entity 468b8e9c-072b-4d89-8a8d-605f1fb3acd3 from database: {'code': '42P01', 'details': None, 'hint': None, 'message': 'relation "public.agents.configurations" does not exist'}
2025-04-09 21:47:37,412 - src.haive.dataflow.registry.core - ERROR - Error getting dependencies for entity a20b4ef5-f5f6-4e51-9e2b-01e0ae20c807 from database: {'code': '42P01', 'details': None, 'hint': None, 'message': 'relation "public.agents.dependencies" does not exist'}
2025-04-09 21:47:37,457 - src.haive.dataflow.registry.core - ERROR - Error getting configurations for entity a20b4ef5-f5f6-4e51-9e2b-01e0ae20c807 from database: {'code': '42P01', 'details': None, 'hint': None, 'message': 'relation "public.agents.configurations" does not exist'}
2025-04-09 21:47:37,501 - src.haive.dataflow.registry.core - ERROR - Error getting dependencies for entity b30a8abd-0109-4dfd-b8a1-0210122d7e63 from database: {'code': '42P01', 'details': None, 'hint': None, 'message': 'relation "public.agents.dependencies" does not exist'}
2025-04-09 21:47:37,543 - src.haive.dataflow.registry.core - ERROR - Error getting configurations for entity b30a8abd-0109-4dfd-b8a1-0210122d7e63 from database: {'code': '42P01', 'details': None, 'hint': None, 'message': 'relation "public.agents.configurations" does not exist'}
2025-04-09 21:47:37,585 - src.haive.dataflow.registry.core - ERROR - Error getting dependencies for entity 8113dcae-0272-448a-9da0-9dbe93f0c5a1 from database: {'code': '42P01', 'details': None, 'hint': None, 'message': 'relation "public.agents.dependencies" does not exist'}
2025-04-09 21:47:37,625 - src.haive.dataflow.registry.core - ERROR - Error getting configurations for entity 8113dcae-0272-448a-9da0-9dbe93f0c5a1 from database: {'code': '42P01', 'details': None, 'hint': None, 'message': 'relation "public.agents.configurations" does not exist'}
2025-04-09 21:47:37,669 - src.haive.dataflow.registry.core - ERROR - Error getting dependencies for entity ab345292-3f3f-4b1b-aac5-2924f438be66 from database: {'code': '42P01', 'details': None, 'hint': None, 'message': 'relation "public.agents.dependencies" does not exist'}
2025-04-09 21:47:37,712 - src.haive.dataflow.registry.core - ERROR - Error getting configurations for entity ab345292-3f3f-4b1b-aac5-2924f438be66 from database: {'code': '42P01', 'details': None, 'hint': None, 'message': 'relation "public.agents.configurations" does not exist'}
2025-04-09 21:47:37,754 - src.haive.dataflow.registry.core - ERROR - Error getting dependencies for entity cc6cb04d-24d9-4b0f-adaa-8ce7e1e96569 from database: {'code': '42P01', 'details': None, 'hint': None, 'message': 'relation "public.agents.dependencies" does not exist'}
2025-04-09 21:47:37,795 - src.haive.dataflow.registry.core - ERROR - Error getting configurations for entity cc6cb04d-24d9-4b0f-adaa-8ce7e1e96569 from database: {'code': '42P01', 'details': None, 'hint': None, 'message': 'relation "public.agents.configurations" does not exist'}
2025-04-09 21:47:37,834 - src.haive.dataflow.registry.core - ERROR - Error getting dependencies for entity 22d5d5fd-8da8-4077-bef2-f6b127f234cd from database: {'code': '42P01', 'details': None, 'hint': None, 'message': 'relation "public.agents.dependencies" does not exist'}
2025-04-09 21:47:37,882 - src.haive.dataflow.registry.core - ERROR - Error getting configurations for entity 22d5d5fd-8da8-4077-bef2-f6b127f234cd from database: {'code': '42P01', 'details': None, 'hint': None, 'message': 'relation "public.agents.configurations" does not exist'}
2025-04-09 21:47:37,922 - src.haive.dataflow.registry.core - ERROR - Error getting dependencies for entity 0589cfb6-99ed-4a0c-8211-218b3fa37064 from database: {'code': '42P01', 'details': None, 'hint': None, 'message': 'relation "public.agents.dependencies" does not exist'}
2025-04-09 21:47:37,964 - src.haive.dataflow.registry.core - ERROR - Error getting configurations for entity 0589cfb6-99ed-4a0c-8211-218b3fa37064 from database: {'code': '42P01', 'details': None, 'hint': None, 'message': 'relation "public.agents.configurations" does not exist'}
2025-04-09 21:47:38,005 - src.haive.dataflow.registry.core - ERROR - Error getting dependencies for entity b1854edc-b6e9-4eb4-a2a7-8d2873148aee from database: {'code': '42P01', 'details': None, 'hint': None, 'message': 'relation "public.agents.dependencies" does not exist'}
2025-04-09 21:47:38,048 - src.haive.dataflow.registry.core - ERROR - Error getting entity c058cd5e-91af-4409-9873-23b20a137973 from database: {'code': '42P01', 'details': None, 'hint': None, 'message': 'relation "public.agents.registry" does not exist'}
2025-04-09 21:47:38,091 - src.haive.dataflow.registry.core - ERROR - Error getting configurations for entity b1854edc-b6e9-4eb4-a2a7-8d2873148aee from database: {'code': '42P01', 'details': None, 'hint': None, 'message': 'relation "public.agents.configurations" does not exist'}
2025-04-09 21:47:38,143 - src.haive.dataflow.registry.core - ERROR - Error getting dependencies for entity a61c780b-9969-475b-a63c-467f9a943501 from database: {'code': '42P01', 'details': None, 'hint': None, 'message': 'relation "public.agents.dependencies" does not exist'}
2025-04-09 21:47:38,186 - src.haive.dataflow.registry.core - ERROR - Error getting configurations for entity a61c780b-9969-475b-a63c-467f9a943501 from database: {'code': '42P01', 'details': None, 'hint': None, 'message': 'relation "public.agents.configurations" does not exist'}
2025-04-09 21:47:38,228 - src.haive.dataflow.registry.core - ERROR - Error getting dependencies for entity c1ad03fa-64e6-44bd-9042-395f77fe60f2 from database: {'code': '42P01', 'details': None, 'hint': None, 'message': 'relation "public.agents.dependencies" does not exist'}
2025-04-09 21:47:38,274 - src.haive.dataflow.registry.core - ERROR - Error getting entity 73d9178c-e5df-42f4-8542-3d9daec7f392 from database: {'code': '42P01', 'details': None, 'hint': None, 'message': 'relation "public.agents.registry" does not exist'}
2025-04-09 21:47:38,319 - src.haive.dataflow.registry.core - ERROR - Error getting configurations for entity c1ad03fa-64e6-44bd-9042-395f77fe60f2 from database: {'code': '42P01', 'details': None, 'hint': None, 'message': 'relation "public.agents.configurations" does not exist'}
2025-04-09 21:47:38,365 - src.haive.dataflow.registry.core - ERROR - Error getting dependencies for entity f0871cdb-4bea-4fab-9a6e-76561a0d6b3d from database: {'code': '42P01', 'details': None, 'hint': None, 'message': 'relation "public.agents.dependencies" does not exist'}
2025-04-09 21:47:38,408 - src.haive.dataflow.registry.core - ERROR - Error getting configurations for entity f0871cdb-4bea-4fab-9a6e-76561a0d6b3d from database: {'code': '42P01', 'details': None, 'hint': None, 'message': 'relation "public.agents.configurations" does not exist'}
2025-04-09 21:47:38,459 - src.haive.dataflow.registry.core - ERROR - Error getting dependencies for entity 11ae950b-8779-4e10-9321-ab117529dff1 from database: {'code': '42P01', 'details': None, 'hint': None, 'message': 'relation "public.agents.dependencies" does not exist'}
2025-04-09 21:47:38,503 - src.haive.dataflow.registry.core - ERROR - Error getting configurations for entity 11ae950b-8779-4e10-9321-ab117529dff1 from database: {'code': '42P01', 'details': None, 'hint': None, 'message': 'relation "public.agents.configurations" does not exist'}
2025-04-09 21:47:38,553 - src.haive.dataflow.registry.core - ERROR - Error getting dependencies for entity 28bed4b2-ebf8-4f0a-be04-6ec0769ea010 from database: {'code': '42P01', 'details': None, 'hint': None, 'message': 'relation "public.agents.dependencies" does not exist'}
2025-04-09 21:47:38,596 - src.haive.dataflow.registry.core - ERROR - Error getting configurations for entity 28bed4b2-ebf8-4f0a-be04-6ec0769ea010 from database: {'code': '42P01', 'details': None, 'hint': None, 'message': 'relation "public.agents.configurations" does not exist'}
2025-04-09 21:47:38,646 - src.haive.dataflow.registry.core - ERROR - Error getting dependencies for entity 83e0d80c-79bc-4f65-99cc-1081e64c8be4 from database: {'code': '42P01', 'details': None, 'hint': None, 'message': 'relation "public.agents.dependencies" does not exist'}
2025-04-09 21:47:38,689 - src.haive.dataflow.registry.core - ERROR - Error getting configurations for entity 83e0d80c-79bc-4f65-99cc-1081e64c8be4 from database: {'code': '42P01', 'details': None, 'hint': None, 'message': 'relation "public.agents.configurations" does not exist'}
2025-04-09 21:47:38,742 - src.haive.dataflow.registry.core - ERROR - Error getting dependencies for entity 5a747c59-a89b-4955-a9b4-f289ac1c7201 from database: {'code': '42P01', 'details': None, 'hint': None, 'message': 'relation "public.agents.dependencies" does not exist'}
2025-04-09 21:47:38,788 - src.haive.dataflow.registry.core - ERROR - Error getting configurations for entity 5a747c59-a89b-4955-a9b4-f289ac1c7201 from database: {'code': '42P01', 'details': None, 'hint': None, 'message': 'relation "public.agents.configurations" does not exist'}
2025-04-09 21:47:38,837 - src.haive.dataflow.registry.core - ERROR - Error getting dependencies for entity 3d5eafb4-5982-4d74-89fc-5338d088e1ed from database: {'code': '42P01', 'details': None, 'hint': None, 'message': 'relation "public.agents.dependencies" does not exist'}
2025-04-09 21:47:38,880 - src.haive.dataflow.registry.core - ERROR - Error getting configurations for entity 3d5eafb4-5982-4d74-89fc-5338d088e1ed from database: {'code': '42P01', 'details': None, 'hint': None, 'message': 'relation "public.agents.configurations" does not exist'}
2025-04-09 21:47:38,935 - src.haive.dataflow.registry.core - ERROR - Error getting dependencies for entity cf4f388f-d7d8-42c3-b061-46c55693e9ab from database: {'code': '42P01', 'details': None, 'hint': None, 'message': 'relation "public.agents.dependencies" does not exist'}
2025-04-09 21:47:38,976 - src.haive.dataflow.registry.core - ERROR - Error getting configurations for entity cf4f388f-d7d8-42c3-b061-46c55693e9ab from database: {'code': '42P01', 'details': None, 'hint': None, 'message': 'relation "public.agents.configurations" does not exist'}
2025-04-09 21:47:39,017 - src.haive.dataflow.registry.core - ERROR - Error getting dependencies for entity 028b92cf-c479-4c18-a721-03c564c50d1e from database: {'code': '42P01', 'details': None, 'hint': None, 'message': 'relation "public.agents.dependencies" does not exist'}
2025-04-09 21:47:39,059 - src.haive.dataflow.registry.core - ERROR - Error getting configurations for entity 028b92cf-c479-4c18-a721-03c564c50d1e from database: {'code': '42P01', 'details': None, 'hint': None, 'message': 'relation "public.agents.configurations" does not exist'}
2025-04-09 21:47:39,105 - src.haive.dataflow.registry.core - ERROR - Error getting dependencies for entity d8ddc705-2ef3-4b8a-84c6-55173d4f5a87 from database: {'code': '42P01', 'details': None, 'hint': None, 'message': 'relation "public.agents.dependencies" does not exist'}
2025-04-09 21:47:39,153 - src.haive.dataflow.registry.core - ERROR - Error getting configurations for entity d8ddc705-2ef3-4b8a-84c6-55173d4f5a87 from database: {'code': '42P01', 'details': None, 'hint': None, 'message': 'relation "public.agents.configurations" does not exist'}
2025-04-09 21:47:39,205 - src.haive.dataflow.registry.core - ERROR - Error getting dependencies for entity 0dc8bc53-ff5a-479b-aece-ed1e5bb7a943 from database: {'code': '42P01', 'details': None, 'hint': None, 'message': 'relation "public.agents.dependencies" does not exist'}
2025-04-09 21:47:39,258 - src.haive.dataflow.registry.core - ERROR - Error getting configurations for entity 0dc8bc53-ff5a-479b-aece-ed1e5bb7a943 from database: {'code': '42P01', 'details': None, 'hint': None, 'message': 'relation "public.agents.configurations" does not exist'}
2025-04-09 21:47:39,298 - src.haive.dataflow.registry.core - ERROR - Error getting dependencies for entity b033b8f3-0ae6-42c7-bb3c-1ce2d4c2f0c2 from database: {'code': '42P01', 'details': None, 'hint': None, 'message': 'relation "public.agents.dependencies" does not exist'}
2025-04-09 21:47:39,338 - src.haive.dataflow.registry.core - ERROR - Error getting configurations for entity b033b8f3-0ae6-42c7-bb3c-1ce2d4c2f0c2 from database: {'code': '42P01', 'details': None, 'hint': None, 'message': 'relation "public.agents.configurations" does not exist'}
2025-04-09 21:47:39,381 - src.haive.dataflow.registry.core - ERROR - Error getting dependencies for entity 939a0c43-9bb9-4de9-9266-321bc42c73f4 from database: {'code': '42P01', 'details': None, 'hint': None, 'message': 'relation "public.agents.dependencies" does not exist'}
2025-04-09 21:47:39,421 - src.haive.dataflow.registry.core - ERROR - Error getting configurations for entity 939a0c43-9bb9-4de9-9266-321bc42c73f4 from database: {'code': '42P01', 'details': None, 'hint': None, 'message': 'relation "public.agents.configurations" does not exist'}
2025-04-09 21:47:39,465 - src.haive.dataflow.registry.core - ERROR - Error getting dependencies for entity f8477020-496c-4611-9473-65ded909a3ba from database: {'code': '42P01', 'details': None, 'hint': None, 'message': 'relation "public.agents.dependencies" does not exist'}
2025-04-09 21:47:39,509 - src.haive.dataflow.registry.core - ERROR - Error getting configurations for entity f8477020-496c-4611-9473-65ded909a3ba from database: {'code': '42P01', 'details': None, 'hint': None, 'message': 'relation "public.agents.configurations" does not exist'}
2025-04-09 21:47:39,702 - src.haive.dataflow.registry.core - ERROR - Error getting dependencies for entity 8cfe7239-47b5-4fbe-b3e3-db719986bd6e from database: {'code': '42P01', 'details': None, 'hint': None, 'message': 'relation "public.agents.dependencies" does not exist'}
2025-04-09 21:47:39,748 - src.haive.dataflow.registry.core - ERROR - Error getting configurations for entity 8cfe7239-47b5-4fbe-b3e3-db719986bd6e from database: {'code': '42P01', 'details': None, 'hint': None, 'message': 'relation "public.agents.configurations" does not exist'}
2025-04-09 21:47:39,792 - src.haive.dataflow.registry.core - ERROR - Error getting dependencies for entity 7b7da568-1485-43fc-b0fe-2457447e34ff from database: {'code': '42P01', 'details': None, 'hint': None, 'message': 'relation "public.agents.dependencies" does not exist'}
2025-04-09 21:47:39,846 - src.haive.dataflow.registry.core - ERROR - Error getting configurations for entity 7b7da568-1485-43fc-b0fe-2457447e34ff from database: {'code': '42P01', 'details': None, 'hint': None, 'message': 'relation "public.agents.configurations" does not exist'}
2025-04-09 21:47:39,895 - src.haive.dataflow.registry.core - ERROR - Error getting dependencies for entity 77b3c85e-a119-483e-b6b9-9b8494b87610 from database: {'code': '42P01', 'details': None, 'hint': None, 'message': 'relation "public.agents.dependencies" does not exist'}
2025-04-09 21:47:39,951 - src.haive.dataflow.registry.core - ERROR - Error getting configurations for entity 77b3c85e-a119-483e-b6b9-9b8494b87610 from database: {'code': '42P01', 'details': None, 'hint': None, 'message': 'relation "public.agents.configurations" does not exist'}
2025-04-09 21:47:40,003 - src.haive.dataflow.registry.core - ERROR - Error getting dependencies for entity fd64c2fe-3f4f-46e0-b3ff-3e7e15b76c9e from database: {'code': '42P01', 'details': None, 'hint': None, 'message': 'relation "public.agents.dependencies" does not exist'}
2025-04-09 21:47:40,047 - src.haive.dataflow.registry.core - ERROR - Error getting configurations for entity fd64c2fe-3f4f-46e0-b3ff-3e7e15b76c9e from database: {'code': '42P01', 'details': None, 'hint': None, 'message': 'relation "public.agents.configurations" does not exist'}
2025-04-09 21:47:40,091 - src.haive.dataflow.registry.core - ERROR - Error getting dependencies for entity c8678b0f-932f-471a-abc6-896e47a1b829 from database: {'code': '42P01', 'details': None, 'hint': None, 'message': 'relation "public.agents.dependencies" does not exist'}
2025-04-09 21:47:40,133 - src.haive.dataflow.registry.core - ERROR - Error getting configurations for entity c8678b0f-932f-471a-abc6-896e47a1b829 from database: {'code': '42P01', 'details': None, 'hint': None, 'message': 'relation "public.agents.configurations" does not exist'}
2025-04-09 21:47:40,175 - src.haive.dataflow.registry.core - ERROR - Error getting dependencies for entity 14cbe5bf-610a-4c11-a389-009553b647c9 from database: {'code': '42P01', 'details': None, 'hint': None, 'message': 'relation "public.agents.dependencies" does not exist'}
2025-04-09 21:47:40,217 - src.haive.dataflow.registry.core - ERROR - Error getting configurations for entity 14cbe5bf-610a-4c11-a389-009553b647c9 from database: {'code': '42P01', 'details': None, 'hint': None, 'message': 'relation "public.agents.configurations" does not exist'}
2025-04-09 21:47:40,258 - src.haive.dataflow.registry.core - ERROR - Error getting dependencies for entity e38c868b-af1e-4d16-b3f0-abf0ffe4387e from database: {'code': '42P01', 'details': None, 'hint': None, 'message': 'relation "public.agents.dependencies" does not exist'}
2025-04-09 21:47:40,304 - src.haive.dataflow.registry.core - ERROR - Error getting configurations for entity e38c868b-af1e-4d16-b3f0-abf0ffe4387e from database: {'code': '42P01', 'details': None, 'hint': None, 'message': 'relation "public.agents.configurations" does not exist'}
2025-04-09 21:47:40,347 - src.haive.dataflow.registry.core - ERROR - Error getting dependencies for entity 318f8ae6-001f-4fa9-9c66-bfb216f0c992 from database: {'code': '42P01', 'details': None, 'hint': None, 'message': 'relation "public.agents.dependencies" does not exist'}
2025-04-09 21:47:40,389 - src.haive.dataflow.registry.core - ERROR - Error getting configurations for entity 318f8ae6-001f-4fa9-9c66-bfb216f0c992 from database: {'code': '42P01', 'details': None, 'hint': None, 'message': 'relation "public.agents.configurations" does not exist'}
2025-04-09 21:47:40,431 - src.haive.dataflow.registry.core - ERROR - Error getting dependencies for entity eefaa391-6ce3-4303-88c5-c22fbe98b94b from database: {'code': '42P01', 'details': None, 'hint': None, 'message': 'relation "public.agents.dependencies" does not exist'}
2025-04-09 21:47:40,471 - src.haive.dataflow.registry.core - ERROR - Error getting configurations for entity eefaa391-6ce3-4303-88c5-c22fbe98b94b from database: {'code': '42P01', 'details': None, 'hint': None, 'message': 'relation "public.agents.configurations" does not exist'}
2025-04-09 21:47:40,514 - src.haive.dataflow.registry.core - ERROR - Error getting dependencies for entity 11c55a5a-40fd-461a-a51a-314a6ead785a from database: {'code': '42P01', 'details': None, 'hint': None, 'message': 'relation "public.agents.dependencies" does not exist'}
2025-04-09 21:47:40,555 - src.haive.dataflow.registry.core - ERROR - Error getting configurations for entity 11c55a5a-40fd-461a-a51a-314a6ead785a from database: {'code': '42P01', 'details': None, 'hint': None, 'message': 'relation "public.agents.configurations" does not exist'}
2025-04-09 21:47:40,596 - src.haive.dataflow.registry.core - ERROR - Error getting dependencies for entity 7ddb8db4-06ce-4001-9419-d612589fe5f2 from database: {'code': '42P01', 'details': None, 'hint': None, 'message': 'relation "public.agents.dependencies" does not exist'}
2025-04-09 21:47:40,638 - src.haive.dataflow.registry.core - ERROR - Error getting configurations for entity 7ddb8db4-06ce-4001-9419-d612589fe5f2 from database: {'code': '42P01', 'details': None, 'hint': None, 'message': 'relation "public.agents.configurations" does not exist'}
2025-04-09 21:47:40,680 - src.haive.dataflow.registry.core - ERROR - Error getting dependencies for entity e0db3bca-026d-43d8-a167-5c356d3480f2 from database: {'code': '42P01', 'details': None, 'hint': None, 'message': 'relation "public.agents.dependencies" does not exist'}
2025-04-09 21:47:40,726 - src.haive.dataflow.registry.core - ERROR - Error getting configurations for entity e0db3bca-026d-43d8-a167-5c356d3480f2 from database: {'code': '42P01', 'details': None, 'hint': None, 'message': 'relation "public.agents.configurations" does not exist'}
2025-04-09 21:47:40,767 - src.haive.dataflow.registry.core - ERROR - Error getting dependencies for entity f1dc813e-e839-482a-9e14-318de23901d9 from database: {'code': '42P01', 'details': None, 'hint': None, 'message': 'relation "public.agents.dependencies" does not exist'}
2025-04-09 21:47:40,811 - src.haive.dataflow.registry.core - ERROR - Error getting configurations for entity f1dc813e-e839-482a-9e14-318de23901d9 from database: {'code': '42P01', 'details': None, 'hint': None, 'message': 'relation "public.agents.configurations" does not exist'}
2025-04-09 21:47:40,855 - src.haive.dataflow.registry.core - ERROR - Error getting dependencies for entity 40c78e37-172d-4dd1-b13c-33b53919521f from database: {'code': '42P01', 'details': None, 'hint': None, 'message': 'relation "public.agents.dependencies" does not exist'}
2025-04-09 21:47:40,898 - src.haive.dataflow.registry.core - ERROR - Error getting configurations for entity 40c78e37-172d-4dd1-b13c-33b53919521f from database: {'code': '42P01', 'details': None, 'hint': None, 'message': 'relation "public.agents.configurations" does not exist'}
2025-04-09 21:47:40,937 - src.haive.dataflow.registry.core - ERROR - Error getting dependencies for entity 45051c47-c3ce-4bca-90b7-04b3f79d75fd from database: {'code': '42P01', 'details': None, 'hint': None, 'message': 'relation "public.agents.dependencies" does not exist'}
2025-04-09 21:47:40,977 - src.haive.dataflow.registry.core - ERROR - Error getting configurations for entity 45051c47-c3ce-4bca-90b7-04b3f79d75fd from database: {'code': '42P01', 'details': None, 'hint': None, 'message': 'relation "public.agents.configurations" does not exist'}
2025-04-09 21:47:41,023 - src.haive.dataflow.registry.core - ERROR - Error getting dependencies for entity 44b3db85-5fc3-45b4-bfb5-abb63e70c746 from database: {'code': '42P01', 'details': None, 'hint': None, 'message': 'relation "public.agents.dependencies" does not exist'}
2025-04-09 21:47:41,066 - src.haive.dataflow.registry.core - ERROR - Error getting configurations for entity 44b3db85-5fc3-45b4-bfb5-abb63e70c746 from database: {'code': '42P01', 'details': None, 'hint': None, 'message': 'relation "public.agents.configurations" does not exist'}
2025-04-09 21:47:41,108 - src.haive.dataflow.registry.core - ERROR - Error getting dependencies for entity 927de456-b80a-41ea-847c-2be85b4152a3 from database: {'code': '42P01', 'details': None, 'hint': None, 'message': 'relation "public.agents.dependencies" does not exist'}
2025-04-09 21:47:41,155 - src.haive.dataflow.registry.core - ERROR - Error getting configurations for entity 927de456-b80a-41ea-847c-2be85b4152a3 from database: {'code': '42P01', 'details': None, 'hint': None, 'message': 'relation "public.agents.configurations" does not exist'}
2025-04-09 21:47:41,200 - src.haive.dataflow.registry.core - ERROR - Error getting dependencies for entity da136eae-d0f6-48d1-a26b-d69d53229871 from database: {'code': '42P01', 'details': None, 'hint': None, 'message': 'relation "public.agents.dependencies" does not exist'}
2025-04-09 21:47:41,241 - src.haive.dataflow.registry.core - ERROR - Error getting configurations for entity da136eae-d0f6-48d1-a26b-d69d53229871 from database: {'code': '42P01', 'details': None, 'hint': None, 'message': 'relation "public.agents.configurations" does not exist'}
2025-04-09 21:47:41,289 - src.haive.dataflow.registry.core - ERROR - Error getting dependencies for entity bbe6ee69-afa2-4c8b-8b4d-23d075143e44 from database: {'code': '42P01', 'details': None, 'hint': None, 'message': 'relation "public.agents.dependencies" does not exist'}
2025-04-09 21:47:41,331 - src.haive.dataflow.registry.core - ERROR - Error getting configurations for entity bbe6ee69-afa2-4c8b-8b4d-23d075143e44 from database: {'code': '42P01', 'details': None, 'hint': None, 'message': 'relation "public.agents.configurations" does not exist'}
2025-04-09 21:47:41,374 - src.haive.dataflow.registry.core - ERROR - Error getting dependencies for entity 97a9ea10-5fe0-4923-a629-bdde4e1aa4ab from database: {'code': '42P01', 'details': None, 'hint': None, 'message': 'relation "public.agents.dependencies" does not exist'}
2025-04-09 21:47:41,417 - src.haive.dataflow.registry.core - ERROR - Error getting configurations for entity 97a9ea10-5fe0-4923-a629-bdde4e1aa4ab from database: {'code': '42P01', 'details': None, 'hint': None, 'message': 'relation "public.agents.configurations" does not exist'}
2025-04-09 21:47:41,458 - src.haive.dataflow.registry.core - ERROR - Error getting dependencies for entity ba4caa2b-81bc-4d7c-b2ba-a0a5b2512602 from database: {'code': '42P01', 'details': None, 'hint': None, 'message': 'relation "public.agents.dependencies" does not exist'}
2025-04-09 21:47:41,502 - src.haive.dataflow.registry.core - ERROR - Error getting configurations for entity ba4caa2b-81bc-4d7c-b2ba-a0a5b2512602 from database: {'code': '42P01', 'details': None, 'hint': None, 'message': 'relation "public.agents.configurations" does not exist'}
2025-04-09 21:47:41,543 - src.haive.dataflow.registry.core - ERROR - Error getting dependencies for entity 142b924a-859c-4e04-ba10-a4f3647c0bf6 from database: {'code': '42P01', 'details': None, 'hint': None, 'message': 'relation "public.agents.dependencies" does not exist'}
2025-04-09 21:47:41,584 - src.haive.dataflow.registry.core - ERROR - Error getting configurations for entity 142b924a-859c-4e04-ba10-a4f3647c0bf6 from database: {'code': '42P01', 'details': None, 'hint': None, 'message': 'relation "public.agents.configurations" does not exist'}
2025-04-09 21:47:41,625 - src.haive.dataflow.registry.core - ERROR - Error getting dependencies for entity 738e7336-84fa-4689-a7ca-22ba06fd0802 from database: {'code': '42P01', 'details': None, 'hint': None, 'message': 'relation "public.agents.dependencies" does not exist'}
2025-04-09 21:47:41,667 - src.haive.dataflow.registry.core - ERROR - Error getting configurations for entity 738e7336-84fa-4689-a7ca-22ba06fd0802 from database: {'code': '42P01', 'details': None, 'hint': None, 'message': 'relation "public.agents.configurations" does not exist'}
2025-04-09 21:47:41,710 - src.haive.dataflow.registry.core - ERROR - Error getting dependencies for entity 7e227fd1-45d7-4380-b014-64945aae7c46 from database: {'code': '42P01', 'details': None, 'hint': None, 'message': 'relation "public.agents.dependencies" does not exist'}
2025-04-09 21:47:41,752 - src.haive.dataflow.registry.core - ERROR - Error getting configurations for entity 7e227fd1-45d7-4380-b014-64945aae7c46 from database: {'code': '42P01', 'details': None, 'hint': None, 'message': 'relation "public.agents.configurations" does not exist'}
2025-04-09 21:47:41,793 - src.haive.dataflow.registry.core - ERROR - Error getting dependencies for entity 55311c4b-ed4c-4a7e-a7df-4aa130b6bf11 from database: {'code': '42P01', 'details': None, 'hint': None, 'message': 'relation "public.agents.dependencies" does not exist'}
2025-04-09 21:47:41,840 - src.haive.dataflow.registry.core - ERROR - Error getting configurations for entity 55311c4b-ed4c-4a7e-a7df-4aa130b6bf11 from database: {'code': '42P01', 'details': None, 'hint': None, 'message': 'relation "public.agents.configurations" does not exist'}
2025-04-09 21:47:41,887 - src.haive.dataflow.registry.core - ERROR - Error getting dependencies for entity 8344d2d3-ab8a-4ce1-b783-fc91bceaf770 from database: {'code': '42P01', 'details': None, 'hint': None, 'message': 'relation "public.agents.dependencies" does not exist'}
2025-04-09 21:47:41,928 - src.haive.dataflow.registry.core - ERROR - Error getting configurations for entity 8344d2d3-ab8a-4ce1-b783-fc91bceaf770 from database: {'code': '42P01', 'details': None, 'hint': None, 'message': 'relation "public.agents.configurations" does not exist'}
2025-04-09 21:47:41,980 - src.haive.dataflow.registry.core - ERROR - Error getting dependencies for entity 659cb740-97a0-4139-87ac-336c5132fdbf from database: {'code': '42P01', 'details': None, 'hint': None, 'message': 'relation "public.agents.dependencies" does not exist'}
2025-04-09 21:47:42,024 - src.haive.dataflow.registry.core - ERROR - Error getting configurations for entity 659cb740-97a0-4139-87ac-336c5132fdbf from database: {'code': '42P01', 'details': None, 'hint': None, 'message': 'relation "public.agents.configurations" does not exist'}
2025-04-09 21:47:42,063 - src.haive.dataflow.registry.core - ERROR - Error getting dependencies for entity 64481751-ab2e-4b3e-b02c-ace18269385d from database: {'code': '42P01', 'details': None, 'hint': None, 'message': 'relation "public.agents.dependencies" does not exist'}
2025-04-09 21:47:42,106 - src.haive.dataflow.registry.core - ERROR - Error getting configurations for entity 64481751-ab2e-4b3e-b02c-ace18269385d from database: {'code': '42P01', 'details': None, 'hint': None, 'message': 'relation "public.agents.configurations" does not exist'}
2025-04-09 21:47:42,155 - src.haive.dataflow.registry.core - ERROR - Error getting dependencies for entity 447f02e3-c9a6-4a24-a153-85bfa8e78631 from database: {'code': '42P01', 'details': None, 'hint': None, 'message': 'relation "public.agents.dependencies" does not exist'}
2025-04-09 21:47:42,197 - src.haive.dataflow.registry.core - ERROR - Error getting configurations for entity 447f02e3-c9a6-4a24-a153-85bfa8e78631 from database: {'code': '42P01', 'details': None, 'hint': None, 'message': 'relation "public.agents.configurations" does not exist'}
2025-04-09 21:47:42,239 - src.haive.dataflow.registry.core - ERROR - Error getting dependencies for entity 8bf4a524-8004-458a-bbb9-095fb42e9f11 from database: {'code': '42P01', 'details': None, 'hint': None, 'message': 'relation "public.agents.dependencies" does not exist'}
2025-04-09 21:47:42,284 - src.haive.dataflow.registry.core - ERROR - Error getting configurations for entity 8bf4a524-8004-458a-bbb9-095fb42e9f11 from database: {'code': '42P01', 'details': None, 'hint': None, 'message': 'relation "public.agents.configurations" does not exist'}
2025-04-09 21:47:42,327 - src.haive.dataflow.registry.core - ERROR - Error getting dependencies for entity d49328c7-c827-46a0-b82c-f267b1ae8d5b from database: {'code': '42P01', 'details': None, 'hint': None, 'message': 'relation "public.agents.dependencies" does not exist'}
2025-04-09 21:47:42,368 - src.haive.dataflow.registry.core - ERROR - Error getting configurations for entity d49328c7-c827-46a0-b82c-f267b1ae8d5b from database: {'code': '42P01', 'details': None, 'hint': None, 'message': 'relation "public.agents.configurations" does not exist'}
2025-04-09 21:47:42,412 - src.haive.dataflow.registry.core - ERROR - Error getting dependencies for entity 636f3f88-ce22-445e-b2db-99f642d03c4c from database: {'code': '42P01', 'details': None, 'hint': None, 'message': 'relation "public.agents.dependencies" does not exist'}
2025-04-09 21:47:42,458 - src.haive.dataflow.registry.core - ERROR - Error getting configurations for entity 636f3f88-ce22-445e-b2db-99f642d03c4c from database: {'code': '42P01', 'details': None, 'hint': None, 'message': 'relation "public.agents.configurations" does not exist'}
2025-04-09 22:02:54,147 - src.haive.dataflow.registry.core - INFO - Connected to Supabase successfully
2025-04-09 22:02:58,660 - src.haive.dataflow.registry.core - ERROR - Error registering entity agent_054c9edf in database: {}
2025-04-09 22:02:58,724 - src.haive.dataflow.registry.core - ERROR - Error getting entity cae64301-b025-40e8-b599-0258d6942aec from database: {'code': '42P01', 'details': None, 'hint': None, 'message': 'relation "public.agents.registry" does not exist'}
2025-04-09 22:02:58,830 - src.haive.dataflow.registry.core - ERROR - Error adding import log for agent_054c9edf: {}
2025-04-09 22:02:58,878 - src.haive.dataflow.registry.core - ERROR - Error registering entity agent_a618533c in database: {}
2025-04-09 22:02:58,999 - src.haive.dataflow.registry.core - ERROR - Error getting entity 9376a515-7e64-47cb-9ac1-ebee90d15c75 from database: {'code': '42P01', 'details': None, 'hint': None, 'message': 'relation "public.agents.registry" does not exist'}
2025-04-09 22:02:59,044 - src.haive.dataflow.registry.core - ERROR - Error adding configuration to entity 9376a515-7e64-47cb-9ac1-ebee90d15c75: {}
2025-04-09 22:02:59,090 - src.haive.dataflow.registry.core - ERROR - Error getting entity 9376a515-7e64-47cb-9ac1-ebee90d15c75 from database: {'code': '42P01', 'details': None, 'hint': None, 'message': 'relation "public.agents.registry" does not exist'}
2025-04-09 22:02:59,133 - src.haive.dataflow.registry.core - ERROR - Error adding import log for agent_a618533c: {}
2025-04-09 22:02:59,187 - src.haive.dataflow.registry.core - ERROR - Error registering entity agent_9b3299ea in database: {}
2025-04-09 22:02:59,275 - src.haive.dataflow.registry.core - ERROR - Error getting entity 835b64a8-c6e5-45be-822c-882000c2cdff from database: {'code': '42P01', 'details': None, 'hint': None, 'message': 'relation "public.agents.registry" does not exist'}
2025-04-09 22:02:59,322 - src.haive.dataflow.registry.core - ERROR - Error adding import log for agent_9b3299ea: {}
2025-04-09 22:02:59,366 - src.haive.dataflow.registry.core - ERROR - Error registering entity agent_53926e75 in database: {}
2025-04-09 22:02:59,410 - src.haive.dataflow.registry.core - ERROR - Error getting entity e95ec99a-0788-4250-a623-2b73ef1043c3 from database: {'code': '42P01', 'details': None, 'hint': None, 'message': 'relation "public.agents.registry" does not exist'}
2025-04-09 22:02:59,451 - src.haive.dataflow.registry.core - ERROR - Error adding configuration to entity e95ec99a-0788-4250-a623-2b73ef1043c3: {}
2025-04-09 22:02:59,495 - src.haive.dataflow.registry.core - ERROR - Error getting entity e95ec99a-0788-4250-a623-2b73ef1043c3 from database: {'code': '42P01', 'details': None, 'hint': None, 'message': 'relation "public.agents.registry" does not exist'}
2025-04-09 22:02:59,540 - src.haive.dataflow.registry.core - ERROR - Error adding import log for agent_53926e75: {}
2025-04-09 22:03:11,485 - src.haive.dataflow.registry.core - ERROR - Error registering entity agent_a4959319 in database: {}
2025-04-09 22:03:11,643 - src.haive.dataflow.registry.core - ERROR - Error getting entity 746f9a78-538d-480d-87e6-f8c2d579fbc1 from database: {'code': '42P01', 'details': None, 'hint': None, 'message': 'relation "public.agents.registry" does not exist'}
2025-04-09 22:03:11,729 - src.haive.dataflow.registry.core - ERROR - Error adding import log for agent_a4959319: {}
2025-04-09 22:03:11,778 - src.haive.dataflow.registry.core - ERROR - Error registering entity agent_cacaac8f in database: {}
2025-04-09 22:03:11,827 - src.haive.dataflow.registry.core - ERROR - Error getting entity ff5e451e-7675-4b96-b0fb-c1198aa4d72f from database: {'code': '42P01', 'details': None, 'hint': None, 'message': 'relation "public.agents.registry" does not exist'}
2025-04-09 22:03:11,872 - src.haive.dataflow.registry.core - ERROR - Error adding configuration to entity ff5e451e-7675-4b96-b0fb-c1198aa4d72f: {}
2025-04-09 22:03:11,915 - src.haive.dataflow.registry.core - ERROR - Error getting entity ff5e451e-7675-4b96-b0fb-c1198aa4d72f from database: {'code': '42P01', 'details': None, 'hint': None, 'message': 'relation "public.agents.registry" does not exist'}
2025-04-09 22:03:11,963 - src.haive.dataflow.registry.core - ERROR - Error adding import log for agent_cacaac8f: {}
2025-04-09 22:03:12,006 - src.haive.dataflow.registry.core - ERROR - Error registering entity agent_91ecab8d in database: {}
2025-04-09 22:03:12,096 - src.haive.dataflow.registry.core - ERROR - Error getting entity fb69295f-7828-4df0-83cd-e7a953d422b0 from database: {'code': '42P01', 'details': None, 'hint': None, 'message': 'relation "public.agents.registry" does not exist'}
2025-04-09 22:03:12,140 - src.haive.dataflow.registry.core - ERROR - Error adding import log for agent_91ecab8d: {}
2025-04-09 22:03:12,182 - src.haive.dataflow.registry.core - ERROR - Error registering entity agent_380371b3 in database: {}
2025-04-09 22:03:12,229 - src.haive.dataflow.registry.core - ERROR - Error getting entity 305976c5-6ca0-49ef-b0d8-8221f1b440e0 from database: {'code': '42P01', 'details': None, 'hint': None, 'message': 'relation "public.agents.registry" does not exist'}
2025-04-09 22:03:12,279 - src.haive.dataflow.registry.core - ERROR - Error adding configuration to entity 305976c5-6ca0-49ef-b0d8-8221f1b440e0: {}
2025-04-09 22:03:12,325 - src.haive.dataflow.registry.core - ERROR - Error getting entity 305976c5-6ca0-49ef-b0d8-8221f1b440e0 from database: {'code': '42P01', 'details': None, 'hint': None, 'message': 'relation "public.agents.registry" does not exist'}
2025-04-09 22:03:12,369 - src.haive.dataflow.registry.core - ERROR - Error adding import log for agent_380371b3: {}
2025-04-09 22:03:12,477 - src.haive.dataflow.registry.core - ERROR - Error registering entity agent_47cbb17b in database: {}
2025-04-09 22:03:12,528 - src.haive.dataflow.registry.core - ERROR - Error getting entity bf21dfd7-cfff-464a-bdba-19acd0d19e57 from database: {'code': '42P01', 'details': None, 'hint': None, 'message': 'relation "public.agents.registry" does not exist'}
2025-04-09 22:03:12,572 - src.haive.dataflow.registry.core - ERROR - Error adding import log for agent_47cbb17b: {}
2025-04-09 22:03:12,615 - src.haive.dataflow.registry.core - ERROR - Error registering entity map_reduce_summarizer_agent in database: {}
2025-04-09 22:03:12,659 - src.haive.dataflow.registry.core - ERROR - Error getting entity 05fb4a54-64ef-4a3c-a553-0bbdb03effde from database: {'code': '42P01', 'details': None, 'hint': None, 'message': 'relation "public.agents.registry" does not exist'}
2025-04-09 22:03:12,708 - src.haive.dataflow.registry.core - ERROR - Error adding configuration to entity 05fb4a54-64ef-4a3c-a553-0bbdb03effde: {}
2025-04-09 22:03:12,755 - src.haive.dataflow.registry.core - ERROR - Error getting entity 05fb4a54-64ef-4a3c-a553-0bbdb03effde from database: {'code': '42P01', 'details': None, 'hint': None, 'message': 'relation "public.agents.registry" does not exist'}
2025-04-09 22:03:12,801 - src.haive.dataflow.registry.core - ERROR - Error adding configuration to entity 05fb4a54-64ef-4a3c-a553-0bbdb03effde: {}
2025-04-09 22:03:12,846 - src.haive.dataflow.registry.core - ERROR - Error getting entity 05fb4a54-64ef-4a3c-a553-0bbdb03effde from database: {'code': '42P01', 'details': None, 'hint': None, 'message': 'relation "public.agents.registry" does not exist'}
2025-04-09 22:03:12,893 - src.haive.dataflow.registry.core - ERROR - Error adding configuration to entity 05fb4a54-64ef-4a3c-a553-0bbdb03effde: {}
2025-04-09 22:03:12,941 - src.haive.dataflow.registry.core - ERROR - Error registering entity map_reduce_summarizer_agent_engine in database: {}
2025-04-09 22:03:12,994 - src.haive.dataflow.registry.core - ERROR - Error getting entity 05fb4a54-64ef-4a3c-a553-0bbdb03effde from database: {'code': '42P01', 'details': None, 'hint': None, 'message': 'relation "public.agents.registry" does not exist'}
2025-04-09 22:03:13,044 - src.haive.dataflow.registry.core - ERROR - Error getting entity 55d0cb3d-684a-44e8-91a2-5ec370c68976 from database: {'code': '42P01', 'details': None, 'hint': None, 'message': 'relation "public.agents.registry" does not exist'}
2025-04-09 22:03:13,087 - src.haive.dataflow.registry.core - ERROR - Error adding dependency from 05fb4a54-64ef-4a3c-a553-0bbdb03effde to 55d0cb3d-684a-44e8-91a2-5ec370c68976: {}
2025-04-09 22:03:13,145 - src.haive.dataflow.registry.core - ERROR - Error getting entity 05fb4a54-64ef-4a3c-a553-0bbdb03effde from database: {'code': '42P01', 'details': None, 'hint': None, 'message': 'relation "public.agents.registry" does not exist'}
2025-04-09 22:03:13,189 - src.haive.dataflow.registry.core - ERROR - Error adding import log for map_reduce_summarizer_agent: {}
2025-04-09 22:03:13,247 - src.haive.dataflow.registry.core - ERROR - Error registering entity agent_2f486cbc in database: {}
2025-04-09 22:03:13,289 - src.haive.dataflow.registry.core - ERROR - Error getting entity 4f077185-4b2f-4098-a52f-a1f113c25f71 from database: {'code': '42P01', 'details': None, 'hint': None, 'message': 'relation "public.agents.registry" does not exist'}
2025-04-09 22:03:13,333 - src.haive.dataflow.registry.core - ERROR - Error adding import log for agent_2f486cbc: {}
2025-04-09 22:03:13,380 - src.haive.dataflow.registry.core - ERROR - Error registering entity map_reduce_summarizer_agent in database: {}
2025-04-09 22:03:13,422 - src.haive.dataflow.registry.core - ERROR - Error getting entity fdf90873-95ac-47b5-8cf3-92fda048015c from database: {'code': '42P01', 'details': None, 'hint': None, 'message': 'relation "public.agents.registry" does not exist'}
2025-04-09 22:03:13,465 - src.haive.dataflow.registry.core - ERROR - Error adding configuration to entity fdf90873-95ac-47b5-8cf3-92fda048015c: {}
2025-04-09 22:03:13,513 - src.haive.dataflow.registry.core - ERROR - Error getting entity fdf90873-95ac-47b5-8cf3-92fda048015c from database: {'code': '42P01', 'details': None, 'hint': None, 'message': 'relation "public.agents.registry" does not exist'}
2025-04-09 22:03:13,571 - src.haive.dataflow.registry.core - ERROR - Error adding configuration to entity fdf90873-95ac-47b5-8cf3-92fda048015c: {}
2025-04-09 22:03:13,618 - src.haive.dataflow.registry.core - ERROR - Error getting entity fdf90873-95ac-47b5-8cf3-92fda048015c from database: {'code': '42P01', 'details': None, 'hint': None, 'message': 'relation "public.agents.registry" does not exist'}
2025-04-09 22:03:13,667 - src.haive.dataflow.registry.core - ERROR - Error adding configuration to entity fdf90873-95ac-47b5-8cf3-92fda048015c: {}
2025-04-09 22:03:13,718 - src.haive.dataflow.registry.core - ERROR - Error registering entity map_reduce_summarizer_agent_engine in database: {}
2025-04-09 22:03:13,762 - src.haive.dataflow.registry.core - ERROR - Error getting entity fdf90873-95ac-47b5-8cf3-92fda048015c from database: {'code': '42P01', 'details': None, 'hint': None, 'message': 'relation "public.agents.registry" does not exist'}
2025-04-09 22:03:13,817 - src.haive.dataflow.registry.core - ERROR - Error getting entity 9262b800-0418-4ac8-af5d-6483851aa7b7 from database: {'code': '42P01', 'details': None, 'hint': None, 'message': 'relation "public.agents.registry" does not exist'}
2025-04-09 22:03:13,861 - src.haive.dataflow.registry.core - ERROR - Error adding dependency from fdf90873-95ac-47b5-8cf3-92fda048015c to 9262b800-0418-4ac8-af5d-6483851aa7b7: {}
2025-04-09 22:03:13,908 - src.haive.dataflow.registry.core - ERROR - Error getting entity fdf90873-95ac-47b5-8cf3-92fda048015c from database: {'code': '42P01', 'details': None, 'hint': None, 'message': 'relation "public.agents.registry" does not exist'}
2025-04-09 22:03:13,958 - src.haive.dataflow.registry.core - ERROR - Error adding import log for map_reduce_summarizer_agent: {}
2025-04-09 22:03:14,018 - src.haive.dataflow.registry.core - ERROR - Error registering entity agent_d11221b8 in database: {}
2025-04-09 22:03:14,062 - src.haive.dataflow.registry.core - ERROR - Error getting entity 6c72ee75-4885-433c-bea0-4f7e3f6e3357 from database: {'code': '42P01', 'details': None, 'hint': None, 'message': 'relation "public.agents.registry" does not exist'}
2025-04-09 22:03:14,111 - src.haive.dataflow.registry.core - ERROR - Error adding import log for agent_d11221b8: {}
2025-04-09 22:03:14,158 - src.haive.dataflow.registry.core - ERROR - Error registering entity agent_d96aa152 in database: {}
2025-04-09 22:03:14,208 - src.haive.dataflow.registry.core - ERROR - Error getting entity 9a48c600-2b7c-4f70-8bb1-b28df85a818e from database: {'code': '42P01', 'details': None, 'hint': None, 'message': 'relation "public.agents.registry" does not exist'}
2025-04-09 22:03:14,253 - src.haive.dataflow.registry.core - ERROR - Error adding configuration to entity 9a48c600-2b7c-4f70-8bb1-b28df85a818e: {}
2025-04-09 22:03:14,304 - src.haive.dataflow.registry.core - ERROR - Error getting entity 9a48c600-2b7c-4f70-8bb1-b28df85a818e from database: {'code': '42P01', 'details': None, 'hint': None, 'message': 'relation "public.agents.registry" does not exist'}
2025-04-09 22:03:14,349 - src.haive.dataflow.registry.core - ERROR - Error adding import log for agent_d96aa152: {}
2025-04-09 22:03:14,683 - src.haive.dataflow.registry.core - ERROR - Error registering entity agent_1546bac5 in database: {}
2025-04-09 22:03:14,729 - src.haive.dataflow.registry.core - ERROR - Error getting entity f070c667-64a0-44a3-a95d-48d2e395e09c from database: {'code': '42P01', 'details': None, 'hint': None, 'message': 'relation "public.agents.registry" does not exist'}
2025-04-09 22:03:14,782 - src.haive.dataflow.registry.core - ERROR - Error adding import log for agent_1546bac5: {}
2025-04-09 22:03:14,828 - src.haive.dataflow.registry.core - ERROR - Error registering entity agent_e707e1d8 in database: {}
2025-04-09 22:03:14,871 - src.haive.dataflow.registry.core - ERROR - Error getting entity 5a0087ab-52ea-4040-828d-227fb56edc95 from database: {'code': '42P01', 'details': None, 'hint': None, 'message': 'relation "public.agents.registry" does not exist'}
2025-04-09 22:03:14,916 - src.haive.dataflow.registry.core - ERROR - Error adding configuration to entity 5a0087ab-52ea-4040-828d-227fb56edc95: {}
2025-04-09 22:03:14,960 - src.haive.dataflow.registry.core - ERROR - Error getting entity 5a0087ab-52ea-4040-828d-227fb56edc95 from database: {'code': '42P01', 'details': None, 'hint': None, 'message': 'relation "public.agents.registry" does not exist'}
2025-04-09 22:03:15,008 - src.haive.dataflow.registry.core - ERROR - Error adding import log for agent_e707e1d8: {}
2025-04-09 22:03:15,050 - src.haive.dataflow.registry.core - ERROR - Error registering entity agent_e2f264b6 in database: {}
2025-04-09 22:03:15,092 - src.haive.dataflow.registry.core - ERROR - Error getting entity 1a2ea3c3-1083-4be4-a01a-ae2edd4e2768 from database: {'code': '42P01', 'details': None, 'hint': None, 'message': 'relation "public.agents.registry" does not exist'}
2025-04-09 22:03:15,134 - src.haive.dataflow.registry.core - ERROR - Error adding configuration to entity 1a2ea3c3-1083-4be4-a01a-ae2edd4e2768: {}
2025-04-09 22:03:15,190 - src.haive.dataflow.registry.core - ERROR - Error getting entity 1a2ea3c3-1083-4be4-a01a-ae2edd4e2768 from database: {'code': '42P01', 'details': None, 'hint': None, 'message': 'relation "public.agents.registry" does not exist'}
2025-04-09 22:03:15,235 - src.haive.dataflow.registry.core - ERROR - Error adding import log for agent_e2f264b6: {}
2025-04-09 22:03:15,280 - src.haive.dataflow.registry.core - ERROR - Error adding import log for BaseRAGConfig: {}
2025-04-09 22:03:15,325 - src.haive.dataflow.registry.core - ERROR - Error registering entity agent_86d5959a in database: {}
2025-04-09 22:03:15,372 - src.haive.dataflow.registry.core - ERROR - Error getting entity 53ec43c0-fb01-4b9d-ba8b-c7c73ea034bb from database: {'code': '42P01', 'details': None, 'hint': None, 'message': 'relation "public.agents.registry" does not exist'}
2025-04-09 22:03:15,420 - src.haive.dataflow.registry.core - ERROR - Error adding import log for agent_86d5959a: {}
2025-04-09 22:03:15,467 - src.haive.dataflow.registry.core - ERROR - Error adding import log for BaseRAGConfig: {}
2025-04-09 22:03:15,520 - src.haive.dataflow.registry.core - ERROR - Error registering entity agent_79e8805b in database: {}
2025-04-09 22:03:15,579 - src.haive.dataflow.registry.core - ERROR - Error getting entity 5ea59c7d-2bb0-4433-8e0f-097f3c822a1d from database: {'code': '42P01', 'details': None, 'hint': None, 'message': 'relation "public.agents.registry" does not exist'}
2025-04-09 22:03:15,621 - src.haive.dataflow.registry.core - ERROR - Error adding import log for agent_79e8805b: {}
2025-04-09 22:03:15,665 - src.haive.dataflow.registry.core - ERROR - Error adding import log for BaseRAGConfig: {}
2025-04-09 22:03:15,712 - src.haive.dataflow.registry.core - ERROR - Error registering entity agent_c807e46d in database: {}
2025-04-09 22:03:15,754 - src.haive.dataflow.registry.core - ERROR - Error getting entity 0f7c24f3-d9da-4f01-aba5-6bea85fcb2ec from database: {'code': '42P01', 'details': None, 'hint': None, 'message': 'relation "public.agents.registry" does not exist'}
2025-04-09 22:03:15,824 - src.haive.dataflow.registry.core - ERROR - Error adding import log for agent_c807e46d: {}
2025-04-09 22:03:15,868 - src.haive.dataflow.registry.core - ERROR - Error adding import log for BaseRAGConfig: {}
2025-04-09 22:03:15,921 - src.haive.dataflow.registry.core - ERROR - Error adding import log for FilteredRAGConfig: {}
2025-04-09 22:03:15,968 - src.haive.dataflow.registry.core - ERROR - Error adding import log for BaseRAGConfig: {}
2025-04-09 22:03:16,011 - src.haive.dataflow.registry.core - ERROR - Error adding import log for FilteredRAGConfig: {}
2025-04-09 22:03:16,474 - src.haive.dataflow.registry.core - ERROR - Error adding import log for GraphDBRAGConfig: {}
2025-04-09 22:03:16,515 - src.haive.dataflow.registry.core - ERROR - Error registering entity agent_5a9cb7a5 in database: {}
2025-04-09 22:03:16,560 - src.haive.dataflow.registry.core - ERROR - Error getting entity 871e20bd-e10f-4545-90ab-fc44c9c5ebeb from database: {'code': '42P01', 'details': None, 'hint': None, 'message': 'relation "public.agents.registry" does not exist'}
2025-04-09 22:03:16,606 - src.haive.dataflow.registry.core - ERROR - Error adding import log for agent_5a9cb7a5: {}
2025-04-09 22:03:16,648 - src.haive.dataflow.registry.core - ERROR - Error adding import log for BaseRAGConfig: {}
2025-04-09 22:03:16,699 - src.haive.dataflow.registry.core - ERROR - Error adding import log for GraphDBAgentConfig: {}
2025-04-09 22:03:16,741 - src.haive.dataflow.registry.core - ERROR - Error adding import log for GraphDBRAGConfig: {}
2025-04-09 22:03:16,791 - src.haive.dataflow.registry.core - ERROR - Error adding import log for LLMRAGConfig: {}
2025-04-09 22:03:16,831 - src.haive.dataflow.registry.core - ERROR - Error registering entity agent_7f8e57ff in database: {}
2025-04-09 22:03:16,873 - src.haive.dataflow.registry.core - ERROR - Error getting entity 24fca4e6-5b48-4901-8c9f-479d0bfb71e5 from database: {'code': '42P01', 'details': None, 'hint': None, 'message': 'relation "public.agents.registry" does not exist'}
2025-04-09 22:03:16,914 - src.haive.dataflow.registry.core - ERROR - Error adding import log for agent_7f8e57ff: {}
2025-04-09 22:03:16,960 - src.haive.dataflow.registry.core - ERROR - Error adding import log for BaseRAGConfig: {}
2025-04-09 22:03:17,028 - src.haive.dataflow.registry.core - ERROR - Error adding import log for LLMRAGConfig: {}
2025-04-09 22:03:17,073 - src.haive.dataflow.registry.core - ERROR - Error adding import log for LLMRAGConfig: {}
2025-04-09 22:03:17,138 - src.haive.dataflow.registry.core - ERROR - Error adding import log for MultiStrategyRAGConfig: {}
2025-04-09 22:03:17,180 - src.haive.dataflow.registry.core - ERROR - Error adding import log for SelfCorrectiveRAGConfig: {}
2025-04-09 22:03:17,222 - src.haive.dataflow.registry.core - ERROR - Error adding import log for SelfCorrectiveRAGConfig: {}
2025-04-09 22:03:17,264 - src.haive.dataflow.registry.core - ERROR - Error adding import log for BaseRAGConfig: {}
2025-04-09 22:03:17,307 - src.haive.dataflow.registry.core - ERROR - Error adding import log for SelfCorrectiveRAGConfig: {}
2025-04-09 22:03:17,426 - src.haive.dataflow.registry.core - ERROR - Error adding import log for SQLRAGConfig: {}
2025-04-09 22:03:17,474 - src.haive.dataflow.registry.core - ERROR - Error registering entity agent_ddd82138 in database: {}
2025-04-09 22:03:17,533 - src.haive.dataflow.registry.core - ERROR - Error getting entity fa042fe2-0b18-4ba4-a88a-8d8c8bbaa1ed from database: {'code': '42P01', 'details': None, 'hint': None, 'message': 'relation "public.agents.registry" does not exist'}
2025-04-09 22:03:17,576 - src.haive.dataflow.registry.core - ERROR - Error adding import log for agent_ddd82138: {}
2025-04-09 22:03:17,619 - src.haive.dataflow.registry.core - ERROR - Error adding import log for BaseRAGConfig: {}
2025-04-09 22:03:17,664 - src.haive.dataflow.registry.core - ERROR - Error adding import log for SQLAgentConfig: {}
2025-04-09 22:03:17,704 - src.haive.dataflow.registry.core - ERROR - Error adding import log for SQLRAGConfig: {}
2025-04-09 22:03:17,746 - src.haive.dataflow.registry.core - ERROR - Error registering entity agent_49e557c0 in database: {}
2025-04-09 22:03:17,789 - src.haive.dataflow.registry.core - ERROR - Error getting entity 6877e15e-caf4-45e8-a88b-2b2a9b831894 from database: {'code': '42P01', 'details': None, 'hint': None, 'message': 'relation "public.agents.registry" does not exist'}
2025-04-09 22:03:17,839 - src.haive.dataflow.registry.core - ERROR - Error adding import log for agent_49e557c0: {}
2025-04-09 22:03:17,883 - src.haive.dataflow.registry.core - ERROR - Error registering entity agent_165e0d78 in database: {}
2025-04-09 22:03:17,923 - src.haive.dataflow.registry.core - ERROR - Error getting entity c9d31a84-a3ac-4732-bfba-3c1e865717ae from database: {'code': '42P01', 'details': None, 'hint': None, 'message': 'relation "public.agents.registry" does not exist'}
2025-04-09 22:03:17,965 - src.haive.dataflow.registry.core - ERROR - Error adding configuration to entity c9d31a84-a3ac-4732-bfba-3c1e865717ae: {}
2025-04-09 22:03:18,013 - src.haive.dataflow.registry.core - ERROR - Error getting entity c9d31a84-a3ac-4732-bfba-3c1e865717ae from database: {'code': '42P01', 'details': None, 'hint': None, 'message': 'relation "public.agents.registry" does not exist'}
2025-04-09 22:03:18,056 - src.haive.dataflow.registry.core - ERROR - Error adding import log for agent_165e0d78: {}
2025-04-09 22:03:18,124 - src.haive.dataflow.registry.core - ERROR - Error registering entity agent_bd582234 in database: {}
2025-04-09 22:03:18,163 - src.haive.dataflow.registry.core - ERROR - Error getting entity d1dce3db-d0ff-4e7d-8fcc-14582cadccdc from database: {'code': '42P01', 'details': None, 'hint': None, 'message': 'relation "public.agents.registry" does not exist'}
2025-04-09 22:03:18,205 - src.haive.dataflow.registry.core - ERROR - Error adding configuration to entity d1dce3db-d0ff-4e7d-8fcc-14582cadccdc: {}
2025-04-09 22:03:18,245 - src.haive.dataflow.registry.core - ERROR - Error getting entity d1dce3db-d0ff-4e7d-8fcc-14582cadccdc from database: {'code': '42P01', 'details': None, 'hint': None, 'message': 'relation "public.agents.registry" does not exist'}
2025-04-09 22:03:18,283 - src.haive.dataflow.registry.core - ERROR - Error adding import log for agent_bd582234: {}
2025-04-09 22:03:18,324 - src.haive.dataflow.registry.core - ERROR - Error registering entity agent_e6b09028 in database: {}
2025-04-09 22:03:18,365 - src.haive.dataflow.registry.core - ERROR - Error getting entity f71fb569-f854-4a52-85d1-b0bdc060cd1e from database: {'code': '42P01', 'details': None, 'hint': None, 'message': 'relation "public.agents.registry" does not exist'}
2025-04-09 22:03:18,407 - src.haive.dataflow.registry.core - ERROR - Error adding configuration to entity f71fb569-f854-4a52-85d1-b0bdc060cd1e: {}
2025-04-09 22:03:18,448 - src.haive.dataflow.registry.core - ERROR - Error getting entity f71fb569-f854-4a52-85d1-b0bdc060cd1e from database: {'code': '42P01', 'details': None, 'hint': None, 'message': 'relation "public.agents.registry" does not exist'}
2025-04-09 22:03:18,493 - src.haive.dataflow.registry.core - ERROR - Error adding import log for agent_e6b09028: {}
2025-04-09 22:03:18,561 - src.haive.dataflow.registry.core - ERROR - Error registering entity agent_70cfd64a in database: {}
2025-04-09 22:03:18,603 - src.haive.dataflow.registry.core - ERROR - Error getting entity 8cf471a3-0914-4791-a499-791d65e99b5c from database: {'code': '42P01', 'details': None, 'hint': None, 'message': 'relation "public.agents.registry" does not exist'}
2025-04-09 22:03:18,641 - src.haive.dataflow.registry.core - ERROR - Error adding import log for agent_70cfd64a: {}
2025-04-09 22:03:18,682 - src.haive.dataflow.registry.core - ERROR - Error registering entity agent_7b742aef in database: {}
2025-04-09 22:03:18,723 - src.haive.dataflow.registry.core - ERROR - Error getting entity 7bb0df98-69e7-4262-87eb-5b5d698dc2f4 from database: {'code': '42P01', 'details': None, 'hint': None, 'message': 'relation "public.agents.registry" does not exist'}
2025-04-09 22:03:18,764 - src.haive.dataflow.registry.core - ERROR - Error adding configuration to entity 7bb0df98-69e7-4262-87eb-5b5d698dc2f4: {}
2025-04-09 22:03:18,808 - src.haive.dataflow.registry.core - ERROR - Error getting entity 7bb0df98-69e7-4262-87eb-5b5d698dc2f4 from database: {'code': '42P01', 'details': None, 'hint': None, 'message': 'relation "public.agents.registry" does not exist'}
2025-04-09 22:03:18,848 - src.haive.dataflow.registry.core - ERROR - Error adding import log for agent_7b742aef: {}
2025-04-09 22:03:18,888 - src.haive.dataflow.registry.core - ERROR - Error registering entity agent_852c01a7 in database: {}
2025-04-09 22:03:18,925 - src.haive.dataflow.registry.core - ERROR - Error getting entity d7666149-816e-4770-b073-91854bcbee86 from database: {'code': '42P01', 'details': None, 'hint': None, 'message': 'relation "public.agents.registry" does not exist'}
2025-04-09 22:03:18,973 - src.haive.dataflow.registry.core - ERROR - Error adding import log for agent_852c01a7: {}
2025-04-09 22:03:19,013 - src.haive.dataflow.registry.core - ERROR - Error registering entity agent_ba6b4d1f in database: {}
2025-04-09 22:03:19,056 - src.haive.dataflow.registry.core - ERROR - Error getting entity 27c03022-e6e6-4877-9ff2-1b1a1f268642 from database: {'code': '42P01', 'details': None, 'hint': None, 'message': 'relation "public.agents.registry" does not exist'}
2025-04-09 22:03:19,107 - src.haive.dataflow.registry.core - ERROR - Error adding import log for agent_ba6b4d1f: {}
2025-04-09 22:03:19,146 - src.haive.dataflow.registry.core - ERROR - Error registering entity agent_596ffed7 in database: {}
2025-04-09 22:03:19,191 - src.haive.dataflow.registry.core - ERROR - Error getting entity fcd39481-449d-4daa-ac2c-94d685b6c12b from database: {'code': '42P01', 'details': None, 'hint': None, 'message': 'relation "public.agents.registry" does not exist'}
2025-04-09 22:03:19,238 - src.haive.dataflow.registry.core - ERROR - Error adding configuration to entity fcd39481-449d-4daa-ac2c-94d685b6c12b: {}
2025-04-09 22:03:19,309 - src.haive.dataflow.registry.core - ERROR - Error getting entity fcd39481-449d-4daa-ac2c-94d685b6c12b from database: {'code': '42P01', 'details': None, 'hint': None, 'message': 'relation "public.agents.registry" does not exist'}
2025-04-09 22:03:19,374 - src.haive.dataflow.registry.core - ERROR - Error adding import log for agent_596ffed7: {}
2025-04-09 22:03:19,450 - src.haive.dataflow.registry.core - ERROR - Error registering entity agent_77c76e99 in database: {}
2025-04-09 22:03:19,497 - src.haive.dataflow.registry.core - ERROR - Error getting entity a5f7dbd0-377f-4d2b-a30a-2433bb0e9ad8 from database: {'code': '42P01', 'details': None, 'hint': None, 'message': 'relation "public.agents.registry" does not exist'}
2025-04-09 22:03:19,550 - src.haive.dataflow.registry.core - ERROR - Error adding import log for agent_77c76e99: {}
2025-04-09 22:03:19,599 - src.haive.dataflow.registry.core - ERROR - Error registering entity agent_6d575361 in database: {}
2025-04-09 22:03:19,646 - src.haive.dataflow.registry.core - ERROR - Error getting entity 69ba3ece-a554-479c-9252-d4d08e9126a5 from database: {'code': '42P01', 'details': None, 'hint': None, 'message': 'relation "public.agents.registry" does not exist'}
2025-04-09 22:03:19,688 - src.haive.dataflow.registry.core - ERROR - Error adding configuration to entity 69ba3ece-a554-479c-9252-d4d08e9126a5: {}
2025-04-09 22:03:19,744 - src.haive.dataflow.registry.core - ERROR - Error getting entity 69ba3ece-a554-479c-9252-d4d08e9126a5 from database: {'code': '42P01', 'details': None, 'hint': None, 'message': 'relation "public.agents.registry" does not exist'}
2025-04-09 22:03:19,789 - src.haive.dataflow.registry.core - ERROR - Error adding import log for agent_6d575361: {}
2025-04-09 22:03:19,833 - src.haive.dataflow.registry.core - ERROR - Error registering entity agent_111231af in database: {}
2025-04-09 22:03:19,872 - src.haive.dataflow.registry.core - ERROR - Error getting entity 7a4b6d32-6c53-4b4a-b851-5d408a6fa851 from database: {'code': '42P01', 'details': None, 'hint': None, 'message': 'relation "public.agents.registry" does not exist'}
2025-04-09 22:03:19,911 - src.haive.dataflow.registry.core - ERROR - Error adding import log for agent_111231af: {}
2025-04-09 22:03:19,962 - src.haive.dataflow.registry.core - ERROR - Error registering entity agent_07d68f9c in database: {}
2025-04-09 22:03:20,011 - src.haive.dataflow.registry.core - ERROR - Error getting entity 4f1e5923-7de3-4ba9-b671-05b9d4a71be9 from database: {'code': '42P01', 'details': None, 'hint': None, 'message': 'relation "public.agents.registry" does not exist'}
2025-04-09 22:03:20,056 - src.haive.dataflow.registry.core - ERROR - Error adding configuration to entity 4f1e5923-7de3-4ba9-b671-05b9d4a71be9: {}
2025-04-09 22:03:20,098 - src.haive.dataflow.registry.core - ERROR - Error getting entity 4f1e5923-7de3-4ba9-b671-05b9d4a71be9 from database: {'code': '42P01', 'details': None, 'hint': None, 'message': 'relation "public.agents.registry" does not exist'}
2025-04-09 22:03:20,139 - src.haive.dataflow.registry.core - ERROR - Error adding import log for agent_07d68f9c: {}
2025-04-09 22:03:20,201 - src.haive.dataflow.registry.core - ERROR - Error registering entity agent_043f5251 in database: {}
2025-04-09 22:03:20,244 - src.haive.dataflow.registry.core - ERROR - Error getting entity 61003850-2e38-4bb8-9862-14b87dd7295e from database: {'code': '42P01', 'details': None, 'hint': None, 'message': 'relation "public.agents.registry" does not exist'}
2025-04-09 22:03:20,292 - src.haive.dataflow.registry.core - ERROR - Error adding configuration to entity 61003850-2e38-4bb8-9862-14b87dd7295e: {}
2025-04-09 22:03:20,330 - src.haive.dataflow.registry.core - ERROR - Error getting entity 61003850-2e38-4bb8-9862-14b87dd7295e from database: {'code': '42P01', 'details': None, 'hint': None, 'message': 'relation "public.agents.registry" does not exist'}
2025-04-09 22:03:20,372 - src.haive.dataflow.registry.core - ERROR - Error adding import log for agent_043f5251: {}
2025-04-09 22:03:20,451 - src.haive.dataflow.registry.core - ERROR - Error registering entity agent_2993db0f in database: {}
2025-04-09 22:03:20,492 - src.haive.dataflow.registry.core - ERROR - Error getting entity b98cb882-7cca-4cd3-811b-150283a10860 from database: {'code': '42P01', 'details': None, 'hint': None, 'message': 'relation "public.agents.registry" does not exist'}
2025-04-09 22:03:20,532 - src.haive.dataflow.registry.core - ERROR - Error adding configuration to entity b98cb882-7cca-4cd3-811b-150283a10860: {}
2025-04-09 22:03:20,573 - src.haive.dataflow.registry.core - ERROR - Error getting entity b98cb882-7cca-4cd3-811b-150283a10860 from database: {'code': '42P01', 'details': None, 'hint': None, 'message': 'relation "public.agents.registry" does not exist'}
2025-04-09 22:03:20,629 - src.haive.dataflow.registry.core - ERROR - Error adding import log for agent_2993db0f: {}
2025-04-09 22:03:20,673 - src.haive.dataflow.registry.core - ERROR - Error registering entity agent_7ec64f92 in database: {}
2025-04-09 22:03:20,719 - src.haive.dataflow.registry.core - ERROR - Error getting entity ce25e708-7e5f-49dc-91cb-3d5b20e60c22 from database: {'code': '42P01', 'details': None, 'hint': None, 'message': 'relation "public.agents.registry" does not exist'}
2025-04-09 22:03:20,762 - src.haive.dataflow.registry.core - ERROR - Error adding import log for agent_7ec64f92: {}
2025-04-09 22:03:20,808 - src.haive.dataflow.registry.core - ERROR - Error registering entity agent_a837c479 in database: {}
2025-04-09 22:03:20,865 - src.haive.dataflow.registry.core - ERROR - Error getting entity 4c2a1f06-2a22-4fd6-9c3a-cd22de3a6e79 from database: {'code': '42P01', 'details': None, 'hint': None, 'message': 'relation "public.agents.registry" does not exist'}
2025-04-09 22:03:20,910 - src.haive.dataflow.registry.core - ERROR - Error adding configuration to entity 4c2a1f06-2a22-4fd6-9c3a-cd22de3a6e79: {}
2025-04-09 22:03:20,958 - src.haive.dataflow.registry.core - ERROR - Error getting entity 4c2a1f06-2a22-4fd6-9c3a-cd22de3a6e79 from database: {'code': '42P01', 'details': None, 'hint': None, 'message': 'relation "public.agents.registry" does not exist'}
2025-04-09 22:03:21,004 - src.haive.dataflow.registry.core - ERROR - Error adding import log for agent_a837c479: {}
2025-04-09 22:03:21,045 - src.haive.dataflow.registry.core - ERROR - Error registering entity agent_8218e5fc in database: {}
2025-04-09 22:03:21,092 - src.haive.dataflow.registry.core - ERROR - Error getting entity b4b25e2f-adc5-41a6-9c52-df13c7c153ff from database: {'code': '42P01', 'details': None, 'hint': None, 'message': 'relation "public.agents.registry" does not exist'}
2025-04-09 22:03:21,132 - src.haive.dataflow.registry.core - ERROR - Error adding import log for agent_8218e5fc: {}
2025-04-09 22:03:21,189 - src.haive.dataflow.registry.core - ERROR - Error registering entity agent_9676fc3e in database: {}
2025-04-09 22:03:21,230 - src.haive.dataflow.registry.core - ERROR - Error getting entity 0cc1e45f-baf1-4d9e-a10e-5dc1b855b03b from database: {'code': '42P01', 'details': None, 'hint': None, 'message': 'relation "public.agents.registry" does not exist'}
2025-04-09 22:03:21,273 - src.haive.dataflow.registry.core - ERROR - Error adding import log for agent_9676fc3e: {}
2025-04-09 22:03:21,315 - src.haive.dataflow.registry.core - ERROR - Error registering entity agent_d8750d6c in database: {}
2025-04-09 22:03:21,355 - src.haive.dataflow.registry.core - ERROR - Error getting entity 55120617-d529-4793-aef9-501583350e0d from database: {'code': '42P01', 'details': None, 'hint': None, 'message': 'relation "public.agents.registry" does not exist'}
2025-04-09 22:03:21,395 - src.haive.dataflow.registry.core - ERROR - Error adding import log for agent_d8750d6c: {}
2025-04-09 22:03:21,434 - src.haive.dataflow.registry.core - ERROR - Error registering entity agent_f394aad8 in database: {}
2025-04-09 22:03:21,482 - src.haive.dataflow.registry.core - ERROR - Error getting entity 3ad050eb-a6f7-4c19-8dcc-6437983b4c29 from database: {'code': '42P01', 'details': None, 'hint': None, 'message': 'relation "public.agents.registry" does not exist'}
2025-04-09 22:03:21,522 - src.haive.dataflow.registry.core - ERROR - Error adding import log for agent_f394aad8: {}
2025-04-09 22:03:21,562 - src.haive.dataflow.registry.core - ERROR - Error registering entity agent_ead27c6b in database: {}
2025-04-09 22:03:21,607 - src.haive.dataflow.registry.core - ERROR - Error getting entity 249fc777-2711-4946-816b-86b06bc1b24c from database: {'code': '42P01', 'details': None, 'hint': None, 'message': 'relation "public.agents.registry" does not exist'}
2025-04-09 22:03:21,651 - src.haive.dataflow.registry.core - ERROR - Error adding import log for agent_ead27c6b: {}
2025-04-09 22:03:21,701 - src.haive.dataflow.registry.core - ERROR - Error registering entity agent_ed4c86a0 in database: {}
2025-04-09 22:03:21,743 - src.haive.dataflow.registry.core - ERROR - Error getting entity 64be8450-67a4-41d1-9c2b-8f1f90931c23 from database: {'code': '42P01', 'details': None, 'hint': None, 'message': 'relation "public.agents.registry" does not exist'}
2025-04-09 22:03:21,784 - src.haive.dataflow.registry.core - ERROR - Error adding import log for agent_ed4c86a0: {}
2025-04-09 22:03:21,825 - src.haive.dataflow.registry.core - ERROR - Error registering entity TaxonomyAgent in database: {}
2025-04-09 22:03:21,864 - src.haive.dataflow.registry.core - ERROR - Error getting entity 3144b289-dd80-47f0-a62e-84cce07b39a1 from database: {'code': '42P01', 'details': None, 'hint': None, 'message': 'relation "public.agents.registry" does not exist'}
2025-04-09 22:03:21,905 - src.haive.dataflow.registry.core - ERROR - Error adding configuration to entity 3144b289-dd80-47f0-a62e-84cce07b39a1: {}
2025-04-09 22:03:21,952 - src.haive.dataflow.registry.core - ERROR - Error getting entity 3144b289-dd80-47f0-a62e-84cce07b39a1 from database: {'code': '42P01', 'details': None, 'hint': None, 'message': 'relation "public.agents.registry" does not exist'}
2025-04-09 22:03:21,992 - src.haive.dataflow.registry.core - ERROR - Error adding import log for TaxonomyAgent: {}
2025-04-09 22:03:50,307 - src.haive.dataflow.registry.core - ERROR - Error registering entity TaxonomyAgent in database: {}
2025-04-09 22:03:50,353 - src.haive.dataflow.registry.core - ERROR - Error getting entity ce99b8b9-18b7-4225-9d91-d6915d4b93e4 from database: {'code': '42P01', 'details': None, 'hint': None, 'message': 'relation "public.agents.registry" does not exist'}
2025-04-09 22:03:50,398 - src.haive.dataflow.registry.core - ERROR - Error adding configuration to entity ce99b8b9-18b7-4225-9d91-d6915d4b93e4: {}
2025-04-09 22:03:50,440 - src.haive.dataflow.registry.core - ERROR - Error getting entity ce99b8b9-18b7-4225-9d91-d6915d4b93e4 from database: {'code': '42P01', 'details': None, 'hint': None, 'message': 'relation "public.agents.registry" does not exist'}
2025-04-09 22:03:50,499 - src.haive.dataflow.registry.core - ERROR - Error adding import log for TaxonomyAgent: {}
2025-04-09 22:03:50,563 - src.haive.dataflow.registry.core - ERROR - Error registering entity agent_92e21043 in database: {}
2025-04-09 22:03:50,610 - src.haive.dataflow.registry.core - ERROR - Error getting entity 85744760-689d-40a2-add1-2f7e49f66982 from database: {'code': '42P01', 'details': None, 'hint': None, 'message': 'relation "public.agents.registry" does not exist'}
2025-04-09 22:03:50,660 - src.haive.dataflow.registry.core - ERROR - Error adding import log for agent_92e21043: {}
2025-04-09 22:03:50,705 - src.haive.dataflow.registry.core - ERROR - Error registering entity agent_c82f9a37 in database: {}
2025-04-09 22:03:50,750 - src.haive.dataflow.registry.core - ERROR - Error getting entity c03cb6c9-0328-4404-8923-68967105ef4d from database: {'code': '42P01', 'details': None, 'hint': None, 'message': 'relation "public.agents.registry" does not exist'}
2025-04-09 22:03:50,799 - src.haive.dataflow.registry.core - ERROR - Error adding configuration to entity c03cb6c9-0328-4404-8923-68967105ef4d: {}
2025-04-09 22:03:50,847 - src.haive.dataflow.registry.core - ERROR - Error getting entity c03cb6c9-0328-4404-8923-68967105ef4d from database: {'code': '42P01', 'details': None, 'hint': None, 'message': 'relation "public.agents.registry" does not exist'}
2025-04-09 22:03:50,893 - src.haive.dataflow.registry.core - ERROR - Error adding import log for agent_c82f9a37: {}
2025-04-09 22:03:50,954 - src.haive.dataflow.registry.core - ERROR - Error registering entity agent_2dfbf14f in database: {}
2025-04-09 22:03:50,999 - src.haive.dataflow.registry.core - ERROR - Error getting entity 3fe3c34e-a9ff-40b2-8495-c0eabf6fd72f from database: {'code': '42P01', 'details': None, 'hint': None, 'message': 'relation "public.agents.registry" does not exist'}
2025-04-09 22:03:51,048 - src.haive.dataflow.registry.core - ERROR - Error adding configuration to entity 3fe3c34e-a9ff-40b2-8495-c0eabf6fd72f: {}
2025-04-09 22:03:51,102 - src.haive.dataflow.registry.core - ERROR - Error getting entity 3fe3c34e-a9ff-40b2-8495-c0eabf6fd72f from database: {'code': '42P01', 'details': None, 'hint': None, 'message': 'relation "public.agents.registry" does not exist'}
2025-04-09 22:03:51,144 - src.haive.dataflow.registry.core - ERROR - Error adding import log for agent_2dfbf14f: {}
2025-04-09 22:03:51,187 - src.haive.dataflow.registry.core - ERROR - Error registering entity agent_22820422 in database: {}
2025-04-09 22:03:51,230 - src.haive.dataflow.registry.core - ERROR - Error getting entity 58690a19-ab0b-4b63-ace9-02d56a06ae3d from database: {'code': '42P01', 'details': None, 'hint': None, 'message': 'relation "public.agents.registry" does not exist'}
2025-04-09 22:03:51,273 - src.haive.dataflow.registry.core - ERROR - Error adding import log for agent_22820422: {}
2025-04-09 22:03:51,321 - src.haive.dataflow.registry.core - ERROR - Error registering entity agent_085926d1 in database: {}
2025-04-09 22:03:51,366 - src.haive.dataflow.registry.core - ERROR - Error getting entity f3f7053c-69f5-42c1-8b5d-5d89362cefed from database: {'code': '42P01', 'details': None, 'hint': None, 'message': 'relation "public.agents.registry" does not exist'}
2025-04-09 22:03:51,414 - src.haive.dataflow.registry.core - ERROR - Error adding configuration to entity f3f7053c-69f5-42c1-8b5d-5d89362cefed: {}
2025-04-09 22:03:51,473 - src.haive.dataflow.registry.core - ERROR - Error getting entity f3f7053c-69f5-42c1-8b5d-5d89362cefed from database: {'code': '42P01', 'details': None, 'hint': None, 'message': 'relation "public.agents.registry" does not exist'}
2025-04-09 22:03:51,517 - src.haive.dataflow.registry.core - ERROR - Error adding import log for agent_085926d1: {}
2025-04-09 22:03:51,561 - src.haive.dataflow.registry.core - ERROR - Error registering entity agent_df70cc34 in database: {}
2025-04-09 22:03:51,610 - src.haive.dataflow.registry.core - ERROR - Error getting entity 823510b2-a1c0-4499-b241-c66e0922c5bb from database: {'code': '42P01', 'details': None, 'hint': None, 'message': 'relation "public.agents.registry" does not exist'}
2025-04-09 22:03:51,652 - src.haive.dataflow.registry.core - ERROR - Error adding configuration to entity 823510b2-a1c0-4499-b241-c66e0922c5bb: {}
2025-04-09 22:03:51,693 - src.haive.dataflow.registry.core - ERROR - Error getting entity 823510b2-a1c0-4499-b241-c66e0922c5bb from database: {'code': '42P01', 'details': None, 'hint': None, 'message': 'relation "public.agents.registry" does not exist'}
2025-04-09 22:03:51,739 - src.haive.dataflow.registry.core - ERROR - Error adding import log for agent_df70cc34: {}
2025-04-09 22:03:51,785 - src.haive.dataflow.registry.core - ERROR - Error registering entity agent_bc177963 in database: {}
2025-04-09 22:03:51,829 - src.haive.dataflow.registry.core - ERROR - Error getting entity 6b5ff29e-4818-4ad2-8d08-1e22513cc2b0 from database: {'code': '42P01', 'details': None, 'hint': None, 'message': 'relation "public.agents.registry" does not exist'}
2025-04-09 22:03:51,872 - src.haive.dataflow.registry.core - ERROR - Error adding configuration to entity 6b5ff29e-4818-4ad2-8d08-1e22513cc2b0: {}
2025-04-09 22:03:51,921 - src.haive.dataflow.registry.core - ERROR - Error getting entity 6b5ff29e-4818-4ad2-8d08-1e22513cc2b0 from database: {'code': '42P01', 'details': None, 'hint': None, 'message': 'relation "public.agents.registry" does not exist'}
2025-04-09 22:03:51,965 - src.haive.dataflow.registry.core - ERROR - Error adding import log for agent_bc177963: {}
2025-04-09 22:03:52,004 - src.haive.dataflow.registry.core - ERROR - Error registering entity agent_a29f79dc in database: {}
2025-04-09 22:03:52,047 - src.haive.dataflow.registry.core - ERROR - Error getting entity 8e744d1f-93b7-4157-ad69-3aa77b6ca597 from database: {'code': '42P01', 'details': None, 'hint': None, 'message': 'relation "public.agents.registry" does not exist'}
2025-04-09 22:03:52,098 - src.haive.dataflow.registry.core - ERROR - Error adding configuration to entity 8e744d1f-93b7-4157-ad69-3aa77b6ca597: {}
2025-04-09 22:03:52,140 - src.haive.dataflow.registry.core - ERROR - Error getting entity 8e744d1f-93b7-4157-ad69-3aa77b6ca597 from database: {'code': '42P01', 'details': None, 'hint': None, 'message': 'relation "public.agents.registry" does not exist'}
2025-04-09 22:03:52,180 - src.haive.dataflow.registry.core - ERROR - Error adding import log for agent_a29f79dc: {}
2025-04-09 22:03:52,223 - src.haive.dataflow.registry.core - ERROR - Error registering entity agent_1c105377 in database: {}
2025-04-09 22:03:52,274 - src.haive.dataflow.registry.core - ERROR - Error getting entity 5a169c93-f8ae-4055-922d-44fe17c56147 from database: {'code': '42P01', 'details': None, 'hint': None, 'message': 'relation "public.agents.registry" does not exist'}
2025-04-09 22:03:52,314 - src.haive.dataflow.registry.core - ERROR - Error adding import log for agent_1c105377: {}
2025-04-09 22:03:52,646 - src.haive.dataflow.registry.core - ERROR - Error listing entities from database: {'code': '42P01', 'details': None, 'hint': None, 'message': 'relation "public.agents.registry" does not exist'}
2025-04-09 22:03:52,689 - src.haive.dataflow.registry.core - ERROR - Error getting dependencies for entity cae64301-b025-40e8-b599-0258d6942aec from database: {'code': '42P01', 'details': None, 'hint': None, 'message': 'relation "public.agents.dependencies" does not exist'}
2025-04-09 22:03:52,730 - src.haive.dataflow.registry.core - ERROR - Error getting configurations for entity cae64301-b025-40e8-b599-0258d6942aec from database: {'code': '42P01', 'details': None, 'hint': None, 'message': 'relation "public.agents.configurations" does not exist'}
2025-04-09 22:03:52,778 - src.haive.dataflow.registry.core - ERROR - Error getting dependencies for entity 9376a515-7e64-47cb-9ac1-ebee90d15c75 from database: {'code': '42P01', 'details': None, 'hint': None, 'message': 'relation "public.agents.dependencies" does not exist'}
2025-04-09 22:03:52,824 - src.haive.dataflow.registry.core - ERROR - Error getting configurations for entity 9376a515-7e64-47cb-9ac1-ebee90d15c75 from database: {'code': '42P01', 'details': None, 'hint': None, 'message': 'relation "public.agents.configurations" does not exist'}
2025-04-09 22:03:52,865 - src.haive.dataflow.registry.core - ERROR - Error getting dependencies for entity 835b64a8-c6e5-45be-822c-882000c2cdff from database: {'code': '42P01', 'details': None, 'hint': None, 'message': 'relation "public.agents.dependencies" does not exist'}
2025-04-09 22:03:52,920 - src.haive.dataflow.registry.core - ERROR - Error getting configurations for entity 835b64a8-c6e5-45be-822c-882000c2cdff from database: {'code': '42P01', 'details': None, 'hint': None, 'message': 'relation "public.agents.configurations" does not exist'}
2025-04-09 22:03:52,967 - src.haive.dataflow.registry.core - ERROR - Error getting dependencies for entity e95ec99a-0788-4250-a623-2b73ef1043c3 from database: {'code': '42P01', 'details': None, 'hint': None, 'message': 'relation "public.agents.dependencies" does not exist'}
2025-04-09 22:03:53,010 - src.haive.dataflow.registry.core - ERROR - Error getting configurations for entity e95ec99a-0788-4250-a623-2b73ef1043c3 from database: {'code': '42P01', 'details': None, 'hint': None, 'message': 'relation "public.agents.configurations" does not exist'}
2025-04-09 22:03:53,054 - src.haive.dataflow.registry.core - ERROR - Error getting dependencies for entity 746f9a78-538d-480d-87e6-f8c2d579fbc1 from database: {'code': '42P01', 'details': None, 'hint': None, 'message': 'relation "public.agents.dependencies" does not exist'}
2025-04-09 22:03:53,095 - src.haive.dataflow.registry.core - ERROR - Error getting configurations for entity 746f9a78-538d-480d-87e6-f8c2d579fbc1 from database: {'code': '42P01', 'details': None, 'hint': None, 'message': 'relation "public.agents.configurations" does not exist'}
2025-04-09 22:03:53,136 - src.haive.dataflow.registry.core - ERROR - Error getting dependencies for entity ff5e451e-7675-4b96-b0fb-c1198aa4d72f from database: {'code': '42P01', 'details': None, 'hint': None, 'message': 'relation "public.agents.dependencies" does not exist'}
2025-04-09 22:03:53,182 - src.haive.dataflow.registry.core - ERROR - Error getting configurations for entity ff5e451e-7675-4b96-b0fb-c1198aa4d72f from database: {'code': '42P01', 'details': None, 'hint': None, 'message': 'relation "public.agents.configurations" does not exist'}
2025-04-09 22:03:53,222 - src.haive.dataflow.registry.core - ERROR - Error getting dependencies for entity fb69295f-7828-4df0-83cd-e7a953d422b0 from database: {'code': '42P01', 'details': None, 'hint': None, 'message': 'relation "public.agents.dependencies" does not exist'}
2025-04-09 22:03:53,268 - src.haive.dataflow.registry.core - ERROR - Error getting configurations for entity fb69295f-7828-4df0-83cd-e7a953d422b0 from database: {'code': '42P01', 'details': None, 'hint': None, 'message': 'relation "public.agents.configurations" does not exist'}
2025-04-09 22:03:53,317 - src.haive.dataflow.registry.core - ERROR - Error getting dependencies for entity 305976c5-6ca0-49ef-b0d8-8221f1b440e0 from database: {'code': '42P01', 'details': None, 'hint': None, 'message': 'relation "public.agents.dependencies" does not exist'}
2025-04-09 22:03:53,362 - src.haive.dataflow.registry.core - ERROR - Error getting configurations for entity 305976c5-6ca0-49ef-b0d8-8221f1b440e0 from database: {'code': '42P01', 'details': None, 'hint': None, 'message': 'relation "public.agents.configurations" does not exist'}
2025-04-09 22:03:53,415 - src.haive.dataflow.registry.core - ERROR - Error getting dependencies for entity bf21dfd7-cfff-464a-bdba-19acd0d19e57 from database: {'code': '42P01', 'details': None, 'hint': None, 'message': 'relation "public.agents.dependencies" does not exist'}
2025-04-09 22:03:53,463 - src.haive.dataflow.registry.core - ERROR - Error getting configurations for entity bf21dfd7-cfff-464a-bdba-19acd0d19e57 from database: {'code': '42P01', 'details': None, 'hint': None, 'message': 'relation "public.agents.configurations" does not exist'}
2025-04-09 22:03:53,511 - src.haive.dataflow.registry.core - ERROR - Error getting dependencies for entity 05fb4a54-64ef-4a3c-a553-0bbdb03effde from database: {'code': '42P01', 'details': None, 'hint': None, 'message': 'relation "public.agents.dependencies" does not exist'}
2025-04-09 22:03:53,565 - src.haive.dataflow.registry.core - ERROR - Error getting entity 55d0cb3d-684a-44e8-91a2-5ec370c68976 from database: {'code': '42P01', 'details': None, 'hint': None, 'message': 'relation "public.agents.registry" does not exist'}
2025-04-09 22:03:53,625 - src.haive.dataflow.registry.core - ERROR - Error getting configurations for entity 05fb4a54-64ef-4a3c-a553-0bbdb03effde from database: {'code': '42P01', 'details': None, 'hint': None, 'message': 'relation "public.agents.configurations" does not exist'}
2025-04-09 22:03:53,670 - src.haive.dataflow.registry.core - ERROR - Error getting dependencies for entity 4f077185-4b2f-4098-a52f-a1f113c25f71 from database: {'code': '42P01', 'details': None, 'hint': None, 'message': 'relation "public.agents.dependencies" does not exist'}
2025-04-09 22:03:53,714 - src.haive.dataflow.registry.core - ERROR - Error getting configurations for entity 4f077185-4b2f-4098-a52f-a1f113c25f71 from database: {'code': '42P01', 'details': None, 'hint': None, 'message': 'relation "public.agents.configurations" does not exist'}
2025-04-09 22:03:53,758 - src.haive.dataflow.registry.core - ERROR - Error getting dependencies for entity fdf90873-95ac-47b5-8cf3-92fda048015c from database: {'code': '42P01', 'details': None, 'hint': None, 'message': 'relation "public.agents.dependencies" does not exist'}
2025-04-09 22:03:53,803 - src.haive.dataflow.registry.core - ERROR - Error getting entity 9262b800-0418-4ac8-af5d-6483851aa7b7 from database: {'code': '42P01', 'details': None, 'hint': None, 'message': 'relation "public.agents.registry" does not exist'}
2025-04-09 22:03:53,846 - src.haive.dataflow.registry.core - ERROR - Error getting configurations for entity fdf90873-95ac-47b5-8cf3-92fda048015c from database: {'code': '42P01', 'details': None, 'hint': None, 'message': 'relation "public.agents.configurations" does not exist'}
2025-04-09 22:03:53,895 - src.haive.dataflow.registry.core - ERROR - Error getting dependencies for entity 6c72ee75-4885-433c-bea0-4f7e3f6e3357 from database: {'code': '42P01', 'details': None, 'hint': None, 'message': 'relation "public.agents.dependencies" does not exist'}
2025-04-09 22:03:53,939 - src.haive.dataflow.registry.core - ERROR - Error getting configurations for entity 6c72ee75-4885-433c-bea0-4f7e3f6e3357 from database: {'code': '42P01', 'details': None, 'hint': None, 'message': 'relation "public.agents.configurations" does not exist'}
2025-04-09 22:03:53,982 - src.haive.dataflow.registry.core - ERROR - Error getting dependencies for entity 9a48c600-2b7c-4f70-8bb1-b28df85a818e from database: {'code': '42P01', 'details': None, 'hint': None, 'message': 'relation "public.agents.dependencies" does not exist'}
2025-04-09 22:03:54,030 - src.haive.dataflow.registry.core - ERROR - Error getting configurations for entity 9a48c600-2b7c-4f70-8bb1-b28df85a818e from database: {'code': '42P01', 'details': None, 'hint': None, 'message': 'relation "public.agents.configurations" does not exist'}
2025-04-09 22:03:54,070 - src.haive.dataflow.registry.core - ERROR - Error getting dependencies for entity f070c667-64a0-44a3-a95d-48d2e395e09c from database: {'code': '42P01', 'details': None, 'hint': None, 'message': 'relation "public.agents.dependencies" does not exist'}
2025-04-09 22:03:54,116 - src.haive.dataflow.registry.core - ERROR - Error getting configurations for entity f070c667-64a0-44a3-a95d-48d2e395e09c from database: {'code': '42P01', 'details': None, 'hint': None, 'message': 'relation "public.agents.configurations" does not exist'}
2025-04-09 22:03:54,175 - src.haive.dataflow.registry.core - ERROR - Error getting dependencies for entity 5a0087ab-52ea-4040-828d-227fb56edc95 from database: {'code': '42P01', 'details': None, 'hint': None, 'message': 'relation "public.agents.dependencies" does not exist'}
2025-04-09 22:03:54,228 - src.haive.dataflow.registry.core - ERROR - Error getting configurations for entity 5a0087ab-52ea-4040-828d-227fb56edc95 from database: {'code': '42P01', 'details': None, 'hint': None, 'message': 'relation "public.agents.configurations" does not exist'}
2025-04-09 22:03:54,280 - src.haive.dataflow.registry.core - ERROR - Error getting dependencies for entity 1a2ea3c3-1083-4be4-a01a-ae2edd4e2768 from database: {'code': '42P01', 'details': None, 'hint': None, 'message': 'relation "public.agents.dependencies" does not exist'}
2025-04-09 22:03:54,326 - src.haive.dataflow.registry.core - ERROR - Error getting configurations for entity 1a2ea3c3-1083-4be4-a01a-ae2edd4e2768 from database: {'code': '42P01', 'details': None, 'hint': None, 'message': 'relation "public.agents.configurations" does not exist'}
2025-04-09 22:03:54,368 - src.haive.dataflow.registry.core - ERROR - Error getting dependencies for entity 53ec43c0-fb01-4b9d-ba8b-c7c73ea034bb from database: {'code': '42P01', 'details': None, 'hint': None, 'message': 'relation "public.agents.dependencies" does not exist'}
2025-04-09 22:03:54,411 - src.haive.dataflow.registry.core - ERROR - Error getting configurations for entity 53ec43c0-fb01-4b9d-ba8b-c7c73ea034bb from database: {'code': '42P01', 'details': None, 'hint': None, 'message': 'relation "public.agents.configurations" does not exist'}
2025-04-09 22:03:54,460 - src.haive.dataflow.registry.core - ERROR - Error getting dependencies for entity 5ea59c7d-2bb0-4433-8e0f-097f3c822a1d from database: {'code': '42P01', 'details': None, 'hint': None, 'message': 'relation "public.agents.dependencies" does not exist'}
2025-04-09 22:03:54,509 - src.haive.dataflow.registry.core - ERROR - Error getting configurations for entity 5ea59c7d-2bb0-4433-8e0f-097f3c822a1d from database: {'code': '42P01', 'details': None, 'hint': None, 'message': 'relation "public.agents.configurations" does not exist'}
2025-04-09 22:03:54,556 - src.haive.dataflow.registry.core - ERROR - Error getting dependencies for entity 0f7c24f3-d9da-4f01-aba5-6bea85fcb2ec from database: {'code': '42P01', 'details': None, 'hint': None, 'message': 'relation "public.agents.dependencies" does not exist'}
2025-04-09 22:03:54,601 - src.haive.dataflow.registry.core - ERROR - Error getting configurations for entity 0f7c24f3-d9da-4f01-aba5-6bea85fcb2ec from database: {'code': '42P01', 'details': None, 'hint': None, 'message': 'relation "public.agents.configurations" does not exist'}
2025-04-09 22:03:54,646 - src.haive.dataflow.registry.core - ERROR - Error getting dependencies for entity 871e20bd-e10f-4545-90ab-fc44c9c5ebeb from database: {'code': '42P01', 'details': None, 'hint': None, 'message': 'relation "public.agents.dependencies" does not exist'}
2025-04-09 22:03:54,693 - src.haive.dataflow.registry.core - ERROR - Error getting configurations for entity 871e20bd-e10f-4545-90ab-fc44c9c5ebeb from database: {'code': '42P01', 'details': None, 'hint': None, 'message': 'relation "public.agents.configurations" does not exist'}
2025-04-09 22:03:54,740 - src.haive.dataflow.registry.core - ERROR - Error getting dependencies for entity 24fca4e6-5b48-4901-8c9f-479d0bfb71e5 from database: {'code': '42P01', 'details': None, 'hint': None, 'message': 'relation "public.agents.dependencies" does not exist'}
2025-04-09 22:03:54,787 - src.haive.dataflow.registry.core - ERROR - Error getting configurations for entity 24fca4e6-5b48-4901-8c9f-479d0bfb71e5 from database: {'code': '42P01', 'details': None, 'hint': None, 'message': 'relation "public.agents.configurations" does not exist'}
2025-04-09 22:03:54,836 - src.haive.dataflow.registry.core - ERROR - Error getting dependencies for entity fa042fe2-0b18-4ba4-a88a-8d8c8bbaa1ed from database: {'code': '42P01', 'details': None, 'hint': None, 'message': 'relation "public.agents.dependencies" does not exist'}
2025-04-09 22:03:54,880 - src.haive.dataflow.registry.core - ERROR - Error getting configurations for entity fa042fe2-0b18-4ba4-a88a-8d8c8bbaa1ed from database: {'code': '42P01', 'details': None, 'hint': None, 'message': 'relation "public.agents.configurations" does not exist'}
2025-04-09 22:03:54,923 - src.haive.dataflow.registry.core - ERROR - Error getting dependencies for entity 6877e15e-caf4-45e8-a88b-2b2a9b831894 from database: {'code': '42P01', 'details': None, 'hint': None, 'message': 'relation "public.agents.dependencies" does not exist'}
2025-04-09 22:03:54,968 - src.haive.dataflow.registry.core - ERROR - Error getting configurations for entity 6877e15e-caf4-45e8-a88b-2b2a9b831894 from database: {'code': '42P01', 'details': None, 'hint': None, 'message': 'relation "public.agents.configurations" does not exist'}
2025-04-09 22:03:55,009 - src.haive.dataflow.registry.core - ERROR - Error getting dependencies for entity c9d31a84-a3ac-4732-bfba-3c1e865717ae from database: {'code': '42P01', 'details': None, 'hint': None, 'message': 'relation "public.agents.dependencies" does not exist'}
2025-04-09 22:03:55,053 - src.haive.dataflow.registry.core - ERROR - Error getting configurations for entity c9d31a84-a3ac-4732-bfba-3c1e865717ae from database: {'code': '42P01', 'details': None, 'hint': None, 'message': 'relation "public.agents.configurations" does not exist'}
2025-04-09 22:03:55,099 - src.haive.dataflow.registry.core - ERROR - Error getting dependencies for entity d1dce3db-d0ff-4e7d-8fcc-14582cadccdc from database: {'code': '42P01', 'details': None, 'hint': None, 'message': 'relation "public.agents.dependencies" does not exist'}
2025-04-09 22:03:55,153 - src.haive.dataflow.registry.core - ERROR - Error getting configurations for entity d1dce3db-d0ff-4e7d-8fcc-14582cadccdc from database: {'code': '42P01', 'details': None, 'hint': None, 'message': 'relation "public.agents.configurations" does not exist'}
2025-04-09 22:03:55,195 - src.haive.dataflow.registry.core - ERROR - Error getting dependencies for entity f71fb569-f854-4a52-85d1-b0bdc060cd1e from database: {'code': '42P01', 'details': None, 'hint': None, 'message': 'relation "public.agents.dependencies" does not exist'}
2025-04-09 22:03:55,255 - src.haive.dataflow.registry.core - ERROR - Error getting configurations for entity f71fb569-f854-4a52-85d1-b0bdc060cd1e from database: {'code': '42P01', 'details': None, 'hint': None, 'message': 'relation "public.agents.configurations" does not exist'}
2025-04-09 22:03:55,311 - src.haive.dataflow.registry.core - ERROR - Error getting dependencies for entity 8cf471a3-0914-4791-a499-791d65e99b5c from database: {'code': '42P01', 'details': None, 'hint': None, 'message': 'relation "public.agents.dependencies" does not exist'}
2025-04-09 22:03:55,355 - src.haive.dataflow.registry.core - ERROR - Error getting configurations for entity 8cf471a3-0914-4791-a499-791d65e99b5c from database: {'code': '42P01', 'details': None, 'hint': None, 'message': 'relation "public.agents.configurations" does not exist'}
2025-04-09 22:03:55,411 - src.haive.dataflow.registry.core - ERROR - Error getting dependencies for entity 7bb0df98-69e7-4262-87eb-5b5d698dc2f4 from database: {'code': '42P01', 'details': None, 'hint': None, 'message': 'relation "public.agents.dependencies" does not exist'}
2025-04-09 22:03:55,462 - src.haive.dataflow.registry.core - ERROR - Error getting configurations for entity 7bb0df98-69e7-4262-87eb-5b5d698dc2f4 from database: {'code': '42P01', 'details': None, 'hint': None, 'message': 'relation "public.agents.configurations" does not exist'}
2025-04-09 22:03:55,504 - src.haive.dataflow.registry.core - ERROR - Error getting dependencies for entity d7666149-816e-4770-b073-91854bcbee86 from database: {'code': '42P01', 'details': None, 'hint': None, 'message': 'relation "public.agents.dependencies" does not exist'}
2025-04-09 22:03:55,676 - src.haive.dataflow.registry.core - ERROR - Error getting configurations for entity d7666149-816e-4770-b073-91854bcbee86 from database: {'code': '42P01', 'details': None, 'hint': None, 'message': 'relation "public.agents.configurations" does not exist'}
2025-04-09 22:03:55,720 - src.haive.dataflow.registry.core - ERROR - Error getting dependencies for entity 27c03022-e6e6-4877-9ff2-1b1a1f268642 from database: {'code': '42P01', 'details': None, 'hint': None, 'message': 'relation "public.agents.dependencies" does not exist'}
2025-04-09 22:03:55,765 - src.haive.dataflow.registry.core - ERROR - Error getting configurations for entity 27c03022-e6e6-4877-9ff2-1b1a1f268642 from database: {'code': '42P01', 'details': None, 'hint': None, 'message': 'relation "public.agents.configurations" does not exist'}
2025-04-09 22:03:55,814 - src.haive.dataflow.registry.core - ERROR - Error getting dependencies for entity fcd39481-449d-4daa-ac2c-94d685b6c12b from database: {'code': '42P01', 'details': None, 'hint': None, 'message': 'relation "public.agents.dependencies" does not exist'}
2025-04-09 22:03:55,856 - src.haive.dataflow.registry.core - ERROR - Error getting configurations for entity fcd39481-449d-4daa-ac2c-94d685b6c12b from database: {'code': '42P01', 'details': None, 'hint': None, 'message': 'relation "public.agents.configurations" does not exist'}
2025-04-09 22:03:55,899 - src.haive.dataflow.registry.core - ERROR - Error getting dependencies for entity a5f7dbd0-377f-4d2b-a30a-2433bb0e9ad8 from database: {'code': '42P01', 'details': None, 'hint': None, 'message': 'relation "public.agents.dependencies" does not exist'}
2025-04-09 22:03:55,940 - src.haive.dataflow.registry.core - ERROR - Error getting configurations for entity a5f7dbd0-377f-4d2b-a30a-2433bb0e9ad8 from database: {'code': '42P01', 'details': None, 'hint': None, 'message': 'relation "public.agents.configurations" does not exist'}
2025-04-09 22:03:55,983 - src.haive.dataflow.registry.core - ERROR - Error getting dependencies for entity 69ba3ece-a554-479c-9252-d4d08e9126a5 from database: {'code': '42P01', 'details': None, 'hint': None, 'message': 'relation "public.agents.dependencies" does not exist'}
2025-04-09 22:03:56,027 - src.haive.dataflow.registry.core - ERROR - Error getting configurations for entity 69ba3ece-a554-479c-9252-d4d08e9126a5 from database: {'code': '42P01', 'details': None, 'hint': None, 'message': 'relation "public.agents.configurations" does not exist'}
2025-04-09 22:03:56,070 - src.haive.dataflow.registry.core - ERROR - Error getting dependencies for entity 7a4b6d32-6c53-4b4a-b851-5d408a6fa851 from database: {'code': '42P01', 'details': None, 'hint': None, 'message': 'relation "public.agents.dependencies" does not exist'}
2025-04-09 22:03:56,112 - src.haive.dataflow.registry.core - ERROR - Error getting configurations for entity 7a4b6d32-6c53-4b4a-b851-5d408a6fa851 from database: {'code': '42P01', 'details': None, 'hint': None, 'message': 'relation "public.agents.configurations" does not exist'}
2025-04-09 22:03:56,161 - src.haive.dataflow.registry.core - ERROR - Error getting dependencies for entity 4f1e5923-7de3-4ba9-b671-05b9d4a71be9 from database: {'code': '42P01', 'details': None, 'hint': None, 'message': 'relation "public.agents.dependencies" does not exist'}
2025-04-09 22:03:56,217 - src.haive.dataflow.registry.core - ERROR - Error getting configurations for entity 4f1e5923-7de3-4ba9-b671-05b9d4a71be9 from database: {'code': '42P01', 'details': None, 'hint': None, 'message': 'relation "public.agents.configurations" does not exist'}
2025-04-09 22:03:56,266 - src.haive.dataflow.registry.core - ERROR - Error getting dependencies for entity 61003850-2e38-4bb8-9862-14b87dd7295e from database: {'code': '42P01', 'details': None, 'hint': None, 'message': 'relation "public.agents.dependencies" does not exist'}
2025-04-09 22:03:56,306 - src.haive.dataflow.registry.core - ERROR - Error getting configurations for entity 61003850-2e38-4bb8-9862-14b87dd7295e from database: {'code': '42P01', 'details': None, 'hint': None, 'message': 'relation "public.agents.configurations" does not exist'}
2025-04-09 22:03:56,357 - src.haive.dataflow.registry.core - ERROR - Error getting dependencies for entity b98cb882-7cca-4cd3-811b-150283a10860 from database: {'code': '42P01', 'details': None, 'hint': None, 'message': 'relation "public.agents.dependencies" does not exist'}
2025-04-09 22:03:56,439 - src.haive.dataflow.registry.core - ERROR - Error getting configurations for entity b98cb882-7cca-4cd3-811b-150283a10860 from database: {'code': '42P01', 'details': None, 'hint': None, 'message': 'relation "public.agents.configurations" does not exist'}
2025-04-09 22:03:56,483 - src.haive.dataflow.registry.core - ERROR - Error getting dependencies for entity ce25e708-7e5f-49dc-91cb-3d5b20e60c22 from database: {'code': '42P01', 'details': None, 'hint': None, 'message': 'relation "public.agents.dependencies" does not exist'}
2025-04-09 22:03:56,528 - src.haive.dataflow.registry.core - ERROR - Error getting configurations for entity ce25e708-7e5f-49dc-91cb-3d5b20e60c22 from database: {'code': '42P01', 'details': None, 'hint': None, 'message': 'relation "public.agents.configurations" does not exist'}
2025-04-09 22:03:56,577 - src.haive.dataflow.registry.core - ERROR - Error getting dependencies for entity 4c2a1f06-2a22-4fd6-9c3a-cd22de3a6e79 from database: {'code': '42P01', 'details': None, 'hint': None, 'message': 'relation "public.agents.dependencies" does not exist'}
2025-04-09 22:03:56,624 - src.haive.dataflow.registry.core - ERROR - Error getting configurations for entity 4c2a1f06-2a22-4fd6-9c3a-cd22de3a6e79 from database: {'code': '42P01', 'details': None, 'hint': None, 'message': 'relation "public.agents.configurations" does not exist'}
2025-04-09 22:03:56,667 - src.haive.dataflow.registry.core - ERROR - Error getting dependencies for entity b4b25e2f-adc5-41a6-9c52-df13c7c153ff from database: {'code': '42P01', 'details': None, 'hint': None, 'message': 'relation "public.agents.dependencies" does not exist'}
2025-04-09 22:03:56,714 - src.haive.dataflow.registry.core - ERROR - Error getting configurations for entity b4b25e2f-adc5-41a6-9c52-df13c7c153ff from database: {'code': '42P01', 'details': None, 'hint': None, 'message': 'relation "public.agents.configurations" does not exist'}
2025-04-09 22:03:56,760 - src.haive.dataflow.registry.core - ERROR - Error getting dependencies for entity 0cc1e45f-baf1-4d9e-a10e-5dc1b855b03b from database: {'code': '42P01', 'details': None, 'hint': None, 'message': 'relation "public.agents.dependencies" does not exist'}
2025-04-09 22:03:56,801 - src.haive.dataflow.registry.core - ERROR - Error getting configurations for entity 0cc1e45f-baf1-4d9e-a10e-5dc1b855b03b from database: {'code': '42P01', 'details': None, 'hint': None, 'message': 'relation "public.agents.configurations" does not exist'}
2025-04-09 22:03:56,846 - src.haive.dataflow.registry.core - ERROR - Error getting dependencies for entity 55120617-d529-4793-aef9-501583350e0d from database: {'code': '42P01', 'details': None, 'hint': None, 'message': 'relation "public.agents.dependencies" does not exist'}
2025-04-09 22:03:56,886 - src.haive.dataflow.registry.core - ERROR - Error getting configurations for entity 55120617-d529-4793-aef9-501583350e0d from database: {'code': '42P01', 'details': None, 'hint': None, 'message': 'relation "public.agents.configurations" does not exist'}
2025-04-09 22:03:56,941 - src.haive.dataflow.registry.core - ERROR - Error getting dependencies for entity 3ad050eb-a6f7-4c19-8dcc-6437983b4c29 from database: {'code': '42P01', 'details': None, 'hint': None, 'message': 'relation "public.agents.dependencies" does not exist'}
2025-04-09 22:03:56,987 - src.haive.dataflow.registry.core - ERROR - Error getting configurations for entity 3ad050eb-a6f7-4c19-8dcc-6437983b4c29 from database: {'code': '42P01', 'details': None, 'hint': None, 'message': 'relation "public.agents.configurations" does not exist'}
2025-04-09 22:03:57,031 - src.haive.dataflow.registry.core - ERROR - Error getting dependencies for entity 249fc777-2711-4946-816b-86b06bc1b24c from database: {'code': '42P01', 'details': None, 'hint': None, 'message': 'relation "public.agents.dependencies" does not exist'}
2025-04-09 22:03:57,081 - src.haive.dataflow.registry.core - ERROR - Error getting configurations for entity 249fc777-2711-4946-816b-86b06bc1b24c from database: {'code': '42P01', 'details': None, 'hint': None, 'message': 'relation "public.agents.configurations" does not exist'}
2025-04-09 22:03:57,127 - src.haive.dataflow.registry.core - ERROR - Error getting dependencies for entity 64be8450-67a4-41d1-9c2b-8f1f90931c23 from database: {'code': '42P01', 'details': None, 'hint': None, 'message': 'relation "public.agents.dependencies" does not exist'}
2025-04-09 22:03:57,170 - src.haive.dataflow.registry.core - ERROR - Error getting configurations for entity 64be8450-67a4-41d1-9c2b-8f1f90931c23 from database: {'code': '42P01', 'details': None, 'hint': None, 'message': 'relation "public.agents.configurations" does not exist'}
2025-04-09 22:03:57,209 - src.haive.dataflow.registry.core - ERROR - Error getting dependencies for entity 3144b289-dd80-47f0-a62e-84cce07b39a1 from database: {'code': '42P01', 'details': None, 'hint': None, 'message': 'relation "public.agents.dependencies" does not exist'}
2025-04-09 22:03:57,254 - src.haive.dataflow.registry.core - ERROR - Error getting configurations for entity 3144b289-dd80-47f0-a62e-84cce07b39a1 from database: {'code': '42P01', 'details': None, 'hint': None, 'message': 'relation "public.agents.configurations" does not exist'}
2025-04-09 22:03:57,294 - src.haive.dataflow.registry.core - ERROR - Error getting dependencies for entity ce99b8b9-18b7-4225-9d91-d6915d4b93e4 from database: {'code': '42P01', 'details': None, 'hint': None, 'message': 'relation "public.agents.dependencies" does not exist'}
2025-04-09 22:03:57,332 - src.haive.dataflow.registry.core - ERROR - Error getting configurations for entity ce99b8b9-18b7-4225-9d91-d6915d4b93e4 from database: {'code': '42P01', 'details': None, 'hint': None, 'message': 'relation "public.agents.configurations" does not exist'}
2025-04-09 22:03:57,385 - src.haive.dataflow.registry.core - ERROR - Error getting dependencies for entity 85744760-689d-40a2-add1-2f7e49f66982 from database: {'code': '42P01', 'details': None, 'hint': None, 'message': 'relation "public.agents.dependencies" does not exist'}
2025-04-09 22:03:57,426 - src.haive.dataflow.registry.core - ERROR - Error getting configurations for entity 85744760-689d-40a2-add1-2f7e49f66982 from database: {'code': '42P01', 'details': None, 'hint': None, 'message': 'relation "public.agents.configurations" does not exist'}
2025-04-09 22:03:57,466 - src.haive.dataflow.registry.core - ERROR - Error getting dependencies for entity c03cb6c9-0328-4404-8923-68967105ef4d from database: {'code': '42P01', 'details': None, 'hint': None, 'message': 'relation "public.agents.dependencies" does not exist'}
2025-04-09 22:03:57,513 - src.haive.dataflow.registry.core - ERROR - Error getting configurations for entity c03cb6c9-0328-4404-8923-68967105ef4d from database: {'code': '42P01', 'details': None, 'hint': None, 'message': 'relation "public.agents.configurations" does not exist'}
2025-04-09 22:03:57,554 - src.haive.dataflow.registry.core - ERROR - Error getting dependencies for entity 3fe3c34e-a9ff-40b2-8495-c0eabf6fd72f from database: {'code': '42P01', 'details': None, 'hint': None, 'message': 'relation "public.agents.dependencies" does not exist'}
2025-04-09 22:03:57,593 - src.haive.dataflow.registry.core - ERROR - Error getting configurations for entity 3fe3c34e-a9ff-40b2-8495-c0eabf6fd72f from database: {'code': '42P01', 'details': None, 'hint': None, 'message': 'relation "public.agents.configurations" does not exist'}
2025-04-09 22:03:57,634 - src.haive.dataflow.registry.core - ERROR - Error getting dependencies for entity 58690a19-ab0b-4b63-ace9-02d56a06ae3d from database: {'code': '42P01', 'details': None, 'hint': None, 'message': 'relation "public.agents.dependencies" does not exist'}
2025-04-09 22:03:57,677 - src.haive.dataflow.registry.core - ERROR - Error getting configurations for entity 58690a19-ab0b-4b63-ace9-02d56a06ae3d from database: {'code': '42P01', 'details': None, 'hint': None, 'message': 'relation "public.agents.configurations" does not exist'}
2025-04-09 22:03:57,722 - src.haive.dataflow.registry.core - ERROR - Error getting dependencies for entity f3f7053c-69f5-42c1-8b5d-5d89362cefed from database: {'code': '42P01', 'details': None, 'hint': None, 'message': 'relation "public.agents.dependencies" does not exist'}
2025-04-09 22:03:57,765 - src.haive.dataflow.registry.core - ERROR - Error getting configurations for entity f3f7053c-69f5-42c1-8b5d-5d89362cefed from database: {'code': '42P01', 'details': None, 'hint': None, 'message': 'relation "public.agents.configurations" does not exist'}
2025-04-09 22:03:57,807 - src.haive.dataflow.registry.core - ERROR - Error getting dependencies for entity 823510b2-a1c0-4499-b241-c66e0922c5bb from database: {'code': '42P01', 'details': None, 'hint': None, 'message': 'relation "public.agents.dependencies" does not exist'}
2025-04-09 22:03:57,852 - src.haive.dataflow.registry.core - ERROR - Error getting configurations for entity 823510b2-a1c0-4499-b241-c66e0922c5bb from database: {'code': '42P01', 'details': None, 'hint': None, 'message': 'relation "public.agents.configurations" does not exist'}
2025-04-09 22:03:57,892 - src.haive.dataflow.registry.core - ERROR - Error getting dependencies for entity 6b5ff29e-4818-4ad2-8d08-1e22513cc2b0 from database: {'code': '42P01', 'details': None, 'hint': None, 'message': 'relation "public.agents.dependencies" does not exist'}
2025-04-09 22:03:57,931 - src.haive.dataflow.registry.core - ERROR - Error getting configurations for entity 6b5ff29e-4818-4ad2-8d08-1e22513cc2b0 from database: {'code': '42P01', 'details': None, 'hint': None, 'message': 'relation "public.agents.configurations" does not exist'}
2025-04-09 22:03:57,977 - src.haive.dataflow.registry.core - ERROR - Error getting dependencies for entity 8e744d1f-93b7-4157-ad69-3aa77b6ca597 from database: {'code': '42P01', 'details': None, 'hint': None, 'message': 'relation "public.agents.dependencies" does not exist'}
2025-04-09 22:03:58,025 - src.haive.dataflow.registry.core - ERROR - Error getting configurations for entity 8e744d1f-93b7-4157-ad69-3aa77b6ca597 from database: {'code': '42P01', 'details': None, 'hint': None, 'message': 'relation "public.agents.configurations" does not exist'}
2025-04-09 22:03:58,069 - src.haive.dataflow.registry.core - ERROR - Error getting dependencies for entity 5a169c93-f8ae-4055-922d-44fe17c56147 from database: {'code': '42P01', 'details': None, 'hint': None, 'message': 'relation "public.agents.dependencies" does not exist'}
2025-04-09 22:03:58,122 - src.haive.dataflow.registry.core - ERROR - Error getting configurations for entity 5a169c93-f8ae-4055-922d-44fe17c56147 from database: {'code': '42P01', 'details': None, 'hint': None, 'message': 'relation "public.agents.configurations" does not exist'}
2025-04-09 22:52:22,022 - src.haive.dataflow.registry.core - INFO - Connected to Supabase successfully
2025-04-10 13:45:29,917 - src.haive.dataflow.registry.core - INFO - Connected to Supabase successfully
2025-04-10 13:46:39,432 - src.haive.dataflow.registry.core - INFO - Connected to Supabase successfully
2025-04-10 13:47:35,816 - src.haive.dataflow.registry.core - INFO - Connected to Supabase successfully
2025-04-10 13:47:40,191 - src.haive.dataflow.registry.core - ERROR - Error registering entity agent_f35c10f4 in database: {}
2025-04-10 13:47:40,444 - src.haive.dataflow.registry.core - ERROR - Error getting entity f429849e-8379-4ecb-a885-7f505666e03d from database: {'code': '42P01', 'details': None, 'hint': None, 'message': 'relation "public.registry.items" does not exist'}
2025-04-10 13:47:40,496 - src.haive.dataflow.registry.core - ERROR - Error adding import log for agent_f35c10f4: {}
2025-04-10 13:47:40,623 - src.haive.dataflow.registry.core - ERROR - Error registering entity agent_cc272e79 in database: {}
2025-04-10 13:47:40,677 - src.haive.dataflow.registry.core - ERROR - Error getting entity 16bf554c-a0c2-4c20-903f-3fcbc5defa39 from database: {'code': '42P01', 'details': None, 'hint': None, 'message': 'relation "public.registry.items" does not exist'}
2025-04-10 13:47:40,778 - src.haive.dataflow.registry.core - ERROR - Error adding configuration to entity 16bf554c-a0c2-4c20-903f-3fcbc5defa39: {}
2025-04-10 13:47:40,846 - src.haive.dataflow.registry.core - ERROR - Error getting entity 16bf554c-a0c2-4c20-903f-3fcbc5defa39 from database: {'code': '42P01', 'details': None, 'hint': None, 'message': 'relation "public.registry.items" does not exist'}
2025-04-10 13:47:40,899 - src.haive.dataflow.registry.core - ERROR - Error adding import log for agent_cc272e79: {}
2025-04-10 13:47:40,948 - src.haive.dataflow.registry.core - ERROR - Error registering entity agent_6f256f3b in database: {}
2025-04-10 13:47:41,037 - src.haive.dataflow.registry.core - ERROR - Error getting entity 06bf7938-0570-4b7f-9706-d91112c3c06e from database: {'code': '42P01', 'details': None, 'hint': None, 'message': 'relation "public.registry.items" does not exist'}
2025-04-10 13:47:41,087 - src.haive.dataflow.registry.core - ERROR - Error adding import log for agent_6f256f3b: {}
2025-04-10 13:47:41,139 - src.haive.dataflow.registry.core - ERROR - Error registering entity agent_a608a243 in database: {}
2025-04-10 13:47:41,194 - src.haive.dataflow.registry.core - ERROR - Error getting entity a334c13c-56ff-42e9-9fe7-acff1af3cfc4 from database: {'code': '42P01', 'details': None, 'hint': None, 'message': 'relation "public.registry.items" does not exist'}
2025-04-10 13:47:41,244 - src.haive.dataflow.registry.core - ERROR - Error adding configuration to entity a334c13c-56ff-42e9-9fe7-acff1af3cfc4: {}
2025-04-10 13:47:41,301 - src.haive.dataflow.registry.core - ERROR - Error getting entity a334c13c-56ff-42e9-9fe7-acff1af3cfc4 from database: {'code': '42P01', 'details': None, 'hint': None, 'message': 'relation "public.registry.items" does not exist'}
2025-04-10 13:47:41,373 - src.haive.dataflow.registry.core - ERROR - Error adding import log for agent_a608a243: {}
2025-04-10 13:47:51,660 - src.haive.dataflow.registry.core - ERROR - Error registering entity agent_9ee4e626 in database: {}
2025-04-10 13:47:51,769 - src.haive.dataflow.registry.core - ERROR - Error getting entity 62a6faf3-9141-47e2-9859-3d6bebd30c07 from database: {'code': '42P01', 'details': None, 'hint': None, 'message': 'relation "public.registry.items" does not exist'}
2025-04-10 13:47:51,822 - src.haive.dataflow.registry.core - ERROR - Error adding import log for agent_9ee4e626: {}
2025-04-10 13:47:51,918 - src.haive.dataflow.registry.core - ERROR - Error registering entity agent_a352a4d0 in database: {}
2025-04-10 13:47:52,028 - src.haive.dataflow.registry.core - ERROR - Error getting entity 87b80f0c-2db3-4396-8e34-d201e2ba4140 from database: {'code': '42P01', 'details': None, 'hint': None, 'message': 'relation "public.registry.items" does not exist'}
2025-04-10 13:47:52,094 - src.haive.dataflow.registry.core - ERROR - Error adding configuration to entity 87b80f0c-2db3-4396-8e34-d201e2ba4140: {}
2025-04-10 13:47:52,181 - src.haive.dataflow.registry.core - ERROR - Error getting entity 87b80f0c-2db3-4396-8e34-d201e2ba4140 from database: {'code': '42P01', 'details': None, 'hint': None, 'message': 'relation "public.registry.items" does not exist'}
2025-04-10 13:47:52,233 - src.haive.dataflow.registry.core - ERROR - Error adding import log for agent_a352a4d0: {}
2025-04-10 13:47:52,283 - src.haive.dataflow.registry.core - ERROR - Error registering entity agent_8af27475 in database: {}
2025-04-10 13:47:52,342 - src.haive.dataflow.registry.core - ERROR - Error getting entity 9a2980f6-d323-469e-97f0-90845247c497 from database: {'code': '42P01', 'details': None, 'hint': None, 'message': 'relation "public.registry.items" does not exist'}
2025-04-10 13:47:52,396 - src.haive.dataflow.registry.core - ERROR - Error adding import log for agent_8af27475: {}
2025-04-10 13:47:52,448 - src.haive.dataflow.registry.core - ERROR - Error registering entity agent_b126cf9b in database: {}
2025-04-10 13:47:52,502 - src.haive.dataflow.registry.core - ERROR - Error getting entity e8c2acfa-afaf-4044-8f25-42cc693ce61e from database: {'code': '42P01', 'details': None, 'hint': None, 'message': 'relation "public.registry.items" does not exist'}
2025-04-10 13:47:52,553 - src.haive.dataflow.registry.core - ERROR - Error adding configuration to entity e8c2acfa-afaf-4044-8f25-42cc693ce61e: {}
2025-04-10 13:47:52,611 - src.haive.dataflow.registry.core - ERROR - Error getting entity e8c2acfa-afaf-4044-8f25-42cc693ce61e from database: {'code': '42P01', 'details': None, 'hint': None, 'message': 'relation "public.registry.items" does not exist'}
2025-04-10 13:47:52,666 - src.haive.dataflow.registry.core - ERROR - Error adding import log for agent_b126cf9b: {}
2025-04-10 13:47:52,785 - src.haive.dataflow.registry.core - ERROR - Error registering entity agent_e08a6cd6 in database: {}
2025-04-10 13:47:52,853 - src.haive.dataflow.registry.core - ERROR - Error getting entity be46b0f8-49f8-4b33-bc1f-78baeacc9e5b from database: {'code': '42P01', 'details': None, 'hint': None, 'message': 'relation "public.registry.items" does not exist'}
2025-04-10 13:47:52,901 - src.haive.dataflow.registry.core - ERROR - Error adding import log for agent_e08a6cd6: {}
2025-04-10 13:47:52,954 - src.haive.dataflow.registry.core - ERROR - Error registering entity map_reduce_summarizer_agent in database: {}
2025-04-10 13:47:53,018 - src.haive.dataflow.registry.core - ERROR - Error getting entity 87d985e7-ee7a-4bfe-9e48-76072a6d9607 from database: {'code': '42P01', 'details': None, 'hint': None, 'message': 'relation "public.registry.items" does not exist'}
2025-04-10 13:47:53,076 - src.haive.dataflow.registry.core - ERROR - Error adding configuration to entity 87d985e7-ee7a-4bfe-9e48-76072a6d9607: {}
2025-04-10 13:47:53,129 - src.haive.dataflow.registry.core - ERROR - Error getting entity 87d985e7-ee7a-4bfe-9e48-76072a6d9607 from database: {'code': '42P01', 'details': None, 'hint': None, 'message': 'relation "public.registry.items" does not exist'}
2025-04-10 13:47:53,193 - src.haive.dataflow.registry.core - ERROR - Error adding configuration to entity 87d985e7-ee7a-4bfe-9e48-76072a6d9607: {}
2025-04-10 13:47:53,249 - src.haive.dataflow.registry.core - ERROR - Error getting entity 87d985e7-ee7a-4bfe-9e48-76072a6d9607 from database: {'code': '42P01', 'details': None, 'hint': None, 'message': 'relation "public.registry.items" does not exist'}
2025-04-10 13:47:53,300 - src.haive.dataflow.registry.core - ERROR - Error adding configuration to entity 87d985e7-ee7a-4bfe-9e48-76072a6d9607: {}
2025-04-10 13:47:53,346 - src.haive.dataflow.registry.core - ERROR - Error registering entity map_reduce_summarizer_agent_engine in database: {}
2025-04-10 13:47:53,405 - src.haive.dataflow.registry.core - ERROR - Error getting entity 87d985e7-ee7a-4bfe-9e48-76072a6d9607 from database: {'code': '42P01', 'details': None, 'hint': None, 'message': 'relation "public.registry.items" does not exist'}
2025-04-10 13:47:53,460 - src.haive.dataflow.registry.core - ERROR - Error getting entity 80aa0ba0-2c77-4523-9e25-1674666229c0 from database: {'code': '42P01', 'details': None, 'hint': None, 'message': 'relation "public.registry.items" does not exist'}
2025-04-10 13:47:53,511 - src.haive.dataflow.registry.core - ERROR - Error adding dependency from 87d985e7-ee7a-4bfe-9e48-76072a6d9607 to 80aa0ba0-2c77-4523-9e25-1674666229c0: {}
2025-04-10 13:47:53,567 - src.haive.dataflow.registry.core - ERROR - Error getting entity 87d985e7-ee7a-4bfe-9e48-76072a6d9607 from database: {'code': '42P01', 'details': None, 'hint': None, 'message': 'relation "public.registry.items" does not exist'}
2025-04-10 13:47:53,628 - src.haive.dataflow.registry.core - ERROR - Error adding import log for map_reduce_summarizer_agent: {}
2025-04-10 13:47:53,682 - src.haive.dataflow.registry.core - ERROR - Error registering entity agent_6e824974 in database: {}
2025-04-10 13:47:53,735 - src.haive.dataflow.registry.core - ERROR - Error getting entity 2d531458-1a9f-462d-a533-0f23bfffae40 from database: {'code': '42P01', 'details': None, 'hint': None, 'message': 'relation "public.registry.items" does not exist'}
2025-04-10 13:47:53,784 - src.haive.dataflow.registry.core - ERROR - Error adding import log for agent_6e824974: {}
2025-04-10 13:47:53,838 - src.haive.dataflow.registry.core - ERROR - Error registering entity map_reduce_summarizer_agent in database: {}
2025-04-10 13:47:53,897 - src.haive.dataflow.registry.core - ERROR - Error getting entity daf2b451-500e-45c4-a4ee-f973715f8961 from database: {'code': '42P01', 'details': None, 'hint': None, 'message': 'relation "public.registry.items" does not exist'}
2025-04-10 13:47:53,947 - src.haive.dataflow.registry.core - ERROR - Error adding configuration to entity daf2b451-500e-45c4-a4ee-f973715f8961: {}
2025-04-10 13:47:53,998 - src.haive.dataflow.registry.core - ERROR - Error getting entity daf2b451-500e-45c4-a4ee-f973715f8961 from database: {'code': '42P01', 'details': None, 'hint': None, 'message': 'relation "public.registry.items" does not exist'}
2025-04-10 13:47:54,049 - src.haive.dataflow.registry.core - ERROR - Error adding configuration to entity daf2b451-500e-45c4-a4ee-f973715f8961: {}
2025-04-10 13:47:54,105 - src.haive.dataflow.registry.core - ERROR - Error getting entity daf2b451-500e-45c4-a4ee-f973715f8961 from database: {'code': '42P01', 'details': None, 'hint': None, 'message': 'relation "public.registry.items" does not exist'}
2025-04-10 13:47:54,160 - src.haive.dataflow.registry.core - ERROR - Error adding configuration to entity daf2b451-500e-45c4-a4ee-f973715f8961: {}
2025-04-10 13:47:54,213 - src.haive.dataflow.registry.core - ERROR - Error registering entity map_reduce_summarizer_agent_engine in database: {}
2025-04-10 13:47:54,275 - src.haive.dataflow.registry.core - ERROR - Error getting entity daf2b451-500e-45c4-a4ee-f973715f8961 from database: {'code': '42P01', 'details': None, 'hint': None, 'message': 'relation "public.registry.items" does not exist'}
2025-04-10 13:47:54,338 - src.haive.dataflow.registry.core - ERROR - Error getting entity 0818bd01-7c6c-480f-bc32-a62f8ae77997 from database: {'code': '42P01', 'details': None, 'hint': None, 'message': 'relation "public.registry.items" does not exist'}
2025-04-10 13:47:54,402 - src.haive.dataflow.registry.core - ERROR - Error adding dependency from daf2b451-500e-45c4-a4ee-f973715f8961 to 0818bd01-7c6c-480f-bc32-a62f8ae77997: {}
2025-04-10 13:47:54,458 - src.haive.dataflow.registry.core - ERROR - Error getting entity daf2b451-500e-45c4-a4ee-f973715f8961 from database: {'code': '42P01', 'details': None, 'hint': None, 'message': 'relation "public.registry.items" does not exist'}
2025-04-10 13:47:54,507 - src.haive.dataflow.registry.core - ERROR - Error adding import log for map_reduce_summarizer_agent: {}
2025-04-10 13:47:54,575 - src.haive.dataflow.registry.core - ERROR - Error registering entity agent_f08426bb in database: {}
2025-04-10 13:47:54,635 - src.haive.dataflow.registry.core - ERROR - Error getting entity d0f38df8-9b06-43fc-a11e-57c08974a9c3 from database: {'code': '42P01', 'details': None, 'hint': None, 'message': 'relation "public.registry.items" does not exist'}
2025-04-10 13:47:54,688 - src.haive.dataflow.registry.core - ERROR - Error adding import log for agent_f08426bb: {}
2025-04-10 13:47:54,743 - src.haive.dataflow.registry.core - ERROR - Error registering entity agent_e59206ea in database: {}
2025-04-10 13:47:54,796 - src.haive.dataflow.registry.core - ERROR - Error getting entity 8d4c0046-e5fa-485a-b3f0-41dd5eb6be56 from database: {'code': '42P01', 'details': None, 'hint': None, 'message': 'relation "public.registry.items" does not exist'}
2025-04-10 13:47:54,845 - src.haive.dataflow.registry.core - ERROR - Error adding configuration to entity 8d4c0046-e5fa-485a-b3f0-41dd5eb6be56: {}
2025-04-10 13:47:54,898 - src.haive.dataflow.registry.core - ERROR - Error getting entity 8d4c0046-e5fa-485a-b3f0-41dd5eb6be56 from database: {'code': '42P01', 'details': None, 'hint': None, 'message': 'relation "public.registry.items" does not exist'}
2025-04-10 13:47:54,951 - src.haive.dataflow.registry.core - ERROR - Error adding import log for agent_e59206ea: {}
2025-04-10 13:47:55,278 - src.haive.dataflow.registry.core - ERROR - Error registering entity agent_d469a775 in database: {}
2025-04-10 13:47:55,334 - src.haive.dataflow.registry.core - ERROR - Error getting entity 119fd31c-ce9c-4de2-b24c-c9c75a2e4981 from database: {'code': '42P01', 'details': None, 'hint': None, 'message': 'relation "public.registry.items" does not exist'}
2025-04-10 13:47:55,398 - src.haive.dataflow.registry.core - ERROR - Error adding import log for agent_d469a775: {}
2025-04-10 13:47:55,450 - src.haive.dataflow.registry.core - ERROR - Error registering entity agent_006a12ca in database: {}
2025-04-10 13:47:55,508 - src.haive.dataflow.registry.core - ERROR - Error getting entity e853b651-519a-4f41-ab29-30a23d553ef4 from database: {'code': '42P01', 'details': None, 'hint': None, 'message': 'relation "public.registry.items" does not exist'}
2025-04-10 13:47:55,560 - src.haive.dataflow.registry.core - ERROR - Error adding configuration to entity e853b651-519a-4f41-ab29-30a23d553ef4: {}
2025-04-10 13:47:55,617 - src.haive.dataflow.registry.core - ERROR - Error getting entity e853b651-519a-4f41-ab29-30a23d553ef4 from database: {'code': '42P01', 'details': None, 'hint': None, 'message': 'relation "public.registry.items" does not exist'}
2025-04-10 13:47:55,676 - src.haive.dataflow.registry.core - ERROR - Error adding import log for agent_006a12ca: {}
2025-04-10 13:47:55,733 - src.haive.dataflow.registry.core - ERROR - Error registering entity agent_22e5535c in database: {}
2025-04-10 13:47:55,787 - src.haive.dataflow.registry.core - ERROR - Error getting entity 621fca69-e4fa-4cfd-9f51-fd0c56edfd7b from database: {'code': '42P01', 'details': None, 'hint': None, 'message': 'relation "public.registry.items" does not exist'}
2025-04-10 13:47:55,843 - src.haive.dataflow.registry.core - ERROR - Error adding configuration to entity 621fca69-e4fa-4cfd-9f51-fd0c56edfd7b: {}
2025-04-10 13:47:55,906 - src.haive.dataflow.registry.core - ERROR - Error getting entity 621fca69-e4fa-4cfd-9f51-fd0c56edfd7b from database: {'code': '42P01', 'details': None, 'hint': None, 'message': 'relation "public.registry.items" does not exist'}
2025-04-10 13:47:55,965 - src.haive.dataflow.registry.core - ERROR - Error adding import log for agent_22e5535c: {}
2025-04-10 13:47:56,049 - src.haive.dataflow.registry.core - ERROR - Error adding import log for BaseRAGConfig: {}
2025-04-10 13:47:56,107 - src.haive.dataflow.registry.core - ERROR - Error registering entity agent_c94c19dd in database: {}
2025-04-10 13:47:56,168 - src.haive.dataflow.registry.core - ERROR - Error getting entity 31e85dc8-3a7b-4706-bf54-91302f278088 from database: {'code': '42P01', 'details': None, 'hint': None, 'message': 'relation "public.registry.items" does not exist'}
2025-04-10 13:47:56,222 - src.haive.dataflow.registry.core - ERROR - Error adding import log for agent_c94c19dd: {}
2025-04-10 13:47:56,274 - src.haive.dataflow.registry.core - ERROR - Error adding import log for BaseRAGConfig: {}
2025-04-10 13:47:56,374 - src.haive.dataflow.registry.core - ERROR - Error registering entity agent_3d7c3dcd in database: {}
2025-04-10 13:47:56,442 - src.haive.dataflow.registry.core - ERROR - Error getting entity b46c90b5-f54a-4ee9-af29-f13d7f2f020a from database: {'code': '42P01', 'details': None, 'hint': None, 'message': 'relation "public.registry.items" does not exist'}
2025-04-10 13:47:56,493 - src.haive.dataflow.registry.core - ERROR - Error adding import log for agent_3d7c3dcd: {}
2025-04-10 13:47:56,562 - src.haive.dataflow.registry.core - ERROR - Error adding import log for BaseRAGConfig: {}
2025-04-10 13:47:56,625 - src.haive.dataflow.registry.core - ERROR - Error registering entity agent_464f0d3c in database: {}
2025-04-10 13:47:56,681 - src.haive.dataflow.registry.core - ERROR - Error getting entity a08a661d-ea37-4688-b676-6dae597f8057 from database: {'code': '42P01', 'details': None, 'hint': None, 'message': 'relation "public.registry.items" does not exist'}
2025-04-10 13:47:56,731 - src.haive.dataflow.registry.core - ERROR - Error adding import log for agent_464f0d3c: {}
2025-04-10 13:47:56,787 - src.haive.dataflow.registry.core - ERROR - Error adding import log for BaseRAGConfig: {}
2025-04-10 13:47:56,844 - src.haive.dataflow.registry.core - ERROR - Error adding import log for FilteredRAGConfig: {}
2025-04-10 13:47:56,903 - src.haive.dataflow.registry.core - ERROR - Error adding import log for BaseRAGConfig: {}
2025-04-10 13:47:56,951 - src.haive.dataflow.registry.core - ERROR - Error adding import log for FilteredRAGConfig: {}
2025-04-10 13:47:57,575 - src.haive.dataflow.registry.core - ERROR - Error adding import log for GraphDBRAGConfig: {}
2025-04-10 13:47:57,626 - src.haive.dataflow.registry.core - ERROR - Error registering entity agent_adee9fdd in database: {}
2025-04-10 13:47:57,674 - src.haive.dataflow.registry.core - ERROR - Error getting entity 559021f6-5160-4656-b2c0-b96a47364b01 from database: {'code': '42P01', 'details': None, 'hint': None, 'message': 'relation "public.registry.items" does not exist'}
2025-04-10 13:47:57,777 - src.haive.dataflow.registry.core - ERROR - Error adding import log for agent_adee9fdd: {}
2025-04-10 13:47:57,823 - src.haive.dataflow.registry.core - ERROR - Error adding import log for BaseRAGConfig: {}
2025-04-10 13:47:57,886 - src.haive.dataflow.registry.core - ERROR - Error adding import log for GraphDBAgentConfig: {}
2025-04-10 13:47:57,948 - src.haive.dataflow.registry.core - ERROR - Error adding import log for GraphDBRAGConfig: {}
2025-04-10 13:47:58,033 - src.haive.dataflow.registry.core - ERROR - Error adding import log for LLMRAGConfig: {}
2025-04-10 13:47:58,102 - src.haive.dataflow.registry.core - ERROR - Error registering entity agent_9b6beb47 in database: {}
2025-04-10 13:47:58,152 - src.haive.dataflow.registry.core - ERROR - Error getting entity 8474b668-b64f-427b-bb7d-84e9c0af1d59 from database: {'code': '42P01', 'details': None, 'hint': None, 'message': 'relation "public.registry.items" does not exist'}
2025-04-10 13:47:58,201 - src.haive.dataflow.registry.core - ERROR - Error adding import log for agent_9b6beb47: {}
2025-04-10 13:47:58,247 - src.haive.dataflow.registry.core - ERROR - Error adding import log for BaseRAGConfig: {}
2025-04-10 13:47:58,293 - src.haive.dataflow.registry.core - ERROR - Error adding import log for LLMRAGConfig: {}
2025-04-10 13:47:58,346 - src.haive.dataflow.registry.core - ERROR - Error adding import log for LLMRAGConfig: {}
2025-04-10 13:47:58,418 - src.haive.dataflow.registry.core - ERROR - Error adding import log for MultiStrategyRAGConfig: {}
2025-04-10 13:47:58,468 - src.haive.dataflow.registry.core - ERROR - Error adding import log for SelfCorrectiveRAGConfig: {}
2025-04-10 13:47:58,516 - src.haive.dataflow.registry.core - ERROR - Error adding import log for SelfCorrectiveRAGConfig: {}
2025-04-10 13:47:58,567 - src.haive.dataflow.registry.core - ERROR - Error adding import log for BaseRAGConfig: {}
2025-04-10 13:47:58,616 - src.haive.dataflow.registry.core - ERROR - Error adding import log for SelfCorrectiveRAGConfig: {}
2025-04-10 13:47:58,749 - src.haive.dataflow.registry.core - ERROR - Error adding import log for SQLRAGConfig: {}
2025-04-10 13:47:58,803 - src.haive.dataflow.registry.core - ERROR - Error registering entity agent_596a8e90 in database: {}
2025-04-10 13:47:58,862 - src.haive.dataflow.registry.core - ERROR - Error getting entity 3c1047a6-60b1-4580-b7c2-a953027ffd69 from database: {'code': '42P01', 'details': None, 'hint': None, 'message': 'relation "public.registry.items" does not exist'}
2025-04-10 13:47:58,913 - src.haive.dataflow.registry.core - ERROR - Error adding import log for agent_596a8e90: {}
2025-04-10 13:47:58,965 - src.haive.dataflow.registry.core - ERROR - Error adding import log for BaseRAGConfig: {}
2025-04-10 13:47:59,033 - src.haive.dataflow.registry.core - ERROR - Error adding import log for SQLAgentConfig: {}
2025-04-10 13:47:59,088 - src.haive.dataflow.registry.core - ERROR - Error adding import log for SQLRAGConfig: {}
2025-04-10 13:47:59,137 - src.haive.dataflow.registry.core - ERROR - Error registering entity agent_c34be434 in database: {}
2025-04-10 13:47:59,196 - src.haive.dataflow.registry.core - ERROR - Error getting entity 556a930a-a381-4e76-a84c-9b0e64fcb192 from database: {'code': '42P01', 'details': None, 'hint': None, 'message': 'relation "public.registry.items" does not exist'}
2025-04-10 13:47:59,243 - src.haive.dataflow.registry.core - ERROR - Error adding import log for agent_c34be434: {}
2025-04-10 13:47:59,295 - src.haive.dataflow.registry.core - ERROR - Error registering entity agent_8220f509 in database: {}
2025-04-10 13:47:59,347 - src.haive.dataflow.registry.core - ERROR - Error getting entity 3e57fc5e-6c45-42e4-bbf0-c17de39e9643 from database: {'code': '42P01', 'details': None, 'hint': None, 'message': 'relation "public.registry.items" does not exist'}
2025-04-10 13:47:59,409 - src.haive.dataflow.registry.core - ERROR - Error adding configuration to entity 3e57fc5e-6c45-42e4-bbf0-c17de39e9643: {}
2025-04-10 13:47:59,465 - src.haive.dataflow.registry.core - ERROR - Error getting entity 3e57fc5e-6c45-42e4-bbf0-c17de39e9643 from database: {'code': '42P01', 'details': None, 'hint': None, 'message': 'relation "public.registry.items" does not exist'}
2025-04-10 13:47:59,526 - src.haive.dataflow.registry.core - ERROR - Error adding import log for agent_8220f509: {}
2025-04-10 13:47:59,607 - src.haive.dataflow.registry.core - ERROR - Error registering entity agent_74723e56 in database: {}
2025-04-10 13:47:59,661 - src.haive.dataflow.registry.core - ERROR - Error getting entity ccc2ea0c-f15d-4d82-93f1-e131a26175bd from database: {'code': '42P01', 'details': None, 'hint': None, 'message': 'relation "public.registry.items" does not exist'}
2025-04-10 13:47:59,721 - src.haive.dataflow.registry.core - ERROR - Error adding configuration to entity ccc2ea0c-f15d-4d82-93f1-e131a26175bd: {}
2025-04-10 13:47:59,775 - src.haive.dataflow.registry.core - ERROR - Error getting entity ccc2ea0c-f15d-4d82-93f1-e131a26175bd from database: {'code': '42P01', 'details': None, 'hint': None, 'message': 'relation "public.registry.items" does not exist'}
2025-04-10 13:47:59,824 - src.haive.dataflow.registry.core - ERROR - Error adding import log for agent_74723e56: {}
2025-04-10 13:47:59,887 - src.haive.dataflow.registry.core - ERROR - Error registering entity agent_c61efaad in database: {}
2025-04-10 13:47:59,948 - src.haive.dataflow.registry.core - ERROR - Error getting entity 6fc084cb-e8fc-483a-9b4c-a53384cf2332 from database: {'code': '42P01', 'details': None, 'hint': None, 'message': 'relation "public.registry.items" does not exist'}
2025-04-10 13:48:00,005 - src.haive.dataflow.registry.core - ERROR - Error adding configuration to entity 6fc084cb-e8fc-483a-9b4c-a53384cf2332: {}
2025-04-10 13:48:00,056 - src.haive.dataflow.registry.core - ERROR - Error getting entity 6fc084cb-e8fc-483a-9b4c-a53384cf2332 from database: {'code': '42P01', 'details': None, 'hint': None, 'message': 'relation "public.registry.items" does not exist'}
2025-04-10 13:48:00,113 - src.haive.dataflow.registry.core - ERROR - Error adding import log for agent_c61efaad: {}
2025-04-10 13:48:00,231 - src.haive.dataflow.registry.core - ERROR - Error registering entity agent_c5ba0d48 in database: {}
2025-04-10 13:48:00,286 - src.haive.dataflow.registry.core - ERROR - Error getting entity a0060106-ea20-4aeb-9b59-1cc8e5b024ba from database: {'code': '42P01', 'details': None, 'hint': None, 'message': 'relation "public.registry.items" does not exist'}
2025-04-10 13:48:00,335 - src.haive.dataflow.registry.core - ERROR - Error adding import log for agent_c5ba0d48: {}
2025-04-10 13:48:00,387 - src.haive.dataflow.registry.core - ERROR - Error registering entity agent_3fff8a54 in database: {}
2025-04-10 13:48:00,436 - src.haive.dataflow.registry.core - ERROR - Error getting entity 8f1f1887-3377-4035-939f-3c7adbe6b18b from database: {'code': '42P01', 'details': None, 'hint': None, 'message': 'relation "public.registry.items" does not exist'}
2025-04-10 13:48:00,483 - src.haive.dataflow.registry.core - ERROR - Error adding configuration to entity 8f1f1887-3377-4035-939f-3c7adbe6b18b: {}
2025-04-10 13:48:00,530 - src.haive.dataflow.registry.core - ERROR - Error getting entity 8f1f1887-3377-4035-939f-3c7adbe6b18b from database: {'code': '42P01', 'details': None, 'hint': None, 'message': 'relation "public.registry.items" does not exist'}
2025-04-10 13:48:00,600 - src.haive.dataflow.registry.core - ERROR - Error adding import log for agent_3fff8a54: {}
2025-04-10 13:48:00,665 - src.haive.dataflow.registry.core - ERROR - Error registering entity agent_80320acf in database: {}
2025-04-10 13:48:00,730 - src.haive.dataflow.registry.core - ERROR - Error getting entity b428c561-c22f-4a9e-a96c-19d89dec2e6d from database: {'code': '42P01', 'details': None, 'hint': None, 'message': 'relation "public.registry.items" does not exist'}
2025-04-10 13:48:00,794 - src.haive.dataflow.registry.core - ERROR - Error adding import log for agent_80320acf: {}
2025-04-10 13:48:00,851 - src.haive.dataflow.registry.core - ERROR - Error registering entity agent_ada86615 in database: {}
2025-04-10 13:48:00,900 - src.haive.dataflow.registry.core - ERROR - Error getting entity cbb95bb4-be46-41bf-99d2-2034ed717e10 from database: {'code': '42P01', 'details': None, 'hint': None, 'message': 'relation "public.registry.items" does not exist'}
2025-04-10 13:48:00,949 - src.haive.dataflow.registry.core - ERROR - Error adding import log for agent_ada86615: {}
2025-04-10 13:48:00,997 - src.haive.dataflow.registry.core - ERROR - Error registering entity agent_db70eea6 in database: {}
2025-04-10 13:48:01,059 - src.haive.dataflow.registry.core - ERROR - Error getting entity f61b689b-8f7f-4c38-b413-1125ca5530cd from database: {'code': '42P01', 'details': None, 'hint': None, 'message': 'relation "public.registry.items" does not exist'}
2025-04-10 13:48:01,123 - src.haive.dataflow.registry.core - ERROR - Error adding configuration to entity f61b689b-8f7f-4c38-b413-1125ca5530cd: {}
2025-04-10 13:48:01,175 - src.haive.dataflow.registry.core - ERROR - Error getting entity f61b689b-8f7f-4c38-b413-1125ca5530cd from database: {'code': '42P01', 'details': None, 'hint': None, 'message': 'relation "public.registry.items" does not exist'}
2025-04-10 13:48:01,229 - src.haive.dataflow.registry.core - ERROR - Error adding import log for agent_db70eea6: {}
2025-04-10 13:48:01,303 - src.haive.dataflow.registry.core - ERROR - Error registering entity agent_1f958415 in database: {}
2025-04-10 13:48:01,366 - src.haive.dataflow.registry.core - ERROR - Error getting entity f4099965-b1a6-48aa-a03c-b4fd6bc62631 from database: {'code': '42P01', 'details': None, 'hint': None, 'message': 'relation "public.registry.items" does not exist'}
2025-04-10 13:48:01,416 - src.haive.dataflow.registry.core - ERROR - Error adding import log for agent_1f958415: {}
2025-04-10 13:48:01,475 - src.haive.dataflow.registry.core - ERROR - Error registering entity agent_b55d1d4c in database: {}
2025-04-10 13:48:01,535 - src.haive.dataflow.registry.core - ERROR - Error getting entity 243a8abf-7a6f-4d0d-822b-2be905df25ac from database: {'code': '42P01', 'details': None, 'hint': None, 'message': 'relation "public.registry.items" does not exist'}
2025-04-10 13:48:01,592 - src.haive.dataflow.registry.core - ERROR - Error adding configuration to entity 243a8abf-7a6f-4d0d-822b-2be905df25ac: {}
2025-04-10 13:48:01,652 - src.haive.dataflow.registry.core - ERROR - Error getting entity 243a8abf-7a6f-4d0d-822b-2be905df25ac from database: {'code': '42P01', 'details': None, 'hint': None, 'message': 'relation "public.registry.items" does not exist'}
2025-04-10 13:48:01,747 - src.haive.dataflow.registry.core - ERROR - Error adding import log for agent_b55d1d4c: {}
2025-04-10 13:48:01,795 - src.haive.dataflow.registry.core - ERROR - Error registering entity agent_fb06e2d5 in database: {}
2025-04-10 13:48:01,848 - src.haive.dataflow.registry.core - ERROR - Error getting entity dd823d6f-c316-4f9e-9143-1d1eaa7eaa95 from database: {'code': '42P01', 'details': None, 'hint': None, 'message': 'relation "public.registry.items" does not exist'}
2025-04-10 13:48:01,911 - src.haive.dataflow.registry.core - ERROR - Error adding import log for agent_fb06e2d5: {}
2025-04-10 13:48:01,966 - src.haive.dataflow.registry.core - ERROR - Error registering entity agent_0701651a in database: {}
2025-04-10 13:48:02,032 - src.haive.dataflow.registry.core - ERROR - Error getting entity 1feae13e-2ab4-4b01-b86b-296ad8d4980c from database: {'code': '42P01', 'details': None, 'hint': None, 'message': 'relation "public.registry.items" does not exist'}
2025-04-10 13:48:02,083 - src.haive.dataflow.registry.core - ERROR - Error adding configuration to entity 1feae13e-2ab4-4b01-b86b-296ad8d4980c: {}
2025-04-10 13:48:02,134 - src.haive.dataflow.registry.core - ERROR - Error getting entity 1feae13e-2ab4-4b01-b86b-296ad8d4980c from database: {'code': '42P01', 'details': None, 'hint': None, 'message': 'relation "public.registry.items" does not exist'}
2025-04-10 13:48:02,229 - src.haive.dataflow.registry.core - ERROR - Error adding import log for agent_0701651a: {}
2025-04-10 13:48:02,291 - src.haive.dataflow.registry.core - ERROR - Error registering entity agent_a863ee15 in database: {}
2025-04-10 13:48:02,350 - src.haive.dataflow.registry.core - ERROR - Error getting entity b3853fc3-4dd1-4ac6-aabf-d14d384fce3f from database: {'code': '42P01', 'details': None, 'hint': None, 'message': 'relation "public.registry.items" does not exist'}
2025-04-10 13:48:02,402 - src.haive.dataflow.registry.core - ERROR - Error adding configuration to entity b3853fc3-4dd1-4ac6-aabf-d14d384fce3f: {}
2025-04-10 13:48:02,458 - src.haive.dataflow.registry.core - ERROR - Error getting entity b3853fc3-4dd1-4ac6-aabf-d14d384fce3f from database: {'code': '42P01', 'details': None, 'hint': None, 'message': 'relation "public.registry.items" does not exist'}
2025-04-10 13:48:02,504 - src.haive.dataflow.registry.core - ERROR - Error adding import log for agent_a863ee15: {}
2025-04-10 13:48:02,594 - src.haive.dataflow.registry.core - ERROR - Error registering entity agent_2819d1e3 in database: {}
2025-04-10 13:48:02,642 - src.haive.dataflow.registry.core - ERROR - Error getting entity 387192da-bb96-4b80-bfa4-47422ad46fcb from database: {'code': '42P01', 'details': None, 'hint': None, 'message': 'relation "public.registry.items" does not exist'}
2025-04-10 13:48:02,685 - src.haive.dataflow.registry.core - ERROR - Error adding configuration to entity 387192da-bb96-4b80-bfa4-47422ad46fcb: {}
2025-04-10 13:48:02,745 - src.haive.dataflow.registry.core - ERROR - Error getting entity 387192da-bb96-4b80-bfa4-47422ad46fcb from database: {'code': '42P01', 'details': None, 'hint': None, 'message': 'relation "public.registry.items" does not exist'}
2025-04-10 13:48:02,792 - src.haive.dataflow.registry.core - ERROR - Error adding import log for agent_2819d1e3: {}
2025-04-10 13:48:02,841 - src.haive.dataflow.registry.core - ERROR - Error registering entity agent_d1d0dba5 in database: {}
2025-04-10 13:48:02,888 - src.haive.dataflow.registry.core - ERROR - Error getting entity 51f7cd88-ff3a-4847-bfb5-1f8e0f9c7e5b from database: {'code': '42P01', 'details': None, 'hint': None, 'message': 'relation "public.registry.items" does not exist'}
2025-04-10 13:48:02,935 - src.haive.dataflow.registry.core - ERROR - Error adding import log for agent_d1d0dba5: {}
2025-04-10 13:48:02,981 - src.haive.dataflow.registry.core - ERROR - Error registering entity agent_65958231 in database: {}
2025-04-10 13:48:03,045 - src.haive.dataflow.registry.core - ERROR - Error getting entity 769ccd80-1ac8-44a3-9d87-fd2703efc6d9 from database: {'code': '42P01', 'details': None, 'hint': None, 'message': 'relation "public.registry.items" does not exist'}
2025-04-10 13:48:03,089 - src.haive.dataflow.registry.core - ERROR - Error adding configuration to entity 769ccd80-1ac8-44a3-9d87-fd2703efc6d9: {}
2025-04-10 13:48:03,152 - src.haive.dataflow.registry.core - ERROR - Error getting entity 769ccd80-1ac8-44a3-9d87-fd2703efc6d9 from database: {'code': '42P01', 'details': None, 'hint': None, 'message': 'relation "public.registry.items" does not exist'}
2025-04-10 13:48:03,205 - src.haive.dataflow.registry.core - ERROR - Error adding import log for agent_65958231: {}
2025-04-10 13:48:03,251 - src.haive.dataflow.registry.core - ERROR - Error registering entity agent_ff3c5620 in database: {}
2025-04-10 13:48:03,316 - src.haive.dataflow.registry.core - ERROR - Error getting entity 064fe2b5-75a4-4389-9dd5-5f99dd55d628 from database: {'code': '42P01', 'details': None, 'hint': None, 'message': 'relation "public.registry.items" does not exist'}
2025-04-10 13:48:03,369 - src.haive.dataflow.registry.core - ERROR - Error adding import log for agent_ff3c5620: {}
2025-04-10 13:48:03,420 - src.haive.dataflow.registry.core - ERROR - Error registering entity agent_2ecf7716 in database: {}
2025-04-10 13:48:03,477 - src.haive.dataflow.registry.core - ERROR - Error getting entity 4814113d-0a5d-426d-8451-dbb62a0bbc86 from database: {'code': '42P01', 'details': None, 'hint': None, 'message': 'relation "public.registry.items" does not exist'}
2025-04-10 13:48:03,530 - src.haive.dataflow.registry.core - ERROR - Error adding import log for agent_2ecf7716: {}
2025-04-10 13:48:03,589 - src.haive.dataflow.registry.core - ERROR - Error registering entity agent_93934eb7 in database: {}
2025-04-10 13:48:03,640 - src.haive.dataflow.registry.core - ERROR - Error getting entity dfd99b87-f134-401d-bfaf-a609831e929b from database: {'code': '42P01', 'details': None, 'hint': None, 'message': 'relation "public.registry.items" does not exist'}
2025-04-10 13:48:03,686 - src.haive.dataflow.registry.core - ERROR - Error adding import log for agent_93934eb7: {}
2025-04-10 13:48:03,731 - src.haive.dataflow.registry.core - ERROR - Error registering entity agent_2a547fe7 in database: {}
2025-04-10 13:48:03,799 - src.haive.dataflow.registry.core - ERROR - Error getting entity 22a9d791-d817-400a-aec9-f17d0bb7816d from database: {'code': '42P01', 'details': None, 'hint': None, 'message': 'relation "public.registry.items" does not exist'}
2025-04-10 13:48:03,851 - src.haive.dataflow.registry.core - ERROR - Error adding import log for agent_2a547fe7: {}
2025-04-10 13:48:03,899 - src.haive.dataflow.registry.core - ERROR - Error registering entity agent_d4594e8b in database: {}
2025-04-10 13:48:03,948 - src.haive.dataflow.registry.core - ERROR - Error getting entity ac1cb121-1914-4eb5-90c9-607d168b35df from database: {'code': '42P01', 'details': None, 'hint': None, 'message': 'relation "public.registry.items" does not exist'}
2025-04-10 13:48:04,018 - src.haive.dataflow.registry.core - ERROR - Error adding import log for agent_d4594e8b: {}
2025-04-10 13:48:04,088 - src.haive.dataflow.registry.core - ERROR - Error registering entity agent_173e2591 in database: {}
2025-04-10 13:48:04,137 - src.haive.dataflow.registry.core - ERROR - Error getting entity eaa2c57a-fa6f-46b4-8df4-90152671927e from database: {'code': '42P01', 'details': None, 'hint': None, 'message': 'relation "public.registry.items" does not exist'}
2025-04-10 13:48:04,191 - src.haive.dataflow.registry.core - ERROR - Error adding import log for agent_173e2591: {}
2025-04-10 13:48:04,242 - src.haive.dataflow.registry.core - ERROR - Error registering entity TaxonomyAgent in database: {}
2025-04-10 13:48:04,302 - src.haive.dataflow.registry.core - ERROR - Error getting entity df0674fd-aa38-4e6b-988e-8f48f19cfb64 from database: {'code': '42P01', 'details': None, 'hint': None, 'message': 'relation "public.registry.items" does not exist'}
2025-04-10 13:48:04,360 - src.haive.dataflow.registry.core - ERROR - Error adding configuration to entity df0674fd-aa38-4e6b-988e-8f48f19cfb64: {}
2025-04-10 13:48:04,411 - src.haive.dataflow.registry.core - ERROR - Error getting entity df0674fd-aa38-4e6b-988e-8f48f19cfb64 from database: {'code': '42P01', 'details': None, 'hint': None, 'message': 'relation "public.registry.items" does not exist'}
2025-04-10 13:48:04,461 - src.haive.dataflow.registry.core - ERROR - Error adding import log for TaxonomyAgent: {}
2025-04-10 13:48:30,448 - src.haive.dataflow.registry.core - ERROR - Error registering entity TaxonomyAgent in database: {}
2025-04-10 13:48:30,501 - src.haive.dataflow.registry.core - ERROR - Error getting entity 94adb2eb-f6b0-4038-8278-e7262f5d83c4 from database: {'code': '42P01', 'details': None, 'hint': None, 'message': 'relation "public.registry.items" does not exist'}
2025-04-10 13:48:30,593 - src.haive.dataflow.registry.core - ERROR - Error adding configuration to entity 94adb2eb-f6b0-4038-8278-e7262f5d83c4: {}
2025-04-10 13:48:30,644 - src.haive.dataflow.registry.core - ERROR - Error getting entity 94adb2eb-f6b0-4038-8278-e7262f5d83c4 from database: {'code': '42P01', 'details': None, 'hint': None, 'message': 'relation "public.registry.items" does not exist'}
2025-04-10 13:48:30,736 - src.haive.dataflow.registry.core - ERROR - Error adding import log for TaxonomyAgent: {}
2025-04-10 13:48:30,803 - src.haive.dataflow.registry.core - ERROR - Error registering entity agent_4f39c0d1 in database: {}
2025-04-10 13:48:30,855 - src.haive.dataflow.registry.core - ERROR - Error getting entity 6498ebb8-cf73-4af0-aae0-a64b271a7d31 from database: {'code': '42P01', 'details': None, 'hint': None, 'message': 'relation "public.registry.items" does not exist'}
2025-04-10 13:48:30,903 - src.haive.dataflow.registry.core - ERROR - Error adding import log for agent_4f39c0d1: {}
2025-04-10 13:48:30,960 - src.haive.dataflow.registry.core - ERROR - Error registering entity agent_a3f6f4f6 in database: {}
2025-04-10 13:48:31,057 - src.haive.dataflow.registry.core - ERROR - Error getting entity bab85697-6ea6-43f8-a0c8-44c12bab2c89 from database: {'code': '42P01', 'details': None, 'hint': None, 'message': 'relation "public.registry.items" does not exist'}
2025-04-10 13:48:31,099 - src.haive.dataflow.registry.core - ERROR - Error adding configuration to entity bab85697-6ea6-43f8-a0c8-44c12bab2c89: {}
2025-04-10 13:48:31,144 - src.haive.dataflow.registry.core - ERROR - Error getting entity bab85697-6ea6-43f8-a0c8-44c12bab2c89 from database: {'code': '42P01', 'details': None, 'hint': None, 'message': 'relation "public.registry.items" does not exist'}
2025-04-10 13:48:31,195 - src.haive.dataflow.registry.core - ERROR - Error adding import log for agent_a3f6f4f6: {}
2025-04-10 13:48:31,263 - src.haive.dataflow.registry.core - ERROR - Error registering entity agent_a14f5f66 in database: {}
2025-04-10 13:48:31,309 - src.haive.dataflow.registry.core - ERROR - Error getting entity 5fad9689-c71e-476c-8c1f-79b57b9186a3 from database: {'code': '42P01', 'details': None, 'hint': None, 'message': 'relation "public.registry.items" does not exist'}
2025-04-10 13:48:31,358 - src.haive.dataflow.registry.core - ERROR - Error adding configuration to entity 5fad9689-c71e-476c-8c1f-79b57b9186a3: {}
2025-04-10 13:48:31,404 - src.haive.dataflow.registry.core - ERROR - Error getting entity 5fad9689-c71e-476c-8c1f-79b57b9186a3 from database: {'code': '42P01', 'details': None, 'hint': None, 'message': 'relation "public.registry.items" does not exist'}
2025-04-10 13:48:31,450 - src.haive.dataflow.registry.core - ERROR - Error adding import log for agent_a14f5f66: {}
2025-04-10 13:48:31,501 - src.haive.dataflow.registry.core - ERROR - Error registering entity agent_52dcff47 in database: {}
2025-04-10 13:48:31,547 - src.haive.dataflow.registry.core - ERROR - Error getting entity 8e7249dd-85b3-4b59-9589-64ededa52803 from database: {'code': '42P01', 'details': None, 'hint': None, 'message': 'relation "public.registry.items" does not exist'}
2025-04-10 13:48:31,590 - src.haive.dataflow.registry.core - ERROR - Error adding import log for agent_52dcff47: {}
2025-04-10 13:48:31,634 - src.haive.dataflow.registry.core - ERROR - Error registering entity agent_f218f63b in database: {}
2025-04-10 13:48:31,685 - src.haive.dataflow.registry.core - ERROR - Error getting entity 6c9ad15f-19e5-4324-9dab-64a16d436ebd from database: {'code': '42P01', 'details': None, 'hint': None, 'message': 'relation "public.registry.items" does not exist'}
2025-04-10 13:48:31,728 - src.haive.dataflow.registry.core - ERROR - Error adding configuration to entity 6c9ad15f-19e5-4324-9dab-64a16d436ebd: {}
2025-04-10 13:48:31,948 - src.haive.dataflow.registry.core - ERROR - Error getting entity 6c9ad15f-19e5-4324-9dab-64a16d436ebd from database: {'code': '42P01', 'details': None, 'hint': None, 'message': 'relation "public.registry.items" does not exist'}
2025-04-10 13:48:31,995 - src.haive.dataflow.registry.core - ERROR - Error adding import log for agent_f218f63b: {}
2025-04-10 13:48:32,049 - src.haive.dataflow.registry.core - ERROR - Error registering entity agent_59aade89 in database: {}
2025-04-10 13:48:32,106 - src.haive.dataflow.registry.core - ERROR - Error getting entity cd9803b5-dbd7-4a46-be92-ba91a7b6a057 from database: {'code': '42P01', 'details': None, 'hint': None, 'message': 'relation "public.registry.items" does not exist'}
2025-04-10 13:48:32,174 - src.haive.dataflow.registry.core - ERROR - Error adding configuration to entity cd9803b5-dbd7-4a46-be92-ba91a7b6a057: {}
2025-04-10 13:48:32,226 - src.haive.dataflow.registry.core - ERROR - Error getting entity cd9803b5-dbd7-4a46-be92-ba91a7b6a057 from database: {'code': '42P01', 'details': None, 'hint': None, 'message': 'relation "public.registry.items" does not exist'}
2025-04-10 13:48:32,274 - src.haive.dataflow.registry.core - ERROR - Error adding import log for agent_59aade89: {}
2025-04-10 13:48:32,329 - src.haive.dataflow.registry.core - ERROR - Error registering entity agent_b6e407b5 in database: {}
2025-04-10 13:48:32,374 - src.haive.dataflow.registry.core - ERROR - Error getting entity f06cef42-54c2-4dbf-b1f7-9b5c79f43467 from database: {'code': '42P01', 'details': None, 'hint': None, 'message': 'relation "public.registry.items" does not exist'}
2025-04-10 13:48:32,430 - src.haive.dataflow.registry.core - ERROR - Error adding configuration to entity f06cef42-54c2-4dbf-b1f7-9b5c79f43467: {}
2025-04-10 13:48:32,478 - src.haive.dataflow.registry.core - ERROR - Error getting entity f06cef42-54c2-4dbf-b1f7-9b5c79f43467 from database: {'code': '42P01', 'details': None, 'hint': None, 'message': 'relation "public.registry.items" does not exist'}
2025-04-10 13:48:32,522 - src.haive.dataflow.registry.core - ERROR - Error adding import log for agent_b6e407b5: {}
2025-04-10 13:48:32,565 - src.haive.dataflow.registry.core - ERROR - Error registering entity agent_1c53bbf6 in database: {}
2025-04-10 13:48:32,617 - src.haive.dataflow.registry.core - ERROR - Error getting entity 59f3ca87-4f8c-4b96-a6c9-b9404bf6f156 from database: {'code': '42P01', 'details': None, 'hint': None, 'message': 'relation "public.registry.items" does not exist'}
2025-04-10 13:48:32,663 - src.haive.dataflow.registry.core - ERROR - Error adding configuration to entity 59f3ca87-4f8c-4b96-a6c9-b9404bf6f156: {}
2025-04-10 13:48:32,713 - src.haive.dataflow.registry.core - ERROR - Error getting entity 59f3ca87-4f8c-4b96-a6c9-b9404bf6f156 from database: {'code': '42P01', 'details': None, 'hint': None, 'message': 'relation "public.registry.items" does not exist'}
2025-04-10 13:48:32,758 - src.haive.dataflow.registry.core - ERROR - Error adding import log for agent_1c53bbf6: {}
2025-04-10 13:48:32,806 - src.haive.dataflow.registry.core - ERROR - Error registering entity agent_d1cf5db4 in database: {}
2025-04-10 13:48:32,854 - src.haive.dataflow.registry.core - ERROR - Error getting entity b432cda4-0465-403b-bdf0-f3b0c53d18c1 from database: {'code': '42P01', 'details': None, 'hint': None, 'message': 'relation "public.registry.items" does not exist'}
2025-04-10 13:48:32,904 - src.haive.dataflow.registry.core - ERROR - Error adding import log for agent_d1cf5db4: {}
2025-04-10 13:48:33,161 - src.haive.dataflow.registry.core - ERROR - Error listing entities from database: {'code': '42P01', 'details': None, 'hint': None, 'message': 'relation "public.registry.items" does not exist'}
2025-04-10 13:48:33,206 - src.haive.dataflow.registry.core - ERROR - Error getting dependencies for entity f429849e-8379-4ecb-a885-7f505666e03d from database: {'code': '42P01', 'details': None, 'hint': None, 'message': 'relation "public.registry.dependencies" does not exist'}
2025-04-10 13:48:33,255 - src.haive.dataflow.registry.core - ERROR - Error getting configurations for entity f429849e-8379-4ecb-a885-7f505666e03d from database: {'code': '42P01', 'details': None, 'hint': None, 'message': 'relation "public.registry.configurations" does not exist'}
2025-04-10 13:48:33,304 - src.haive.dataflow.registry.core - ERROR - Error getting dependencies for entity 16bf554c-a0c2-4c20-903f-3fcbc5defa39 from database: {'code': '42P01', 'details': None, 'hint': None, 'message': 'relation "public.registry.dependencies" does not exist'}
2025-04-10 13:48:33,354 - src.haive.dataflow.registry.core - ERROR - Error getting configurations for entity 16bf554c-a0c2-4c20-903f-3fcbc5defa39 from database: {'code': '42P01', 'details': None, 'hint': None, 'message': 'relation "public.registry.configurations" does not exist'}
2025-04-10 13:48:33,402 - src.haive.dataflow.registry.core - ERROR - Error getting dependencies for entity 06bf7938-0570-4b7f-9706-d91112c3c06e from database: {'code': '42P01', 'details': None, 'hint': None, 'message': 'relation "public.registry.dependencies" does not exist'}
2025-04-10 13:48:33,449 - src.haive.dataflow.registry.core - ERROR - Error getting configurations for entity 06bf7938-0570-4b7f-9706-d91112c3c06e from database: {'code': '42P01', 'details': None, 'hint': None, 'message': 'relation "public.registry.configurations" does not exist'}
2025-04-10 13:48:33,499 - src.haive.dataflow.registry.core - ERROR - Error getting dependencies for entity a334c13c-56ff-42e9-9fe7-acff1af3cfc4 from database: {'code': '42P01', 'details': None, 'hint': None, 'message': 'relation "public.registry.dependencies" does not exist'}
2025-04-10 13:48:33,545 - src.haive.dataflow.registry.core - ERROR - Error getting configurations for entity a334c13c-56ff-42e9-9fe7-acff1af3cfc4 from database: {'code': '42P01', 'details': None, 'hint': None, 'message': 'relation "public.registry.configurations" does not exist'}
2025-04-10 13:48:33,588 - src.haive.dataflow.registry.core - ERROR - Error getting dependencies for entity 62a6faf3-9141-47e2-9859-3d6bebd30c07 from database: {'code': '42P01', 'details': None, 'hint': None, 'message': 'relation "public.registry.dependencies" does not exist'}
2025-04-10 13:48:33,632 - src.haive.dataflow.registry.core - ERROR - Error getting configurations for entity 62a6faf3-9141-47e2-9859-3d6bebd30c07 from database: {'code': '42P01', 'details': None, 'hint': None, 'message': 'relation "public.registry.configurations" does not exist'}
2025-04-10 13:48:33,678 - src.haive.dataflow.registry.core - ERROR - Error getting dependencies for entity 87b80f0c-2db3-4396-8e34-d201e2ba4140 from database: {'code': '42P01', 'details': None, 'hint': None, 'message': 'relation "public.registry.dependencies" does not exist'}
2025-04-10 13:48:33,724 - src.haive.dataflow.registry.core - ERROR - Error getting configurations for entity 87b80f0c-2db3-4396-8e34-d201e2ba4140 from database: {'code': '42P01', 'details': None, 'hint': None, 'message': 'relation "public.registry.configurations" does not exist'}
2025-04-10 13:48:33,769 - src.haive.dataflow.registry.core - ERROR - Error getting dependencies for entity 9a2980f6-d323-469e-97f0-90845247c497 from database: {'code': '42P01', 'details': None, 'hint': None, 'message': 'relation "public.registry.dependencies" does not exist'}
2025-04-10 13:48:33,813 - src.haive.dataflow.registry.core - ERROR - Error getting configurations for entity 9a2980f6-d323-469e-97f0-90845247c497 from database: {'code': '42P01', 'details': None, 'hint': None, 'message': 'relation "public.registry.configurations" does not exist'}
2025-04-10 13:48:33,865 - src.haive.dataflow.registry.core - ERROR - Error getting dependencies for entity e8c2acfa-afaf-4044-8f25-42cc693ce61e from database: {'code': '42P01', 'details': None, 'hint': None, 'message': 'relation "public.registry.dependencies" does not exist'}
2025-04-10 13:48:33,911 - src.haive.dataflow.registry.core - ERROR - Error getting configurations for entity e8c2acfa-afaf-4044-8f25-42cc693ce61e from database: {'code': '42P01', 'details': None, 'hint': None, 'message': 'relation "public.registry.configurations" does not exist'}
2025-04-10 13:48:33,961 - src.haive.dataflow.registry.core - ERROR - Error getting dependencies for entity be46b0f8-49f8-4b33-bc1f-78baeacc9e5b from database: {'code': '42P01', 'details': None, 'hint': None, 'message': 'relation "public.registry.dependencies" does not exist'}
2025-04-10 13:48:34,026 - src.haive.dataflow.registry.core - ERROR - Error getting configurations for entity be46b0f8-49f8-4b33-bc1f-78baeacc9e5b from database: {'code': '42P01', 'details': None, 'hint': None, 'message': 'relation "public.registry.configurations" does not exist'}
2025-04-10 13:48:34,070 - src.haive.dataflow.registry.core - ERROR - Error getting dependencies for entity 87d985e7-ee7a-4bfe-9e48-76072a6d9607 from database: {'code': '42P01', 'details': None, 'hint': None, 'message': 'relation "public.registry.dependencies" does not exist'}
2025-04-10 13:48:34,119 - src.haive.dataflow.registry.core - ERROR - Error getting entity 80aa0ba0-2c77-4523-9e25-1674666229c0 from database: {'code': '42P01', 'details': None, 'hint': None, 'message': 'relation "public.registry.items" does not exist'}
2025-04-10 13:48:34,165 - src.haive.dataflow.registry.core - ERROR - Error getting configurations for entity 87d985e7-ee7a-4bfe-9e48-76072a6d9607 from database: {'code': '42P01', 'details': None, 'hint': None, 'message': 'relation "public.registry.configurations" does not exist'}
2025-04-10 13:48:34,215 - src.haive.dataflow.registry.core - ERROR - Error getting dependencies for entity 2d531458-1a9f-462d-a533-0f23bfffae40 from database: {'code': '42P01', 'details': None, 'hint': None, 'message': 'relation "public.registry.dependencies" does not exist'}
2025-04-10 13:48:34,264 - src.haive.dataflow.registry.core - ERROR - Error getting configurations for entity 2d531458-1a9f-462d-a533-0f23bfffae40 from database: {'code': '42P01', 'details': None, 'hint': None, 'message': 'relation "public.registry.configurations" does not exist'}
2025-04-10 13:48:34,314 - src.haive.dataflow.registry.core - ERROR - Error getting dependencies for entity daf2b451-500e-45c4-a4ee-f973715f8961 from database: {'code': '42P01', 'details': None, 'hint': None, 'message': 'relation "public.registry.dependencies" does not exist'}
2025-04-10 13:48:34,368 - src.haive.dataflow.registry.core - ERROR - Error getting entity 0818bd01-7c6c-480f-bc32-a62f8ae77997 from database: {'code': '42P01', 'details': None, 'hint': None, 'message': 'relation "public.registry.items" does not exist'}
2025-04-10 13:48:34,417 - src.haive.dataflow.registry.core - ERROR - Error getting configurations for entity daf2b451-500e-45c4-a4ee-f973715f8961 from database: {'code': '42P01', 'details': None, 'hint': None, 'message': 'relation "public.registry.configurations" does not exist'}
2025-04-10 13:48:34,464 - src.haive.dataflow.registry.core - ERROR - Error getting dependencies for entity d0f38df8-9b06-43fc-a11e-57c08974a9c3 from database: {'code': '42P01', 'details': None, 'hint': None, 'message': 'relation "public.registry.dependencies" does not exist'}
2025-04-10 13:48:34,516 - src.haive.dataflow.registry.core - ERROR - Error getting configurations for entity d0f38df8-9b06-43fc-a11e-57c08974a9c3 from database: {'code': '42P01', 'details': None, 'hint': None, 'message': 'relation "public.registry.configurations" does not exist'}
2025-04-10 13:48:34,564 - src.haive.dataflow.registry.core - ERROR - Error getting dependencies for entity 8d4c0046-e5fa-485a-b3f0-41dd5eb6be56 from database: {'code': '42P01', 'details': None, 'hint': None, 'message': 'relation "public.registry.dependencies" does not exist'}
2025-04-10 13:48:34,611 - src.haive.dataflow.registry.core - ERROR - Error getting configurations for entity 8d4c0046-e5fa-485a-b3f0-41dd5eb6be56 from database: {'code': '42P01', 'details': None, 'hint': None, 'message': 'relation "public.registry.configurations" does not exist'}
2025-04-10 13:48:34,678 - src.haive.dataflow.registry.core - ERROR - Error getting dependencies for entity 119fd31c-ce9c-4de2-b24c-c9c75a2e4981 from database: {'code': '42P01', 'details': None, 'hint': None, 'message': 'relation "public.registry.dependencies" does not exist'}
2025-04-10 13:48:34,729 - src.haive.dataflow.registry.core - ERROR - Error getting configurations for entity 119fd31c-ce9c-4de2-b24c-c9c75a2e4981 from database: {'code': '42P01', 'details': None, 'hint': None, 'message': 'relation "public.registry.configurations" does not exist'}
2025-04-10 13:48:34,780 - src.haive.dataflow.registry.core - ERROR - Error getting dependencies for entity e853b651-519a-4f41-ab29-30a23d553ef4 from database: {'code': '42P01', 'details': None, 'hint': None, 'message': 'relation "public.registry.dependencies" does not exist'}
2025-04-10 13:48:34,827 - src.haive.dataflow.registry.core - ERROR - Error getting configurations for entity e853b651-519a-4f41-ab29-30a23d553ef4 from database: {'code': '42P01', 'details': None, 'hint': None, 'message': 'relation "public.registry.configurations" does not exist'}
2025-04-10 13:48:34,879 - src.haive.dataflow.registry.core - ERROR - Error getting dependencies for entity 621fca69-e4fa-4cfd-9f51-fd0c56edfd7b from database: {'code': '42P01', 'details': None, 'hint': None, 'message': 'relation "public.registry.dependencies" does not exist'}
2025-04-10 13:48:34,929 - src.haive.dataflow.registry.core - ERROR - Error getting configurations for entity 621fca69-e4fa-4cfd-9f51-fd0c56edfd7b from database: {'code': '42P01', 'details': None, 'hint': None, 'message': 'relation "public.registry.configurations" does not exist'}
2025-04-10 13:48:34,975 - src.haive.dataflow.registry.core - ERROR - Error getting dependencies for entity 31e85dc8-3a7b-4706-bf54-91302f278088 from database: {'code': '42P01', 'details': None, 'hint': None, 'message': 'relation "public.registry.dependencies" does not exist'}
2025-04-10 13:48:35,022 - src.haive.dataflow.registry.core - ERROR - Error getting configurations for entity 31e85dc8-3a7b-4706-bf54-91302f278088 from database: {'code': '42P01', 'details': None, 'hint': None, 'message': 'relation "public.registry.configurations" does not exist'}
2025-04-10 13:48:35,081 - src.haive.dataflow.registry.core - ERROR - Error getting dependencies for entity b46c90b5-f54a-4ee9-af29-f13d7f2f020a from database: {'code': '42P01', 'details': None, 'hint': None, 'message': 'relation "public.registry.dependencies" does not exist'}
2025-04-10 13:48:35,246 - src.haive.dataflow.registry.core - ERROR - Error getting configurations for entity b46c90b5-f54a-4ee9-af29-f13d7f2f020a from database: {'code': '42P01', 'details': None, 'hint': None, 'message': 'relation "public.registry.configurations" does not exist'}
2025-04-10 13:48:35,292 - src.haive.dataflow.registry.core - ERROR - Error getting dependencies for entity a08a661d-ea37-4688-b676-6dae597f8057 from database: {'code': '42P01', 'details': None, 'hint': None, 'message': 'relation "public.registry.dependencies" does not exist'}
2025-04-10 13:48:35,344 - src.haive.dataflow.registry.core - ERROR - Error getting configurations for entity a08a661d-ea37-4688-b676-6dae597f8057 from database: {'code': '42P01', 'details': None, 'hint': None, 'message': 'relation "public.registry.configurations" does not exist'}
2025-04-10 13:48:35,387 - src.haive.dataflow.registry.core - ERROR - Error getting dependencies for entity 559021f6-5160-4656-b2c0-b96a47364b01 from database: {'code': '42P01', 'details': None, 'hint': None, 'message': 'relation "public.registry.dependencies" does not exist'}
2025-04-10 13:48:35,434 - src.haive.dataflow.registry.core - ERROR - Error getting configurations for entity 559021f6-5160-4656-b2c0-b96a47364b01 from database: {'code': '42P01', 'details': None, 'hint': None, 'message': 'relation "public.registry.configurations" does not exist'}
2025-04-10 13:48:35,479 - src.haive.dataflow.registry.core - ERROR - Error getting dependencies for entity 8474b668-b64f-427b-bb7d-84e9c0af1d59 from database: {'code': '42P01', 'details': None, 'hint': None, 'message': 'relation "public.registry.dependencies" does not exist'}
2025-04-10 13:48:35,525 - src.haive.dataflow.registry.core - ERROR - Error getting configurations for entity 8474b668-b64f-427b-bb7d-84e9c0af1d59 from database: {'code': '42P01', 'details': None, 'hint': None, 'message': 'relation "public.registry.configurations" does not exist'}
2025-04-10 13:48:35,571 - src.haive.dataflow.registry.core - ERROR - Error getting dependencies for entity 3c1047a6-60b1-4580-b7c2-a953027ffd69 from database: {'code': '42P01', 'details': None, 'hint': None, 'message': 'relation "public.registry.dependencies" does not exist'}
2025-04-10 13:48:35,614 - src.haive.dataflow.registry.core - ERROR - Error getting configurations for entity 3c1047a6-60b1-4580-b7c2-a953027ffd69 from database: {'code': '42P01', 'details': None, 'hint': None, 'message': 'relation "public.registry.configurations" does not exist'}
2025-04-10 13:48:35,658 - src.haive.dataflow.registry.core - ERROR - Error getting dependencies for entity 556a930a-a381-4e76-a84c-9b0e64fcb192 from database: {'code': '42P01', 'details': None, 'hint': None, 'message': 'relation "public.registry.dependencies" does not exist'}
2025-04-10 13:48:35,703 - src.haive.dataflow.registry.core - ERROR - Error getting configurations for entity 556a930a-a381-4e76-a84c-9b0e64fcb192 from database: {'code': '42P01', 'details': None, 'hint': None, 'message': 'relation "public.registry.configurations" does not exist'}
2025-04-10 13:48:35,746 - src.haive.dataflow.registry.core - ERROR - Error getting dependencies for entity 3e57fc5e-6c45-42e4-bbf0-c17de39e9643 from database: {'code': '42P01', 'details': None, 'hint': None, 'message': 'relation "public.registry.dependencies" does not exist'}
2025-04-10 13:48:35,806 - src.haive.dataflow.registry.core - ERROR - Error getting configurations for entity 3e57fc5e-6c45-42e4-bbf0-c17de39e9643 from database: {'code': '42P01', 'details': None, 'hint': None, 'message': 'relation "public.registry.configurations" does not exist'}
2025-04-10 13:48:35,854 - src.haive.dataflow.registry.core - ERROR - Error getting dependencies for entity ccc2ea0c-f15d-4d82-93f1-e131a26175bd from database: {'code': '42P01', 'details': None, 'hint': None, 'message': 'relation "public.registry.dependencies" does not exist'}
2025-04-10 13:48:35,903 - src.haive.dataflow.registry.core - ERROR - Error getting configurations for entity ccc2ea0c-f15d-4d82-93f1-e131a26175bd from database: {'code': '42P01', 'details': None, 'hint': None, 'message': 'relation "public.registry.configurations" does not exist'}
2025-04-10 13:48:35,948 - src.haive.dataflow.registry.core - ERROR - Error getting dependencies for entity 6fc084cb-e8fc-483a-9b4c-a53384cf2332 from database: {'code': '42P01', 'details': None, 'hint': None, 'message': 'relation "public.registry.dependencies" does not exist'}
2025-04-10 13:48:36,011 - src.haive.dataflow.registry.core - ERROR - Error getting configurations for entity 6fc084cb-e8fc-483a-9b4c-a53384cf2332 from database: {'code': '42P01', 'details': None, 'hint': None, 'message': 'relation "public.registry.configurations" does not exist'}
2025-04-10 13:48:36,060 - src.haive.dataflow.registry.core - ERROR - Error getting dependencies for entity a0060106-ea20-4aeb-9b59-1cc8e5b024ba from database: {'code': '42P01', 'details': None, 'hint': None, 'message': 'relation "public.registry.dependencies" does not exist'}
2025-04-10 13:48:36,107 - src.haive.dataflow.registry.core - ERROR - Error getting configurations for entity a0060106-ea20-4aeb-9b59-1cc8e5b024ba from database: {'code': '42P01', 'details': None, 'hint': None, 'message': 'relation "public.registry.configurations" does not exist'}
2025-04-10 13:48:36,163 - src.haive.dataflow.registry.core - ERROR - Error getting dependencies for entity 8f1f1887-3377-4035-939f-3c7adbe6b18b from database: {'code': '42P01', 'details': None, 'hint': None, 'message': 'relation "public.registry.dependencies" does not exist'}
2025-04-10 13:48:36,207 - src.haive.dataflow.registry.core - ERROR - Error getting configurations for entity 8f1f1887-3377-4035-939f-3c7adbe6b18b from database: {'code': '42P01', 'details': None, 'hint': None, 'message': 'relation "public.registry.configurations" does not exist'}
2025-04-10 13:48:36,260 - src.haive.dataflow.registry.core - ERROR - Error getting dependencies for entity b428c561-c22f-4a9e-a96c-19d89dec2e6d from database: {'code': '42P01', 'details': None, 'hint': None, 'message': 'relation "public.registry.dependencies" does not exist'}
2025-04-10 13:48:36,316 - src.haive.dataflow.registry.core - ERROR - Error getting configurations for entity b428c561-c22f-4a9e-a96c-19d89dec2e6d from database: {'code': '42P01', 'details': None, 'hint': None, 'message': 'relation "public.registry.configurations" does not exist'}
2025-04-10 13:48:36,370 - src.haive.dataflow.registry.core - ERROR - Error getting dependencies for entity cbb95bb4-be46-41bf-99d2-2034ed717e10 from database: {'code': '42P01', 'details': None, 'hint': None, 'message': 'relation "public.registry.dependencies" does not exist'}
2025-04-10 13:48:36,412 - src.haive.dataflow.registry.core - ERROR - Error getting configurations for entity cbb95bb4-be46-41bf-99d2-2034ed717e10 from database: {'code': '42P01', 'details': None, 'hint': None, 'message': 'relation "public.registry.configurations" does not exist'}
2025-04-10 13:48:36,457 - src.haive.dataflow.registry.core - ERROR - Error getting dependencies for entity f61b689b-8f7f-4c38-b413-1125ca5530cd from database: {'code': '42P01', 'details': None, 'hint': None, 'message': 'relation "public.registry.dependencies" does not exist'}
2025-04-10 13:48:36,505 - src.haive.dataflow.registry.core - ERROR - Error getting configurations for entity f61b689b-8f7f-4c38-b413-1125ca5530cd from database: {'code': '42P01', 'details': None, 'hint': None, 'message': 'relation "public.registry.configurations" does not exist'}
2025-04-10 13:48:36,565 - src.haive.dataflow.registry.core - ERROR - Error getting dependencies for entity f4099965-b1a6-48aa-a03c-b4fd6bc62631 from database: {'code': '42P01', 'details': None, 'hint': None, 'message': 'relation "public.registry.dependencies" does not exist'}
2025-04-10 13:48:36,613 - src.haive.dataflow.registry.core - ERROR - Error getting configurations for entity f4099965-b1a6-48aa-a03c-b4fd6bc62631 from database: {'code': '42P01', 'details': None, 'hint': None, 'message': 'relation "public.registry.configurations" does not exist'}
2025-04-10 13:48:36,658 - src.haive.dataflow.registry.core - ERROR - Error getting dependencies for entity 243a8abf-7a6f-4d0d-822b-2be905df25ac from database: {'code': '42P01', 'details': None, 'hint': None, 'message': 'relation "public.registry.dependencies" does not exist'}
2025-04-10 13:48:36,704 - src.haive.dataflow.registry.core - ERROR - Error getting configurations for entity 243a8abf-7a6f-4d0d-822b-2be905df25ac from database: {'code': '42P01', 'details': None, 'hint': None, 'message': 'relation "public.registry.configurations" does not exist'}
2025-04-10 13:48:36,750 - src.haive.dataflow.registry.core - ERROR - Error getting dependencies for entity dd823d6f-c316-4f9e-9143-1d1eaa7eaa95 from database: {'code': '42P01', 'details': None, 'hint': None, 'message': 'relation "public.registry.dependencies" does not exist'}
2025-04-10 13:48:36,802 - src.haive.dataflow.registry.core - ERROR - Error getting configurations for entity dd823d6f-c316-4f9e-9143-1d1eaa7eaa95 from database: {'code': '42P01', 'details': None, 'hint': None, 'message': 'relation "public.registry.configurations" does not exist'}
2025-04-10 13:48:36,848 - src.haive.dataflow.registry.core - ERROR - Error getting dependencies for entity 1feae13e-2ab4-4b01-b86b-296ad8d4980c from database: {'code': '42P01', 'details': None, 'hint': None, 'message': 'relation "public.registry.dependencies" does not exist'}
2025-04-10 13:48:36,900 - src.haive.dataflow.registry.core - ERROR - Error getting configurations for entity 1feae13e-2ab4-4b01-b86b-296ad8d4980c from database: {'code': '42P01', 'details': None, 'hint': None, 'message': 'relation "public.registry.configurations" does not exist'}
2025-04-10 13:48:36,949 - src.haive.dataflow.registry.core - ERROR - Error getting dependencies for entity b3853fc3-4dd1-4ac6-aabf-d14d384fce3f from database: {'code': '42P01', 'details': None, 'hint': None, 'message': 'relation "public.registry.dependencies" does not exist'}
2025-04-10 13:48:37,000 - src.haive.dataflow.registry.core - ERROR - Error getting configurations for entity b3853fc3-4dd1-4ac6-aabf-d14d384fce3f from database: {'code': '42P01', 'details': None, 'hint': None, 'message': 'relation "public.registry.configurations" does not exist'}
2025-04-10 13:48:37,043 - src.haive.dataflow.registry.core - ERROR - Error getting dependencies for entity 387192da-bb96-4b80-bfa4-47422ad46fcb from database: {'code': '42P01', 'details': None, 'hint': None, 'message': 'relation "public.registry.dependencies" does not exist'}
2025-04-10 13:48:37,093 - src.haive.dataflow.registry.core - ERROR - Error getting configurations for entity 387192da-bb96-4b80-bfa4-47422ad46fcb from database: {'code': '42P01', 'details': None, 'hint': None, 'message': 'relation "public.registry.configurations" does not exist'}
2025-04-10 13:48:37,137 - src.haive.dataflow.registry.core - ERROR - Error getting dependencies for entity 51f7cd88-ff3a-4847-bfb5-1f8e0f9c7e5b from database: {'code': '42P01', 'details': None, 'hint': None, 'message': 'relation "public.registry.dependencies" does not exist'}
2025-04-10 13:48:37,184 - src.haive.dataflow.registry.core - ERROR - Error getting configurations for entity 51f7cd88-ff3a-4847-bfb5-1f8e0f9c7e5b from database: {'code': '42P01', 'details': None, 'hint': None, 'message': 'relation "public.registry.configurations" does not exist'}
2025-04-10 13:48:37,236 - src.haive.dataflow.registry.core - ERROR - Error getting dependencies for entity 769ccd80-1ac8-44a3-9d87-fd2703efc6d9 from database: {'code': '42P01', 'details': None, 'hint': None, 'message': 'relation "public.registry.dependencies" does not exist'}
2025-04-10 13:48:37,279 - src.haive.dataflow.registry.core - ERROR - Error getting configurations for entity 769ccd80-1ac8-44a3-9d87-fd2703efc6d9 from database: {'code': '42P01', 'details': None, 'hint': None, 'message': 'relation "public.registry.configurations" does not exist'}
2025-04-10 13:48:37,327 - src.haive.dataflow.registry.core - ERROR - Error getting dependencies for entity 064fe2b5-75a4-4389-9dd5-5f99dd55d628 from database: {'code': '42P01', 'details': None, 'hint': None, 'message': 'relation "public.registry.dependencies" does not exist'}
2025-04-10 13:48:37,374 - src.haive.dataflow.registry.core - ERROR - Error getting configurations for entity 064fe2b5-75a4-4389-9dd5-5f99dd55d628 from database: {'code': '42P01', 'details': None, 'hint': None, 'message': 'relation "public.registry.configurations" does not exist'}
2025-04-10 13:48:37,418 - src.haive.dataflow.registry.core - ERROR - Error getting dependencies for entity 4814113d-0a5d-426d-8451-dbb62a0bbc86 from database: {'code': '42P01', 'details': None, 'hint': None, 'message': 'relation "public.registry.dependencies" does not exist'}
2025-04-10 13:48:37,480 - src.haive.dataflow.registry.core - ERROR - Error getting configurations for entity 4814113d-0a5d-426d-8451-dbb62a0bbc86 from database: {'code': '42P01', 'details': None, 'hint': None, 'message': 'relation "public.registry.configurations" does not exist'}
2025-04-10 13:48:37,533 - src.haive.dataflow.registry.core - ERROR - Error getting dependencies for entity dfd99b87-f134-401d-bfaf-a609831e929b from database: {'code': '42P01', 'details': None, 'hint': None, 'message': 'relation "public.registry.dependencies" does not exist'}
2025-04-10 13:48:37,580 - src.haive.dataflow.registry.core - ERROR - Error getting configurations for entity dfd99b87-f134-401d-bfaf-a609831e929b from database: {'code': '42P01', 'details': None, 'hint': None, 'message': 'relation "public.registry.configurations" does not exist'}
2025-04-10 13:48:37,624 - src.haive.dataflow.registry.core - ERROR - Error getting dependencies for entity 22a9d791-d817-400a-aec9-f17d0bb7816d from database: {'code': '42P01', 'details': None, 'hint': None, 'message': 'relation "public.registry.dependencies" does not exist'}
2025-04-10 13:48:37,671 - src.haive.dataflow.registry.core - ERROR - Error getting configurations for entity 22a9d791-d817-400a-aec9-f17d0bb7816d from database: {'code': '42P01', 'details': None, 'hint': None, 'message': 'relation "public.registry.configurations" does not exist'}
2025-04-10 13:48:37,723 - src.haive.dataflow.registry.core - ERROR - Error getting dependencies for entity ac1cb121-1914-4eb5-90c9-607d168b35df from database: {'code': '42P01', 'details': None, 'hint': None, 'message': 'relation "public.registry.dependencies" does not exist'}
2025-04-10 13:48:37,776 - src.haive.dataflow.registry.core - ERROR - Error getting configurations for entity ac1cb121-1914-4eb5-90c9-607d168b35df from database: {'code': '42P01', 'details': None, 'hint': None, 'message': 'relation "public.registry.configurations" does not exist'}
2025-04-10 13:48:37,825 - src.haive.dataflow.registry.core - ERROR - Error getting dependencies for entity eaa2c57a-fa6f-46b4-8df4-90152671927e from database: {'code': '42P01', 'details': None, 'hint': None, 'message': 'relation "public.registry.dependencies" does not exist'}
2025-04-10 13:48:37,874 - src.haive.dataflow.registry.core - ERROR - Error getting configurations for entity eaa2c57a-fa6f-46b4-8df4-90152671927e from database: {'code': '42P01', 'details': None, 'hint': None, 'message': 'relation "public.registry.configurations" does not exist'}
2025-04-10 13:48:37,919 - src.haive.dataflow.registry.core - ERROR - Error getting dependencies for entity df0674fd-aa38-4e6b-988e-8f48f19cfb64 from database: {'code': '42P01', 'details': None, 'hint': None, 'message': 'relation "public.registry.dependencies" does not exist'}
2025-04-10 13:48:37,970 - src.haive.dataflow.registry.core - ERROR - Error getting configurations for entity df0674fd-aa38-4e6b-988e-8f48f19cfb64 from database: {'code': '42P01', 'details': None, 'hint': None, 'message': 'relation "public.registry.configurations" does not exist'}
2025-04-10 13:48:38,018 - src.haive.dataflow.registry.core - ERROR - Error getting dependencies for entity 94adb2eb-f6b0-4038-8278-e7262f5d83c4 from database: {'code': '42P01', 'details': None, 'hint': None, 'message': 'relation "public.registry.dependencies" does not exist'}
2025-04-10 13:48:38,062 - src.haive.dataflow.registry.core - ERROR - Error getting configurations for entity 94adb2eb-f6b0-4038-8278-e7262f5d83c4 from database: {'code': '42P01', 'details': None, 'hint': None, 'message': 'relation "public.registry.configurations" does not exist'}
2025-04-10 13:48:38,104 - src.haive.dataflow.registry.core - ERROR - Error getting dependencies for entity 6498ebb8-cf73-4af0-aae0-a64b271a7d31 from database: {'code': '42P01', 'details': None, 'hint': None, 'message': 'relation "public.registry.dependencies" does not exist'}
2025-04-10 13:48:38,156 - src.haive.dataflow.registry.core - ERROR - Error getting configurations for entity 6498ebb8-cf73-4af0-aae0-a64b271a7d31 from database: {'code': '42P01', 'details': None, 'hint': None, 'message': 'relation "public.registry.configurations" does not exist'}
2025-04-10 13:48:38,202 - src.haive.dataflow.registry.core - ERROR - Error getting dependencies for entity bab85697-6ea6-43f8-a0c8-44c12bab2c89 from database: {'code': '42P01', 'details': None, 'hint': None, 'message': 'relation "public.registry.dependencies" does not exist'}
2025-04-10 13:48:38,249 - src.haive.dataflow.registry.core - ERROR - Error getting configurations for entity bab85697-6ea6-43f8-a0c8-44c12bab2c89 from database: {'code': '42P01', 'details': None, 'hint': None, 'message': 'relation "public.registry.configurations" does not exist'}
2025-04-10 13:48:38,294 - src.haive.dataflow.registry.core - ERROR - Error getting dependencies for entity 5fad9689-c71e-476c-8c1f-79b57b9186a3 from database: {'code': '42P01', 'details': None, 'hint': None, 'message': 'relation "public.registry.dependencies" does not exist'}
2025-04-10 13:48:38,339 - src.haive.dataflow.registry.core - ERROR - Error getting configurations for entity 5fad9689-c71e-476c-8c1f-79b57b9186a3 from database: {'code': '42P01', 'details': None, 'hint': None, 'message': 'relation "public.registry.configurations" does not exist'}
2025-04-10 13:48:38,386 - src.haive.dataflow.registry.core - ERROR - Error getting dependencies for entity 8e7249dd-85b3-4b59-9589-64ededa52803 from database: {'code': '42P01', 'details': None, 'hint': None, 'message': 'relation "public.registry.dependencies" does not exist'}
2025-04-10 13:48:38,435 - src.haive.dataflow.registry.core - ERROR - Error getting configurations for entity 8e7249dd-85b3-4b59-9589-64ededa52803 from database: {'code': '42P01', 'details': None, 'hint': None, 'message': 'relation "public.registry.configurations" does not exist'}
2025-04-10 13:48:38,480 - src.haive.dataflow.registry.core - ERROR - Error getting dependencies for entity 6c9ad15f-19e5-4324-9dab-64a16d436ebd from database: {'code': '42P01', 'details': None, 'hint': None, 'message': 'relation "public.registry.dependencies" does not exist'}
2025-04-10 13:48:38,524 - src.haive.dataflow.registry.core - ERROR - Error getting configurations for entity 6c9ad15f-19e5-4324-9dab-64a16d436ebd from database: {'code': '42P01', 'details': None, 'hint': None, 'message': 'relation "public.registry.configurations" does not exist'}
2025-04-10 13:48:38,577 - src.haive.dataflow.registry.core - ERROR - Error getting dependencies for entity cd9803b5-dbd7-4a46-be92-ba91a7b6a057 from database: {'code': '42P01', 'details': None, 'hint': None, 'message': 'relation "public.registry.dependencies" does not exist'}
2025-04-10 13:48:38,621 - src.haive.dataflow.registry.core - ERROR - Error getting configurations for entity cd9803b5-dbd7-4a46-be92-ba91a7b6a057 from database: {'code': '42P01', 'details': None, 'hint': None, 'message': 'relation "public.registry.configurations" does not exist'}
2025-04-10 13:48:38,664 - src.haive.dataflow.registry.core - ERROR - Error getting dependencies for entity f06cef42-54c2-4dbf-b1f7-9b5c79f43467 from database: {'code': '42P01', 'details': None, 'hint': None, 'message': 'relation "public.registry.dependencies" does not exist'}
2025-04-10 13:48:38,708 - src.haive.dataflow.registry.core - ERROR - Error getting configurations for entity f06cef42-54c2-4dbf-b1f7-9b5c79f43467 from database: {'code': '42P01', 'details': None, 'hint': None, 'message': 'relation "public.registry.configurations" does not exist'}
2025-04-10 13:48:38,751 - src.haive.dataflow.registry.core - ERROR - Error getting dependencies for entity 59f3ca87-4f8c-4b96-a6c9-b9404bf6f156 from database: {'code': '42P01', 'details': None, 'hint': None, 'message': 'relation "public.registry.dependencies" does not exist'}
2025-04-10 13:48:38,799 - src.haive.dataflow.registry.core - ERROR - Error getting configurations for entity 59f3ca87-4f8c-4b96-a6c9-b9404bf6f156 from database: {'code': '42P01', 'details': None, 'hint': None, 'message': 'relation "public.registry.configurations" does not exist'}
2025-04-10 13:48:38,853 - src.haive.dataflow.registry.core - ERROR - Error getting dependencies for entity b432cda4-0465-403b-bdf0-f3b0c53d18c1 from database: {'code': '42P01', 'details': None, 'hint': None, 'message': 'relation "public.registry.dependencies" does not exist'}
2025-04-10 13:48:38,897 - src.haive.dataflow.registry.core - ERROR - Error getting configurations for entity b432cda4-0465-403b-bdf0-f3b0c53d18c1 from database: {'code': '42P01', 'details': None, 'hint': None, 'message': 'relation "public.registry.configurations" does not exist'}
2025-04-10 13:54:57,665 - src.haive.dataflow.registry.core - WARNING - Could not connect to Supabase: 'dict' object has no attribute 'headers'
2025-04-10 13:54:57,665 - src.haive.dataflow.registry.core - INFO - Using in-memory storage instead
2025-04-10 13:56:56,104 - src.haive.dataflow.registry.core - WARNING - Could not connect to Supabase: 'dict' object has no attribute 'headers'
2025-04-10 13:56:56,104 - src.haive.dataflow.registry.core - INFO - Using in-memory storage instead
2025-04-10 14:03:26,823 - src.haive.dataflow.registry.core - WARNING - Could not connect to Supabase: 'dict' object has no attribute 'headers'
2025-04-10 14:03:26,824 - src.haive.dataflow.registry.core - INFO - Using in-memory storage instead
2025-04-10 14:05:00,333 - src.haive.dataflow.registry.core - WARNING - Could not connect to Supabase: 'dict' object has no attribute 'headers'
2025-04-10 14:05:00,333 - src.haive.dataflow.registry.core - INFO - Using in-memory storage instead
2025-04-10 14:07:42,052 - src.haive.dataflow.registry.core - WARNING - Could not connect to Supabase: 'dict' object has no attribute 'headers'
2025-04-10 14:07:42,052 - src.haive.dataflow.registry.core - INFO - Using in-memory storage instead
2025-04-10 14:08:04,387 - src.haive.dataflow.registry.core - WARNING - Could not connect to Supabase: 'dict' object has no attribute 'headers'
2025-04-10 14:08:04,387 - src.haive.dataflow.registry.core - INFO - Using in-memory storage instead
2025-04-10 14:08:08,458 - src.haive.dataflow.registry.core - INFO - Registered entity agent_7e1e5b2d with ID b2321096-9d27-4373-8766-8cf64780fcba in memory
2025-04-10 14:08:08,459 - src.haive.dataflow.registry.core - INFO - Added import log for agent_7e1e5b2d in memory
2025-04-10 14:08:08,459 - src.haive.dataflow.registry.core - INFO - Registered entity agent_93057488 with ID a86a6fa2-3540-4194-8d19-0bc8f20c2a44 in memory
2025-04-10 14:08:08,460 - src.haive.dataflow.registry.core - INFO - Added ConfigType.STATE_SCHEMA configuration to entity a86a6fa2-3540-4194-8d19-0bc8f20c2a44 in memory
2025-04-10 14:08:08,461 - src.haive.dataflow.registry.core - INFO - Added import log for agent_93057488 in memory
2025-04-10 14:08:08,461 - src.haive.dataflow.registry.core - INFO - Registered entity agent_be7a886b with ID cd31f18d-8a89-4286-b452-e702d9048d73 in memory
2025-04-10 14:08:08,462 - src.haive.dataflow.registry.core - INFO - Added import log for agent_be7a886b in memory
2025-04-10 14:08:08,462 - src.haive.dataflow.registry.core - INFO - Registered entity agent_67c63160 with ID 0d5f54db-046e-4efc-bc27-de513464187f in memory
2025-04-10 14:08:08,462 - src.haive.dataflow.registry.core - INFO - Added ConfigType.STATE_SCHEMA configuration to entity 0d5f54db-046e-4efc-bc27-de513464187f in memory
2025-04-10 14:08:08,462 - src.haive.dataflow.registry.core - INFO - Added import log for agent_67c63160 in memory
2025-04-10 14:08:09,231 - src.haive.dataflow.registry.core - INFO - Registered entity agent_0dd21489 with ID 00f57232-46c5-449d-ac83-f27f637186d5 in memory
2025-04-10 14:08:09,232 - src.haive.dataflow.registry.core - INFO - Added import log for agent_0dd21489 in memory
2025-04-10 14:08:09,232 - src.haive.dataflow.registry.core - INFO - Registered entity agent_8bed71b6 with ID 7e2467d9-cd1a-421a-830a-474064535fca in memory
2025-04-10 14:08:09,232 - src.haive.dataflow.registry.core - INFO - Added ConfigType.STATE_SCHEMA configuration to entity 7e2467d9-cd1a-421a-830a-474064535fca in memory
2025-04-10 14:08:09,233 - src.haive.dataflow.registry.core - INFO - Added import log for agent_8bed71b6 in memory
2025-04-10 14:08:09,233 - src.haive.dataflow.registry.core - INFO - Registered entity agent_dca00844 with ID b0ff875b-c3d1-45b4-9074-2819bf2f7cd7 in memory
2025-04-10 14:08:09,233 - src.haive.dataflow.registry.core - INFO - Added import log for agent_dca00844 in memory
2025-04-10 14:08:09,234 - src.haive.dataflow.registry.core - INFO - Registered entity agent_02c1aa07 with ID ba8b5baf-2305-4205-9a4a-986669320c2e in memory
2025-04-10 14:08:09,234 - src.haive.dataflow.registry.core - INFO - Added ConfigType.STATE_SCHEMA configuration to entity ba8b5baf-2305-4205-9a4a-986669320c2e in memory
2025-04-10 14:08:09,234 - src.haive.dataflow.registry.core - INFO - Added import log for agent_02c1aa07 in memory
2025-04-10 14:08:09,290 - src.haive.dataflow.registry.core - INFO - Registered entity agent_9cad4f87 with ID 1a9eb08a-3e82-4be6-b9fc-f076ba1b221f in memory
2025-04-10 14:08:09,291 - src.haive.dataflow.registry.core - INFO - Added import log for agent_9cad4f87 in memory
2025-04-10 14:08:09,291 - src.haive.dataflow.registry.core - INFO - Registered entity map_reduce_summarizer_agent with ID 579a0a73-2a7a-4373-b492-e8983727c8ed in memory
2025-04-10 14:08:09,291 - src.haive.dataflow.registry.core - INFO - Added ConfigType.STATE_SCHEMA configuration to entity 579a0a73-2a7a-4373-b492-e8983727c8ed in memory
2025-04-10 14:08:09,291 - src.haive.dataflow.registry.core - INFO - Added ConfigType.INPUT_SCHEMA configuration to entity 579a0a73-2a7a-4373-b492-e8983727c8ed in memory
2025-04-10 14:08:09,291 - src.haive.dataflow.registry.core - INFO - Added ConfigType.OUTPUT_SCHEMA configuration to entity 579a0a73-2a7a-4373-b492-e8983727c8ed in memory
2025-04-10 14:08:09,291 - src.haive.dataflow.registry.core - INFO - Registered entity map_reduce_summarizer_agent_engine with ID 07b7db98-c265-467d-b5d0-144cb68bad75 in memory
2025-04-10 14:08:09,291 - src.haive.dataflow.registry.core - INFO - Added dependency from 579a0a73-2a7a-4373-b492-e8983727c8ed to 07b7db98-c265-467d-b5d0-144cb68bad75 in memory
2025-04-10 14:08:09,292 - src.haive.dataflow.registry.core - INFO - Added import log for map_reduce_summarizer_agent in memory
2025-04-10 14:08:09,292 - src.haive.dataflow.registry.core - INFO - Registered entity agent_d9960cb8 with ID ebfd3125-319b-4f00-a423-eaeb368e7c4d in memory
2025-04-10 14:08:09,292 - src.haive.dataflow.registry.core - INFO - Added import log for agent_d9960cb8 in memory
2025-04-10 14:08:09,292 - src.haive.dataflow.registry.core - INFO - Registered entity map_reduce_summarizer_agent with ID fb923c8c-b0d3-4c91-b7a3-1119fbf4798e in memory
2025-04-10 14:08:09,292 - src.haive.dataflow.registry.core - INFO - Added ConfigType.STATE_SCHEMA configuration to entity fb923c8c-b0d3-4c91-b7a3-1119fbf4798e in memory
2025-04-10 14:08:09,293 - src.haive.dataflow.registry.core - INFO - Added ConfigType.INPUT_SCHEMA configuration to entity fb923c8c-b0d3-4c91-b7a3-1119fbf4798e in memory
2025-04-10 14:08:09,293 - src.haive.dataflow.registry.core - INFO - Added ConfigType.OUTPUT_SCHEMA configuration to entity fb923c8c-b0d3-4c91-b7a3-1119fbf4798e in memory
2025-04-10 14:08:09,293 - src.haive.dataflow.registry.core - INFO - Registered entity map_reduce_summarizer_agent_engine with ID eb5811b2-96db-4578-8f44-1fb03cb227ed in memory
2025-04-10 14:08:09,293 - src.haive.dataflow.registry.core - INFO - Added dependency from fb923c8c-b0d3-4c91-b7a3-1119fbf4798e to eb5811b2-96db-4578-8f44-1fb03cb227ed in memory
2025-04-10 14:08:09,293 - src.haive.dataflow.registry.core - INFO - Added import log for map_reduce_summarizer_agent in memory
2025-04-10 14:08:09,305 - src.haive.dataflow.registry.core - INFO - Registered entity agent_1dff9cda with ID 9806fc09-c990-4f26-85cc-e0d8ff22b586 in memory
2025-04-10 14:08:09,305 - src.haive.dataflow.registry.core - INFO - Added import log for agent_1dff9cda in memory
2025-04-10 14:08:09,305 - src.haive.dataflow.registry.core - INFO - Registered entity agent_63b9b568 with ID 8ec81639-0ddd-4c0e-849c-140764997dc0 in memory
2025-04-10 14:08:09,306 - src.haive.dataflow.registry.core - INFO - Added ConfigType.STATE_SCHEMA configuration to entity 8ec81639-0ddd-4c0e-849c-140764997dc0 in memory
2025-04-10 14:08:09,306 - src.haive.dataflow.registry.core - INFO - Added import log for agent_63b9b568 in memory
2025-04-10 14:08:09,589 - src.haive.dataflow.registry.core - INFO - Registered entity agent_72b0a74a with ID 6f80fea2-7013-4437-ab93-17c2e8b63d50 in memory
2025-04-10 14:08:09,589 - src.haive.dataflow.registry.core - INFO - Added import log for agent_72b0a74a in memory
2025-04-10 14:08:09,590 - src.haive.dataflow.registry.core - INFO - Registered entity agent_07ca6078 with ID 2de5c697-c682-4f66-93e9-a81a47d3b03e in memory
2025-04-10 14:08:09,590 - src.haive.dataflow.registry.core - INFO - Added ConfigType.STATE_SCHEMA configuration to entity 2de5c697-c682-4f66-93e9-a81a47d3b03e in memory
2025-04-10 14:08:09,591 - src.haive.dataflow.registry.core - INFO - Added import log for agent_07ca6078 in memory
2025-04-10 14:08:09,592 - src.haive.dataflow.registry.core - INFO - Registered entity agent_2eed5bd9 with ID a3addba2-a82c-4824-b9bb-568a0dac78a9 in memory
2025-04-10 14:08:09,592 - src.haive.dataflow.registry.core - INFO - Added ConfigType.STATE_SCHEMA configuration to entity a3addba2-a82c-4824-b9bb-568a0dac78a9 in memory
2025-04-10 14:08:09,592 - src.haive.dataflow.registry.core - INFO - Added import log for agent_2eed5bd9 in memory
2025-04-10 14:08:09,610 - src.haive.dataflow.registry.core - INFO - Added import log for BaseRAGConfig in memory
2025-04-10 14:08:09,610 - src.haive.dataflow.registry.core - INFO - Registered entity agent_1f7a4b52 with ID 57da98d4-ac81-491b-bd97-8236a23a8c46 in memory
2025-04-10 14:08:09,611 - src.haive.dataflow.registry.core - INFO - Added import log for agent_1f7a4b52 in memory
2025-04-10 14:08:09,611 - src.haive.dataflow.registry.core - INFO - Added import log for BaseRAGConfig in memory
2025-04-10 14:08:09,612 - src.haive.dataflow.registry.core - INFO - Registered entity agent_d44a3df0 with ID 934e9776-1cd1-4ddc-a464-a9caedd0bbdd in memory
2025-04-10 14:08:09,612 - src.haive.dataflow.registry.core - INFO - Added import log for agent_d44a3df0 in memory
2025-04-10 14:08:09,613 - src.haive.dataflow.registry.core - INFO - Added import log for BaseRAGConfig in memory
2025-04-10 14:08:09,616 - src.haive.dataflow.registry.core - INFO - Registered entity agent_134ef0a3 with ID 8fabe11d-d397-4613-b645-755c06d3feca in memory
2025-04-10 14:08:09,616 - src.haive.dataflow.registry.core - INFO - Added import log for agent_134ef0a3 in memory
2025-04-10 14:08:09,617 - src.haive.dataflow.registry.core - INFO - Added import log for BaseRAGConfig in memory
2025-04-10 14:08:09,626 - src.haive.dataflow.registry.core - INFO - Added import log for FilteredRAGConfig in memory
2025-04-10 14:08:09,627 - src.haive.dataflow.registry.core - INFO - Added import log for BaseRAGConfig in memory
2025-04-10 14:08:09,627 - src.haive.dataflow.registry.core - INFO - Added import log for FilteredRAGConfig in memory
2025-04-10 14:08:09,993 - src.haive.dataflow.registry.core - INFO - Added import log for GraphDBRAGConfig in memory
2025-04-10 14:08:09,993 - src.haive.dataflow.registry.core - INFO - Registered entity agent_1c0650d5 with ID 4b68de56-aedc-441c-9388-0fc8e7ba70db in memory
2025-04-10 14:08:09,994 - src.haive.dataflow.registry.core - INFO - Added import log for agent_1c0650d5 in memory
2025-04-10 14:08:09,994 - src.haive.dataflow.registry.core - INFO - Added import log for BaseRAGConfig in memory
2025-04-10 14:08:09,995 - src.haive.dataflow.registry.core - INFO - Added import log for GraphDBAgentConfig in memory
2025-04-10 14:08:09,996 - src.haive.dataflow.registry.core - INFO - Added import log for GraphDBRAGConfig in memory
2025-04-10 14:08:10,005 - src.haive.dataflow.registry.core - INFO - Added import log for LLMRAGConfig in memory
2025-04-10 14:08:10,006 - src.haive.dataflow.registry.core - INFO - Registered entity agent_f03a0ec9 with ID d82a2ce1-636d-4b4c-9857-febe9cf48116 in memory
2025-04-10 14:08:10,006 - src.haive.dataflow.registry.core - INFO - Added import log for agent_f03a0ec9 in memory
2025-04-10 14:08:10,007 - src.haive.dataflow.registry.core - INFO - Added import log for BaseRAGConfig in memory
2025-04-10 14:08:10,007 - src.haive.dataflow.registry.core - INFO - Added import log for LLMRAGConfig in memory
2025-04-10 14:08:10,008 - src.haive.dataflow.registry.core - INFO - Added import log for LLMRAGConfig in memory
2025-04-10 14:08:10,027 - src.haive.dataflow.registry.core - INFO - Added import log for MultiStrategyRAGConfig in memory
2025-04-10 14:08:10,028 - src.haive.dataflow.registry.core - INFO - Added import log for SelfCorrectiveRAGConfig in memory
2025-04-10 14:08:10,029 - src.haive.dataflow.registry.core - INFO - Added import log for SelfCorrectiveRAGConfig in memory
2025-04-10 14:08:10,029 - src.haive.dataflow.registry.core - INFO - Added import log for BaseRAGConfig in memory
2025-04-10 14:08:10,030 - src.haive.dataflow.registry.core - INFO - Added import log for SelfCorrectiveRAGConfig in memory
2025-04-10 14:08:10,094 - src.haive.dataflow.registry.core - INFO - Added import log for SQLRAGConfig in memory
2025-04-10 14:08:10,095 - src.haive.dataflow.registry.core - INFO - Registered entity agent_5b177676 with ID e7e8225e-d3b4-4e97-99c2-de8014947ea2 in memory
2025-04-10 14:08:10,095 - src.haive.dataflow.registry.core - INFO - Added import log for agent_5b177676 in memory
2025-04-10 14:08:10,096 - src.haive.dataflow.registry.core - INFO - Added import log for BaseRAGConfig in memory
2025-04-10 14:08:10,096 - src.haive.dataflow.registry.core - INFO - Added import log for SQLAgentConfig in memory
2025-04-10 14:08:10,097 - src.haive.dataflow.registry.core - INFO - Added import log for SQLRAGConfig in memory
2025-04-10 14:08:10,097 - src.haive.dataflow.registry.core - INFO - Registered entity agent_848c6815 with ID 9d20578e-69fc-4634-bb02-089c8b1a5b73 in memory
2025-04-10 14:08:10,098 - src.haive.dataflow.registry.core - INFO - Added import log for agent_848c6815 in memory
2025-04-10 14:08:10,099 - src.haive.dataflow.registry.core - INFO - Registered entity agent_d6fe294d with ID 91504a3d-b34e-4519-9500-6b0c44c6db1e in memory
2025-04-10 14:08:10,099 - src.haive.dataflow.registry.core - INFO - Added ConfigType.STATE_SCHEMA configuration to entity 91504a3d-b34e-4519-9500-6b0c44c6db1e in memory
2025-04-10 14:08:10,099 - src.haive.dataflow.registry.core - INFO - Added import log for agent_d6fe294d in memory
2025-04-10 14:08:10,126 - src.haive.dataflow.registry.core - INFO - Registered entity agent_f22d20e7 with ID 5687af0d-c6d1-43a1-bf70-14246ba4bc6a in memory
2025-04-10 14:08:10,128 - src.haive.dataflow.registry.core - INFO - Added ConfigType.STATE_SCHEMA configuration to entity 5687af0d-c6d1-43a1-bf70-14246ba4bc6a in memory
2025-04-10 14:08:10,128 - src.haive.dataflow.registry.core - INFO - Added import log for agent_f22d20e7 in memory
2025-04-10 14:08:10,129 - src.haive.dataflow.registry.core - INFO - Registered entity agent_6c424413 with ID cbd38c8b-b73b-4c8f-b92a-11d681ccc978 in memory
2025-04-10 14:08:10,129 - src.haive.dataflow.registry.core - INFO - Added ConfigType.STATE_SCHEMA configuration to entity cbd38c8b-b73b-4c8f-b92a-11d681ccc978 in memory
2025-04-10 14:08:10,129 - src.haive.dataflow.registry.core - INFO - Added import log for agent_6c424413 in memory
2025-04-10 14:08:10,146 - src.haive.dataflow.registry.core - INFO - Registered entity agent_f577cdeb with ID ff21e64b-e227-472b-aee1-6c21e8f87351 in memory
2025-04-10 14:08:10,146 - src.haive.dataflow.registry.core - INFO - Added import log for agent_f577cdeb in memory
2025-04-10 14:08:10,147 - src.haive.dataflow.registry.core - INFO - Registered entity agent_7d66afae with ID 3c392ba7-7ed0-44cb-b152-c839b5b7ba5d in memory
2025-04-10 14:08:10,147 - src.haive.dataflow.registry.core - INFO - Added ConfigType.STATE_SCHEMA configuration to entity 3c392ba7-7ed0-44cb-b152-c839b5b7ba5d in memory
2025-04-10 14:08:10,147 - src.haive.dataflow.registry.core - INFO - Added import log for agent_7d66afae in memory
2025-04-10 14:08:10,148 - src.haive.dataflow.registry.core - INFO - Registered entity agent_471184e6 with ID b7d35412-c848-4cc5-9aec-a69a17bb5cca in memory
2025-04-10 14:08:10,148 - src.haive.dataflow.registry.core - INFO - Added import log for agent_471184e6 in memory
2025-04-10 14:08:10,149 - src.haive.dataflow.registry.core - INFO - Registered entity agent_5df99150 with ID 9b6926dd-8364-44b8-a2f7-0a295643586c in memory
2025-04-10 14:08:10,149 - src.haive.dataflow.registry.core - INFO - Added import log for agent_5df99150 in memory
2025-04-10 14:08:10,150 - src.haive.dataflow.registry.core - INFO - Registered entity agent_c16371b9 with ID 94c9dede-de0f-4ec2-9e4d-9e3bb285981c in memory
2025-04-10 14:08:10,150 - src.haive.dataflow.registry.core - INFO - Added ConfigType.STATE_SCHEMA configuration to entity 94c9dede-de0f-4ec2-9e4d-9e3bb285981c in memory
2025-04-10 14:08:10,150 - src.haive.dataflow.registry.core - INFO - Added import log for agent_c16371b9 in memory
2025-04-10 14:08:10,170 - src.haive.dataflow.registry.core - INFO - Registered entity agent_d2f9165c with ID 330df6e1-da3c-4c81-95d6-5f721b7229dc in memory
2025-04-10 14:08:10,170 - src.haive.dataflow.registry.core - INFO - Added import log for agent_d2f9165c in memory
2025-04-10 14:08:10,170 - src.haive.dataflow.registry.core - INFO - Registered entity agent_091654fd with ID db70caeb-1de8-439b-8f21-378a52a3d756 in memory
2025-04-10 14:08:10,171 - src.haive.dataflow.registry.core - INFO - Added ConfigType.STATE_SCHEMA configuration to entity db70caeb-1de8-439b-8f21-378a52a3d756 in memory
2025-04-10 14:08:10,171 - src.haive.dataflow.registry.core - INFO - Added import log for agent_091654fd in memory
2025-04-10 14:08:10,171 - src.haive.dataflow.registry.core - INFO - Registered entity agent_86db6081 with ID 0fa9b130-f620-4879-831a-dddd2da5dc06 in memory
2025-04-10 14:08:10,172 - src.haive.dataflow.registry.core - INFO - Added import log for agent_86db6081 in memory
2025-04-10 14:08:10,172 - src.haive.dataflow.registry.core - INFO - Registered entity agent_180057d4 with ID 06e8b9bc-dd1e-4675-9b6b-838eeadc817a in memory
2025-04-10 14:08:10,172 - src.haive.dataflow.registry.core - INFO - Added ConfigType.STATE_SCHEMA configuration to entity 06e8b9bc-dd1e-4675-9b6b-838eeadc817a in memory
2025-04-10 14:08:10,173 - src.haive.dataflow.registry.core - INFO - Added import log for agent_180057d4 in memory
2025-04-10 14:08:10,186 - src.haive.dataflow.registry.core - INFO - Registered entity agent_e80802bb with ID a5131b17-7e13-4af8-a3be-b63acfce2146 in memory
2025-04-10 14:08:10,186 - src.haive.dataflow.registry.core - INFO - Added ConfigType.STATE_SCHEMA configuration to entity a5131b17-7e13-4af8-a3be-b63acfce2146 in memory
2025-04-10 14:08:10,187 - src.haive.dataflow.registry.core - INFO - Added import log for agent_e80802bb in memory
2025-04-10 14:08:10,219 - src.haive.dataflow.registry.core - INFO - Registered entity agent_e88e8958 with ID f0d2e039-66e5-4cf9-9882-b91481391e1d in memory
2025-04-10 14:08:10,220 - src.haive.dataflow.registry.core - INFO - Added ConfigType.STATE_SCHEMA configuration to entity f0d2e039-66e5-4cf9-9882-b91481391e1d in memory
2025-04-10 14:08:10,220 - src.haive.dataflow.registry.core - INFO - Added import log for agent_e88e8958 in memory
2025-04-10 14:08:10,221 - src.haive.dataflow.registry.core - INFO - Registered entity agent_bd69f739 with ID 2ed36e65-5e04-4394-a944-57ecc6a8a2e8 in memory
2025-04-10 14:08:10,221 - src.haive.dataflow.registry.core - INFO - Added import log for agent_bd69f739 in memory
2025-04-10 14:08:10,222 - src.haive.dataflow.registry.core - INFO - Registered entity agent_18784b40 with ID 2dcb1e78-0639-427f-8dc4-85c55324ca1e in memory
2025-04-10 14:08:10,222 - src.haive.dataflow.registry.core - INFO - Added ConfigType.STATE_SCHEMA configuration to entity 2dcb1e78-0639-427f-8dc4-85c55324ca1e in memory
2025-04-10 14:08:10,222 - src.haive.dataflow.registry.core - INFO - Added import log for agent_18784b40 in memory
2025-04-10 14:08:10,223 - src.haive.dataflow.registry.core - INFO - Registered entity agent_2bd120aa with ID 49dc892c-a61d-4f3b-a67f-63a39f940afa in memory
2025-04-10 14:08:10,223 - src.haive.dataflow.registry.core - INFO - Added import log for agent_2bd120aa in memory
2025-04-10 14:08:10,224 - src.haive.dataflow.registry.core - INFO - Registered entity agent_bb3ebc2e with ID 2183f701-3187-4094-b999-1349c9af1ce1 in memory
2025-04-10 14:08:10,224 - src.haive.dataflow.registry.core - INFO - Added import log for agent_bb3ebc2e in memory
2025-04-10 14:08:10,226 - src.haive.dataflow.registry.core - INFO - Registered entity agent_999a7082 with ID 77bb7c59-772e-4642-b0dc-3220995a1d05 in memory
2025-04-10 14:08:10,226 - src.haive.dataflow.registry.core - INFO - Added import log for agent_999a7082 in memory
2025-04-10 14:08:10,226 - src.haive.dataflow.registry.core - INFO - Registered entity agent_de4296c7 with ID 523a16e8-45cc-49d0-a942-6a9d8af37472 in memory
2025-04-10 14:08:10,227 - src.haive.dataflow.registry.core - INFO - Added import log for agent_de4296c7 in memory
2025-04-10 14:08:10,227 - src.haive.dataflow.registry.core - INFO - Registered entity agent_5cfe92c0 with ID cd4dd8e3-3074-45f8-80ee-586314f4d5d8 in memory
2025-04-10 14:08:10,228 - src.haive.dataflow.registry.core - INFO - Added import log for agent_5cfe92c0 in memory
2025-04-10 14:08:10,244 - src.haive.dataflow.registry.core - INFO - Registered entity agent_cca97551 with ID a6f7437b-5cc7-4764-866c-eded5d37df6f in memory
2025-04-10 14:08:10,245 - src.haive.dataflow.registry.core - INFO - Added import log for agent_cca97551 in memory
2025-04-10 14:08:10,245 - src.haive.dataflow.registry.core - INFO - Registered entity TaxonomyAgent with ID c5bd3155-eab6-4ff3-9700-c83d7bc92eb1 in memory
2025-04-10 14:08:10,246 - src.haive.dataflow.registry.core - INFO - Added ConfigType.STATE_SCHEMA configuration to entity c5bd3155-eab6-4ff3-9700-c83d7bc92eb1 in memory
2025-04-10 14:08:10,246 - src.haive.dataflow.registry.core - INFO - Added import log for TaxonomyAgent in memory
2025-04-10 14:08:16,494 - src.haive.dataflow.registry.core - INFO - Registered entity TaxonomyAgent with ID da125e8c-229d-489a-a119-44242e9b62b4 in memory
2025-04-10 14:08:16,494 - src.haive.dataflow.registry.core - INFO - Added ConfigType.STATE_SCHEMA configuration to entity da125e8c-229d-489a-a119-44242e9b62b4 in memory
2025-04-10 14:08:16,495 - src.haive.dataflow.registry.core - INFO - Added import log for TaxonomyAgent in memory
2025-04-10 14:08:16,507 - src.haive.dataflow.registry.core - INFO - Registered entity agent_93efe0ce with ID 859c9b74-5023-4c6f-93e7-96fada562bd3 in memory
2025-04-10 14:08:16,507 - src.haive.dataflow.registry.core - INFO - Added import log for agent_93efe0ce in memory
2025-04-10 14:08:16,507 - src.haive.dataflow.registry.core - INFO - Registered entity agent_d3ecb21f with ID 8e479a34-249a-44f7-b948-5117df11fda1 in memory
2025-04-10 14:08:16,508 - src.haive.dataflow.registry.core - INFO - Added ConfigType.STATE_SCHEMA configuration to entity 8e479a34-249a-44f7-b948-5117df11fda1 in memory
2025-04-10 14:08:16,508 - src.haive.dataflow.registry.core - INFO - Added import log for agent_d3ecb21f in memory
2025-04-10 14:08:16,517 - src.haive.dataflow.registry.core - INFO - Registered entity agent_8cf97fbd with ID 8b4d8ec1-1983-4148-b7d3-448ec326a01c in memory
2025-04-10 14:08:16,517 - src.haive.dataflow.registry.core - INFO - Added ConfigType.STATE_SCHEMA configuration to entity 8b4d8ec1-1983-4148-b7d3-448ec326a01c in memory
2025-04-10 14:08:16,517 - src.haive.dataflow.registry.core - INFO - Added import log for agent_8cf97fbd in memory
2025-04-10 14:08:16,518 - src.haive.dataflow.registry.core - INFO - Registered entity agent_f8c8a075 with ID ed406e6d-7f13-4c14-940d-0a0f4e99a641 in memory
2025-04-10 14:08:16,518 - src.haive.dataflow.registry.core - INFO - Added import log for agent_f8c8a075 in memory
2025-04-10 14:08:16,518 - src.haive.dataflow.registry.core - INFO - Registered entity agent_43acda46 with ID 9cbb76da-8a58-4400-a948-020b509983ac in memory
2025-04-10 14:08:16,518 - src.haive.dataflow.registry.core - INFO - Added ConfigType.STATE_SCHEMA configuration to entity 9cbb76da-8a58-4400-a948-020b509983ac in memory
2025-04-10 14:08:16,519 - src.haive.dataflow.registry.core - INFO - Added import log for agent_43acda46 in memory
2025-04-10 14:08:16,519 - src.haive.dataflow.registry.core - INFO - Registered entity agent_84b48566 with ID f413c289-9b8e-4e3a-a306-d42331870ca3 in memory
2025-04-10 14:08:16,519 - src.haive.dataflow.registry.core - INFO - Added ConfigType.STATE_SCHEMA configuration to entity f413c289-9b8e-4e3a-a306-d42331870ca3 in memory
2025-04-10 14:08:16,520 - src.haive.dataflow.registry.core - INFO - Added import log for agent_84b48566 in memory
2025-04-10 14:08:16,520 - src.haive.dataflow.registry.core - INFO - Registered entity agent_326541cd with ID b461e6f5-bbca-41b5-852e-ce3346988785 in memory
2025-04-10 14:08:16,521 - src.haive.dataflow.registry.core - INFO - Added ConfigType.STATE_SCHEMA configuration to entity b461e6f5-bbca-41b5-852e-ce3346988785 in memory
2025-04-10 14:08:16,521 - src.haive.dataflow.registry.core - INFO - Added import log for agent_326541cd in memory
2025-04-10 14:08:16,521 - src.haive.dataflow.registry.core - INFO - Registered entity agent_1fca5c58 with ID 970a04c7-4197-406d-8e4f-d85e77e97647 in memory
2025-04-10 14:08:16,521 - src.haive.dataflow.registry.core - INFO - Added ConfigType.STATE_SCHEMA configuration to entity 970a04c7-4197-406d-8e4f-d85e77e97647 in memory
2025-04-10 14:08:16,522 - src.haive.dataflow.registry.core - INFO - Added import log for agent_1fca5c58 in memory
2025-04-10 14:08:16,522 - src.haive.dataflow.registry.core - INFO - Registered entity agent_b9411c74 with ID 9ae9085a-5e0b-436c-b743-5e5d1faee411 in memory
2025-04-10 14:08:16,523 - src.haive.dataflow.registry.core - INFO - Added import log for agent_b9411c74 in memory
2025-04-10 14:27:42,335 - src.haive.dataflow.registry.core - WARNING - Could not connect to Supabase: 'dict' object has no attribute 'headers'
2025-04-10 14:27:42,336 - src.haive.dataflow.registry.core - INFO - Using in-memory storage instead
2025-04-10 14:45:28,207 - src.haive.dataflow.registry.core - WARNING - Could not connect to Supabase: 'dict' object has no attribute 'headers'
2025-04-10 14:45:28,207 - src.haive.dataflow.registry.core - INFO - Using in-memory storage instead
2025-04-10 14:45:35,936 - src.haive.dataflow.registry.core - WARNING - Could not connect to Supabase: 'dict' object has no attribute 'headers'
2025-04-10 14:45:35,936 - src.haive.dataflow.registry.core - INFO - Using in-memory storage instead
2025-04-10 14:45:48,036 - src.haive.dataflow.registry.core - WARNING - Could not connect to Supabase: 'dict' object has no attribute 'headers'
2025-04-10 14:45:48,036 - src.haive.dataflow.registry.core - INFO - Using in-memory storage instead
2025-04-10 14:46:20,802 - src.haive.dataflow.registry.core - WARNING - Could not connect to Supabase: 'dict' object has no attribute 'headers'
2025-04-10 14:46:20,802 - src.haive.dataflow.registry.core - INFO - Using in-memory storage instead
2025-04-10 14:46:44,483 - src.haive.dataflow.registry.core - WARNING - Could not connect to Supabase: 'dict' object has no attribute 'headers'
2025-04-10 14:46:44,483 - src.haive.dataflow.registry.core - INFO - Using in-memory storage instead
2025-04-10 14:47:34,296 - src.haive.dataflow.registry.core - WARNING - Could not connect to Supabase: 'dict' object has no attribute 'headers'
2025-04-10 14:47:34,296 - src.haive.dataflow.registry.core - INFO - Using in-memory storage instead
2025-04-10 14:49:41,774 - src.haive.dataflow.registry.core - WARNING - Could not connect to Supabase: 'dict' object has no attribute 'headers'
2025-04-10 14:49:41,774 - src.haive.dataflow.registry.core - INFO - Using in-memory storage instead
2025-04-10 14:50:37,719 - src.haive.dataflow.registry.core - WARNING - Could not connect to Supabase: 'dict' object has no attribute 'headers'
2025-04-10 14:50:37,719 - src.haive.dataflow.registry.core - INFO - Using in-memory storage instead
