"thread_id","checkpoint_ns","checkpoint_id","parent_checkpoint_id","type","checkpoint","checkpoint_metadata","last_access","user_id"
"2f90db8d-fa21-4162-86d6-a216dbfa2c8a","","1f03c279-1d98-6fc6-8019-e42e4f255ba1","1f03c279-1a23-62e8-8018-e896aa6e4503",NULL,"{""v"": 3, ""id"": ""1f03c279-1d98-6fc6-8019-e42e4f255ba1"", ""ts"": ""2025-05-29T00:55:09.683069+00:00"", ""pending_sends"": [], ""versions_seen"": {""end_turn"": {""branch:to:end_turn"": ""00000000000000000000000000000021.0.8521789812811317""}, ""__input__"": {}, ""__start__"": {""__start__"": ""00000000000000000000000000000001.0.2735474543916121""}, ""roll_dice"": {""branch:to:roll_dice"": ""00000000000000000000000000000024.0.30601610462182294""}, ""start_turn"": {""branch:to:start_turn"": ""00000000000000000000000000000023.0.6676236624758876""}, ""move_player"": {""branch:to:move_player"": ""00000000000000000000000000000025.0.746605559017191""}, ""check_doubles"": {""branch:to:check_doubles"": ""00000000000000000000000000000020.0.15945830839586828""}, ""check_game_end"": {""branch:to:check_game_end"": ""00000000000000000000000000000022.0.05850432471040046""}, ""handle_landing"": {""branch:to:handle_landing"": ""00000000000000000000000000000026.0.25417182777803127""}}, ""channel_versions"": {""players"": ""00000000000000000000000000000027.0.21201385197892153"", ""messages"": ""00000000000000000000000000000002.0.47642338479856416"", ""__start__"": ""00000000000000000000000000000002.0.6182540046660762"", ""last_roll"": ""00000000000000000000000000000025.0.27940475000556486"", ""properties"": ""00000000000000000000000000000002.0.22042262129938794"", ""game_events"": ""00000000000000000000000000000027.0.07822068985217079"", ""game_status"": ""00000000000000000000000000000024.0.612225224637616"", ""turn_number"": ""00000000000000000000000000000022.0.0020636778409900414"", ""chance_cards"": ""00000000000000000000000000000002.0.1363393049956898"", ""round_number"": ""00000000000000000000000000000022.0.30758645477139945"", ""doubles_rolled"": ""00000000000000000000000000000025.0.029949574122467126"", ""branch:to:end_turn"": ""00000000000000000000000000000022.0.02921251386719137"", ""branch:to:roll_dice"": ""00000000000000000000000000000025.0.9230014921417182"", ""branch:to:start_turn"": ""00000000000000000000000000000024.0.725241862696043"", ""current_player_index"": ""00000000000000000000000000000022.0.24944417241769035"", ""branch:to:move_player"": ""00000000000000000000000000000026.0.19019101966766738"", ""community_chest_cards"": ""00000000000000000000000000000002.0.1571206665936401"", ""branch:to:check_doubles"": ""00000000000000000000000000000027.0.697287390584138"", ""branch:to:check_game_end"": ""00000000000000000000000000000023.0.6959449649989575"", ""branch:to:handle_landing"": ""00000000000000000000000000000027.0.950377842157493""}}","{""step"": 25, ""source"": ""loop"", ""writes"": {""handle_landing"": {""players"": [{""id"": [""haive"", ""games"", ""monopoly"", ""models"", ""Player""], ""lc"": 2, ""type"": ""constructor"", ""kwargs"": {""name"": ""Alice"", ""money"": 1300, ""in_jail"": false, ""bankrupt"": false, ""position"": 4, ""jail_cards"": 0, ""jail_turns"": 0, ""properties"": [], ""doubles_count"": 0}, ""method"": [null, ""model_construct""]}, {""id"": [""haive"", ""games"", ""monopoly"", ""models"", ""Player""], ""lc"": 2, ""type"": ""constructor"", ""kwargs"": {""name"": ""Bob"", ""money"": 1500, ""in_jail"": false, ""bankrupt"": false, ""position"": 10, ""jail_cards"": 0, ""jail_turns"": 0, ""properties"": [], ""doubles_count"": 0}, ""method"": [null, ""model_construct""]}, {""id"": [""haive"", ""games"", ""monopoly"", ""models"", ""Player""], ""lc"": 2, ""type"": ""constructor"", ""kwargs"": {""name"": ""Charlie"", ""money"": 1500, ""in_jail"": false, ""bankrupt"": false, ""position"": 7, ""jail_cards"": 0, ""jail_turns"": 0, ""properties"": [], ""doubles_count"": 0}, ""method"": [null, ""model_construct""]}, {""id"": [""haive"", ""games"", ""monopoly"", ""models"", ""Player""], ""lc"": 2, ""type"": ""constructor"", ""kwargs"": {""name"": ""Diana"", ""money"": 1500, ""in_jail"": false, ""bankrupt"": false, ""position"": 7, ""jail_cards"": 0, ""jail_turns"": 0, ""properties"": [], ""doubles_count"": 0}, ""method"": [null, ""model_construct""]}], ""game_events"": [{""id"": [""haive"", ""games"", ""monopoly"", ""models"", ""GameEvent""], ""lc"": 2, ""type"": ""constructor"", ""kwargs"": {""player"": ""Diana"", ""details"": {}, ""event_type"": ""card_draw"", ""description"": ""Drew Chance card"", ""money_change"": 0, ""property_involved"": null}, ""method"": [null, ""model_construct""]}]}}, ""parents"": {}, ""thread_id"": ""2f90db8d-fa21-4162-86d6-a216dbfa2c8a"", ""recursion_limit"": 500}","2025-05-28 20:55:08.650166-04",NULL
"2f90db8d-fa21-4162-86d6-a216dbfa2c8a","","1f03c279-1a23-62e8-8018-e896aa6e4503","1f03c279-1a1b-6a10-8017-e4a9a9e8edef",NULL,"{""v"": 3, ""id"": ""1f03c279-1a23-62e8-8018-e896aa6e4503"", ""ts"": ""2025-05-29T00:55:09.320249+00:00"", ""pending_sends"": [], ""versions_seen"": {""end_turn"": {""branch:to:end_turn"": ""00000000000000000000000000000021.0.8521789812811317""}, ""__input__"": {}, ""__start__"": {""__start__"": ""00000000000000000000000000000001.0.2735474543916121""}, ""roll_dice"": {""branch:to:roll_dice"": ""00000000000000000000000000000024.0.30601610462182294""}, ""start_turn"": {""branch:to:start_turn"": ""00000000000000000000000000000023.0.6676236624758876""}, ""move_player"": {""branch:to:move_player"": ""00000000000000000000000000000025.0.746605559017191""}, ""check_doubles"": {""branch:to:check_doubles"": ""00000000000000000000000000000020.0.15945830839586828""}, ""check_game_end"": {""branch:to:check_game_end"": ""00000000000000000000000000000022.0.05850432471040046""}, ""handle_landing"": {""branch:to:handle_landing"": ""00000000000000000000000000000019.0.02235840293715985""}}, ""channel_versions"": {""players"": ""00000000000000000000000000000026.0.643918027094734"", ""messages"": ""00000000000000000000000000000002.0.47642338479856416"", ""__start__"": ""00000000000000000000000000000002.0.6182540046660762"", ""last_roll"": ""00000000000000000000000000000025.0.27940475000556486"", ""properties"": ""00000000000000000000000000000002.0.22042262129938794"", ""game_events"": ""00000000000000000000000000000026.0.0832294289285217"", ""game_status"": ""00000000000000000000000000000024.0.612225224637616"", ""turn_number"": ""00000000000000000000000000000022.0.0020636778409900414"", ""chance_cards"": ""00000000000000000000000000000002.0.1363393049956898"", ""round_number"": ""00000000000000000000000000000022.0.30758645477139945"", ""doubles_rolled"": ""00000000000000000000000000000025.0.029949574122467126"", ""branch:to:end_turn"": ""00000000000000000000000000000022.0.02921251386719137"", ""branch:to:roll_dice"": ""00000000000000000000000000000025.0.9230014921417182"", ""branch:to:start_turn"": ""00000000000000000000000000000024.0.725241862696043"", ""current_player_index"": ""00000000000000000000000000000022.0.24944417241769035"", ""branch:to:move_player"": ""00000000000000000000000000000026.0.19019101966766738"", ""community_chest_cards"": ""00000000000000000000000000000002.0.1571206665936401"", ""branch:to:check_doubles"": ""00000000000000000000000000000021.0.024933721066930148"", ""branch:to:check_game_end"": ""00000000000000000000000000000023.0.6959449649989575"", ""branch:to:handle_landing"": ""00000000000000000000000000000026.0.25417182777803127""}}","{""step"": 24, ""source"": ""loop"", ""writes"": {""move_player"": {""players"": [{""id"": [""haive"", ""games"", ""monopoly"", ""models"", ""Player""], ""lc"": 2, ""type"": ""constructor"", ""kwargs"": {""name"": ""Alice"", ""money"": 1300, ""in_jail"": false, ""bankrupt"": false, ""position"": 4, ""jail_cards"": 0, ""jail_turns"": 0, ""properties"": [], ""doubles_count"": 0}, ""method"": [null, ""model_construct""]}, {""id"": [""haive"", ""games"", ""monopoly"", ""models"", ""Player""], ""lc"": 2, ""type"": ""constructor"", ""kwargs"": {""name"": ""Bob"", ""money"": 1500, ""in_jail"": false, ""bankrupt"": false, ""position"": 10, ""jail_cards"": 0, ""jail_turns"": 0, ""properties"": [], ""doubles_count"": 0}, ""method"": [null, ""model_construct""]}, {""id"": [""haive"", ""games"", ""monopoly"", ""models"", ""Player""], ""lc"": 2, ""type"": ""constructor"", ""kwargs"": {""name"": ""Charlie"", ""money"": 1500, ""in_jail"": false, ""bankrupt"": false, ""position"": 7, ""jail_cards"": 0, ""jail_turns"": 0, ""properties"": [], ""doubles_count"": 0}, ""method"": [null, ""model_construct""]}, {""id"": [""haive"", ""games"", ""monopoly"", ""models"", ""Player""], ""lc"": 2, ""type"": ""constructor"", ""kwargs"": {""name"": ""Diana"", ""money"": 1500, ""in_jail"": false, ""bankrupt"": false, ""position"": 7, ""jail_cards"": 0, ""jail_turns"": 0, ""properties"": [], ""doubles_count"": 0}, ""method"": [null, ""model_construct""]}], ""game_events"": [{""id"": [""haive"", ""games"", ""monopoly"", ""models"", ""GameEvent""], ""lc"": 2, ""type"": ""constructor"", ""kwargs"": {""player"": ""Diana"", ""details"": {""passed_go"": false, ""new_position"": 7, ""old_position"": 0}, ""event_type"": ""player_move"", ""description"": ""Moved from position 0 to 7"", ""money_change"": 0, ""property_involved"": null}, ""method"": [null, ""model_construct""]}]}}, ""parents"": {}, ""thread_id"": ""2f90db8d-fa21-4162-86d6-a216dbfa2c8a"", ""recursion_limit"": 500}","2025-05-28 20:55:08.650166-04",NULL
"2f90db8d-fa21-4162-86d6-a216dbfa2c8a","","1f03c279-1a1b-6a10-8017-e4a9a9e8edef","1f03c279-1a14-6aa1-8016-f906527b253b",NULL,"{""v"": 3, ""id"": ""1f03c279-1a1b-6a10-8017-e4a9a9e8edef"", ""ts"": ""2025-05-29T00:55:09.317160+00:00"", ""pending_sends"": [], ""versions_seen"": {""end_turn"": {""branch:to:end_turn"": ""00000000000000000000000000000021.0.8521789812811317""}, ""__input__"": {}, ""__start__"": {""__start__"": ""00000000000000000000000000000001.0.2735474543916121""}, ""roll_dice"": {""branch:to:roll_dice"": ""00000000000000000000000000000024.0.30601610462182294""}, ""start_turn"": {""branch:to:start_turn"": ""00000000000000000000000000000023.0.6676236624758876""}, ""move_player"": {""branch:to:move_player"": ""00000000000000000000000000000018.0.826722343801947""}, ""check_doubles"": {""branch:to:check_doubles"": ""00000000000000000000000000000020.0.15945830839586828""}, ""check_game_end"": {""branch:to:check_game_end"": ""00000000000000000000000000000022.0.05850432471040046""}, ""handle_landing"": {""branch:to:handle_landing"": ""00000000000000000000000000000019.0.02235840293715985""}}, ""channel_versions"": {""players"": ""00000000000000000000000000000022.0.49628344111569767"", ""messages"": ""00000000000000000000000000000002.0.47642338479856416"", ""__start__"": ""00000000000000000000000000000002.0.6182540046660762"", ""last_roll"": ""00000000000000000000000000000025.0.27940475000556486"", ""properties"": ""00000000000000000000000000000002.0.22042262129938794"", ""game_events"": ""00000000000000000000000000000025.0.7224672510722995"", ""game_status"": ""00000000000000000000000000000024.0.612225224637616"", ""turn_number"": ""00000000000000000000000000000022.0.0020636778409900414"", ""chance_cards"": ""00000000000000000000000000000002.0.1363393049956898"", ""round_number"": ""00000000000000000000000000000022.0.30758645477139945"", ""doubles_rolled"": ""00000000000000000000000000000025.0.029949574122467126"", ""branch:to:end_turn"": ""00000000000000000000000000000022.0.02921251386719137"", ""branch:to:roll_dice"": ""00000000000000000000000000000025.0.9230014921417182"", ""branch:to:start_turn"": ""00000000000000000000000000000024.0.725241862696043"", ""current_player_index"": ""00000000000000000000000000000022.0.24944417241769035"", ""branch:to:move_player"": ""00000000000000000000000000000025.0.746605559017191"", ""community_chest_cards"": ""00000000000000000000000000000002.0.1571206665936401"", ""branch:to:check_doubles"": ""00000000000000000000000000000021.0.024933721066930148"", ""branch:to:check_game_end"": ""00000000000000000000000000000023.0.6959449649989575"", ""branch:to:handle_landing"": ""00000000000000000000000000000020.0.3636670458244293""}}","{""step"": 23, ""source"": ""loop"", ""writes"": {""roll_dice"": {""last_roll"": {""die1"": 6, ""die2"": 1}, ""game_events"": [{""id"": [""haive"", ""games"", ""monopoly"", ""models"", ""GameEvent""], ""lc"": 2, ""type"": ""constructor"", ""kwargs"": {""player"": ""Diana"", ""details"": {""dice_roll"": {""die1"": 6, ""die2"": 1}}, ""event_type"": ""dice_roll"", ""description"": ""Rolled 6 and 1"", ""money_change"": 0, ""property_involved"": null}, ""method"": [null, ""model_construct""]}], ""doubles_rolled"": false}}, ""parents"": {}, ""thread_id"": ""2f90db8d-fa21-4162-86d6-a216dbfa2c8a"", ""recursion_limit"": 500}","2025-05-28 20:55:08.650166-04",NULL
"2f90db8d-fa21-4162-86d6-a216dbfa2c8a","","1f03c279-1a14-6aa1-8016-f906527b253b","1f03c279-19f1-6f63-8015-97e339766863",NULL,"{""v"": 3, ""id"": ""1f03c279-1a14-6aa1-8016-f906527b253b"", ""ts"": ""2025-05-29T00:55:09.314303+00:00"", ""pending_sends"": [], ""versions_seen"": {""end_turn"": {""branch:to:end_turn"": ""00000000000000000000000000000021.0.8521789812811317""}, ""__input__"": {}, ""__start__"": {""__start__"": ""00000000000000000000000000000001.0.2735474543916121""}, ""roll_dice"": {""branch:to:roll_dice"": ""00000000000000000000000000000017.0.7255133058409438""}, ""start_turn"": {""branch:to:start_turn"": ""00000000000000000000000000000023.0.6676236624758876""}, ""move_player"": {""branch:to:move_player"": ""00000000000000000000000000000018.0.826722343801947""}, ""check_doubles"": {""branch:to:check_doubles"": ""00000000000000000000000000000020.0.15945830839586828""}, ""check_game_end"": {""branch:to:check_game_end"": ""00000000000000000000000000000022.0.05850432471040046""}, ""handle_landing"": {""branch:to:handle_landing"": ""00000000000000000000000000000019.0.02235840293715985""}}, ""channel_versions"": {""players"": ""00000000000000000000000000000022.0.49628344111569767"", ""messages"": ""00000000000000000000000000000002.0.47642338479856416"", ""__start__"": ""00000000000000000000000000000002.0.6182540046660762"", ""last_roll"": ""00000000000000000000000000000018.0.9680409400925009"", ""properties"": ""00000000000000000000000000000002.0.22042262129938794"", ""game_events"": ""00000000000000000000000000000024.0.7159187559343716"", ""game_status"": ""00000000000000000000000000000024.0.612225224637616"", ""turn_number"": ""00000000000000000000000000000022.0.0020636778409900414"", ""chance_cards"": ""00000000000000000000000000000002.0.1363393049956898"", ""round_number"": ""00000000000000000000000000000022.0.30758645477139945"", ""doubles_rolled"": ""00000000000000000000000000000022.0.6522037304106827"", ""branch:to:end_turn"": ""00000000000000000000000000000022.0.02921251386719137"", ""branch:to:roll_dice"": ""00000000000000000000000000000024.0.30601610462182294"", ""branch:to:start_turn"": ""00000000000000000000000000000024.0.725241862696043"", ""current_player_index"": ""00000000000000000000000000000022.0.24944417241769035"", ""branch:to:move_player"": ""00000000000000000000000000000019.0.7703117565064113"", ""community_chest_cards"": ""00000000000000000000000000000002.0.1571206665936401"", ""branch:to:check_doubles"": ""00000000000000000000000000000021.0.024933721066930148"", ""branch:to:check_game_end"": ""00000000000000000000000000000023.0.6959449649989575"", ""branch:to:handle_landing"": ""00000000000000000000000000000020.0.3636670458244293""}}","{""step"": 22, ""source"": ""loop"", ""writes"": {""start_turn"": {""game_events"": [{""id"": [""haive"", ""games"", ""monopoly"", ""models"", ""GameEvent""], ""lc"": 2, ""type"": ""constructor"", ""kwargs"": {""player"": ""Diana"", ""details"": {}, ""event_type"": ""turn_start"", ""description"": ""Diana starts their turn"", ""money_change"": 0, ""property_involved"": null}, ""method"": [null, ""model_construct""]}], ""game_status"": ""playing""}}, ""parents"": {}, ""thread_id"": ""2f90db8d-fa21-4162-86d6-a216dbfa2c8a"", ""recursion_limit"": 500}","2025-05-28 20:55:08.650166-04",NULL
"2f90db8d-fa21-4162-86d6-a216dbfa2c8a","","1f03c279-19f1-6f63-8015-97e339766863","1f03c279-19f0-6fd7-8014-67b87b6b5669",NULL,"{""v"": 3, ""id"": ""1f03c279-19f1-6f63-8015-97e339766863"", ""ts"": ""2025-05-29T00:55:09.300096+00:00"", ""pending_sends"": [], ""versions_seen"": {""end_turn"": {""branch:to:end_turn"": ""00000000000000000000000000000021.0.8521789812811317""}, ""__input__"": {}, ""__start__"": {""__start__"": ""00000000000000000000000000000001.0.2735474543916121""}, ""roll_dice"": {""branch:to:roll_dice"": ""00000000000000000000000000000017.0.7255133058409438""}, ""start_turn"": {""branch:to:start_turn"": ""00000000000000000000000000000016.0.9270048481489639""}, ""move_player"": {""branch:to:move_player"": ""00000000000000000000000000000018.0.826722343801947""}, ""check_doubles"": {""branch:to:check_doubles"": ""00000000000000000000000000000020.0.15945830839586828""}, ""check_game_end"": {""branch:to:check_game_end"": ""00000000000000000000000000000022.0.05850432471040046""}, ""handle_landing"": {""branch:to:handle_landing"": ""00000000000000000000000000000019.0.02235840293715985""}}, ""channel_versions"": {""players"": ""00000000000000000000000000000022.0.49628344111569767"", ""messages"": ""00000000000000000000000000000002.0.47642338479856416"", ""__start__"": ""00000000000000000000000000000002.0.6182540046660762"", ""last_roll"": ""00000000000000000000000000000018.0.9680409400925009"", ""properties"": ""00000000000000000000000000000002.0.22042262129938794"", ""game_events"": ""00000000000000000000000000000022.0.508083749504548"", ""game_status"": ""00000000000000000000000000000017.0.15632972997432604"", ""turn_number"": ""00000000000000000000000000000022.0.0020636778409900414"", ""chance_cards"": ""00000000000000000000000000000002.0.1363393049956898"", ""round_number"": ""00000000000000000000000000000022.0.30758645477139945"", ""doubles_rolled"": ""00000000000000000000000000000022.0.6522037304106827"", ""branch:to:end_turn"": ""00000000000000000000000000000022.0.02921251386719137"", ""branch:to:roll_dice"": ""00000000000000000000000000000018.0.9487244988254638"", ""branch:to:start_turn"": ""00000000000000000000000000000023.0.6676236624758876"", ""current_player_index"": ""00000000000000000000000000000022.0.24944417241769035"", ""branch:to:move_player"": ""00000000000000000000000000000019.0.7703117565064113"", ""community_chest_cards"": ""00000000000000000000000000000002.0.1571206665936401"", ""branch:to:check_doubles"": ""00000000000000000000000000000021.0.024933721066930148"", ""branch:to:check_game_end"": ""00000000000000000000000000000023.0.6959449649989575"", ""branch:to:handle_landing"": ""00000000000000000000000000000020.0.3636670458244293""}}","{""step"": 21, ""source"": ""loop"", ""writes"": {""check_game_end"": null}, ""parents"": {}, ""thread_id"": ""2f90db8d-fa21-4162-86d6-a216dbfa2c8a"", ""recursion_limit"": 500}","2025-05-28 20:55:08.650166-04",NULL
"2f90db8d-fa21-4162-86d6-a216dbfa2c8a","","1f03c279-19f0-6fd7-8014-67b87b6b5669","1f03c279-19ea-6914-8013-b1f4357311bd",NULL,"{""v"": 3, ""id"": ""1f03c279-19f0-6fd7-8014-67b87b6b5669"", ""ts"": ""2025-05-29T00:55:09.299696+00:00"", ""pending_sends"": [], ""versions_seen"": {""end_turn"": {""branch:to:end_turn"": ""00000000000000000000000000000021.0.8521789812811317""}, ""__input__"": {}, ""__start__"": {""__start__"": ""00000000000000000000000000000001.0.2735474543916121""}, ""roll_dice"": {""branch:to:roll_dice"": ""00000000000000000000000000000017.0.7255133058409438""}, ""start_turn"": {""branch:to:start_turn"": ""00000000000000000000000000000016.0.9270048481489639""}, ""move_player"": {""branch:to:move_player"": ""00000000000000000000000000000018.0.826722343801947""}, ""check_doubles"": {""branch:to:check_doubles"": ""00000000000000000000000000000020.0.15945830839586828""}, ""check_game_end"": {""branch:to:check_game_end"": ""00000000000000000000000000000015.0.8654140351825838""}, ""handle_landing"": {""branch:to:handle_landing"": ""00000000000000000000000000000019.0.02235840293715985""}}, ""channel_versions"": {""players"": ""00000000000000000000000000000022.0.49628344111569767"", ""messages"": ""00000000000000000000000000000002.0.47642338479856416"", ""__start__"": ""00000000000000000000000000000002.0.6182540046660762"", ""last_roll"": ""00000000000000000000000000000018.0.9680409400925009"", ""properties"": ""00000000000000000000000000000002.0.22042262129938794"", ""game_events"": ""00000000000000000000000000000022.0.508083749504548"", ""game_status"": ""00000000000000000000000000000017.0.15632972997432604"", ""turn_number"": ""00000000000000000000000000000022.0.0020636778409900414"", ""chance_cards"": ""00000000000000000000000000000002.0.1363393049956898"", ""round_number"": ""00000000000000000000000000000022.0.30758645477139945"", ""doubles_rolled"": ""00000000000000000000000000000022.0.6522037304106827"", ""branch:to:end_turn"": ""00000000000000000000000000000022.0.02921251386719137"", ""branch:to:roll_dice"": ""00000000000000000000000000000018.0.9487244988254638"", ""branch:to:start_turn"": ""00000000000000000000000000000017.0.9148422102307403"", ""current_player_index"": ""00000000000000000000000000000022.0.24944417241769035"", ""branch:to:move_player"": ""00000000000000000000000000000019.0.7703117565064113"", ""community_chest_cards"": ""00000000000000000000000000000002.0.1571206665936401"", ""branch:to:check_doubles"": ""00000000000000000000000000000021.0.024933721066930148"", ""branch:to:check_game_end"": ""00000000000000000000000000000022.0.05850432471040046"", ""branch:to:handle_landing"": ""00000000000000000000000000000020.0.3636670458244293""}}","{""step"": 20, ""source"": ""loop"", ""writes"": {""end_turn"": {""players"": [{""id"": [""haive"", ""games"", ""monopoly"", ""models"", ""Player""], ""lc"": 2, ""type"": ""constructor"", ""kwargs"": {""name"": ""Alice"", ""money"": 1300, ""in_jail"": false, ""bankrupt"": false, ""position"": 4, ""jail_cards"": 0, ""jail_turns"": 0, ""properties"": [], ""doubles_count"": 0}, ""method"": [null, ""model_construct""]}, {""id"": [""haive"", ""games"", ""monopoly"", ""models"", ""Player""], ""lc"": 2, ""type"": ""constructor"", ""kwargs"": {""name"": ""Bob"", ""money"": 1500, ""in_jail"": false, ""bankrupt"": false, ""position"": 10, ""jail_cards"": 0, ""jail_turns"": 0, ""properties"": [], ""doubles_count"": 0}, ""method"": [null, ""model_construct""]}, {""id"": [""haive"", ""games"", ""monopoly"", ""models"", ""Player""], ""lc"": 2, ""type"": ""constructor"", ""kwargs"": {""name"": ""Charlie"", ""money"": 1500, ""in_jail"": false, ""bankrupt"": false, ""position"": 7, ""jail_cards"": 0, ""jail_turns"": 0, ""properties"": [], ""doubles_count"": 0}, ""method"": [null, ""model_construct""]}, {""id"": [""haive"", ""games"", ""monopoly"", ""models"", ""Player""], ""lc"": 2, ""type"": ""constructor"", ""kwargs"": {""name"": ""Diana"", ""money"": 1500, ""in_jail"": false, ""bankrupt"": false, ""position"": 7, ""jail_cards"": 0, ""jail_turns"": 0, ""properties"": [], ""doubles_count"": 0}, ""method"": [null, ""model_construct""]}], ""game_events"": [], ""turn_number"": 4, ""round_number"": 1, ""doubles_rolled"": false, ""current_player_index"": 3}}, ""parents"": {}, ""thread_id"": ""2f90db8d-fa21-4162-86d6-a216dbfa2c8a"", ""recursion_limit"": 500}","2025-05-28 20:55:08.650166-04",NULL
"2f90db8d-fa21-4162-86d6-a216dbfa2c8a","","1f03c279-19ea-6914-8013-b1f4357311bd","1f03c279-19e9-6794-8012-67a75e0a6f9c",NULL,"{""v"": 3, ""id"": ""1f03c279-19ea-6914-8013-b1f4357311bd"", ""ts"": ""2025-05-29T00:55:09.297067+00:00"", ""pending_sends"": [], ""versions_seen"": {""end_turn"": {""branch:to:end_turn"": ""00000000000000000000000000000014.0.9308429133379693""}, ""__input__"": {}, ""__start__"": {""__start__"": ""00000000000000000000000000000001.0.2735474543916121""}, ""roll_dice"": {""branch:to:roll_dice"": ""00000000000000000000000000000017.0.7255133058409438""}, ""start_turn"": {""branch:to:start_turn"": ""00000000000000000000000000000016.0.9270048481489639""}, ""move_player"": {""branch:to:move_player"": ""00000000000000000000000000000018.0.826722343801947""}, ""check_doubles"": {""branch:to:check_doubles"": ""00000000000000000000000000000020.0.15945830839586828""}, ""check_game_end"": {""branch:to:check_game_end"": ""00000000000000000000000000000015.0.8654140351825838""}, ""handle_landing"": {""branch:to:handle_landing"": ""00000000000000000000000000000019.0.02235840293715985""}}, ""channel_versions"": {""players"": ""00000000000000000000000000000020.0.26092250578701026"", ""messages"": ""00000000000000000000000000000002.0.47642338479856416"", ""__start__"": ""00000000000000000000000000000002.0.6182540046660762"", ""last_roll"": ""00000000000000000000000000000018.0.9680409400925009"", ""properties"": ""00000000000000000000000000000002.0.22042262129938794"", ""game_events"": ""00000000000000000000000000000020.0.1345000482386146"", ""game_status"": ""00000000000000000000000000000017.0.15632972997432604"", ""turn_number"": ""00000000000000000000000000000015.0.6974267054234811"", ""chance_cards"": ""00000000000000000000000000000002.0.1363393049956898"", ""round_number"": ""00000000000000000000000000000015.0.6891623764425128"", ""doubles_rolled"": ""00000000000000000000000000000018.0.7905920728769167"", ""branch:to:end_turn"": ""00000000000000000000000000000021.0.8521789812811317"", ""branch:to:roll_dice"": ""00000000000000000000000000000018.0.9487244988254638"", ""branch:to:start_turn"": ""00000000000000000000000000000017.0.9148422102307403"", ""current_player_index"": ""00000000000000000000000000000015.0.3508957995542229"", ""branch:to:move_player"": ""00000000000000000000000000000019.0.7703117565064113"", ""community_chest_cards"": ""00000000000000000000000000000002.0.1571206665936401"", ""branch:to:check_doubles"": ""00000000000000000000000000000021.0.024933721066930148"", ""branch:to:check_game_end"": ""00000000000000000000000000000016.0.34322024544532204"", ""branch:to:handle_landing"": ""00000000000000000000000000000020.0.3636670458244293""}}","{""step"": 19, ""source"": ""loop"", ""writes"": {""check_doubles"": null}, ""parents"": {}, ""thread_id"": ""2f90db8d-fa21-4162-86d6-a216dbfa2c8a"", ""recursion_limit"": 500}","2025-05-28 20:55:08.650166-04",NULL
"2f90db8d-fa21-4162-86d6-a216dbfa2c8a","","1f03c279-19e9-6794-8012-67a75e0a6f9c","1f03c279-19d1-6de5-8011-e38abe0211df",NULL,"{""v"": 3, ""id"": ""1f03c279-19e9-6794-8012-67a75e0a6f9c"", ""ts"": ""2025-05-29T00:55:09.296610+00:00"", ""pending_sends"": [], ""versions_seen"": {""end_turn"": {""branch:to:end_turn"": ""00000000000000000000000000000014.0.9308429133379693""}, ""__input__"": {}, ""__start__"": {""__start__"": ""00000000000000000000000000000001.0.2735474543916121""}, ""roll_dice"": {""branch:to:roll_dice"": ""00000000000000000000000000000017.0.7255133058409438""}, ""start_turn"": {""branch:to:start_turn"": ""00000000000000000000000000000016.0.9270048481489639""}, ""move_player"": {""branch:to:move_player"": ""00000000000000000000000000000018.0.826722343801947""}, ""check_doubles"": {""branch:to:check_doubles"": ""00000000000000000000000000000013.0.04303338095675713""}, ""check_game_end"": {""branch:to:check_game_end"": ""00000000000000000000000000000015.0.8654140351825838""}, ""handle_landing"": {""branch:to:handle_landing"": ""00000000000000000000000000000019.0.02235840293715985""}}, ""channel_versions"": {""players"": ""00000000000000000000000000000020.0.26092250578701026"", ""messages"": ""00000000000000000000000000000002.0.47642338479856416"", ""__start__"": ""00000000000000000000000000000002.0.6182540046660762"", ""last_roll"": ""00000000000000000000000000000018.0.9680409400925009"", ""properties"": ""00000000000000000000000000000002.0.22042262129938794"", ""game_events"": ""00000000000000000000000000000020.0.1345000482386146"", ""game_status"": ""00000000000000000000000000000017.0.15632972997432604"", ""turn_number"": ""00000000000000000000000000000015.0.6974267054234811"", ""chance_cards"": ""00000000000000000000000000000002.0.1363393049956898"", ""round_number"": ""00000000000000000000000000000015.0.6891623764425128"", ""doubles_rolled"": ""00000000000000000000000000000018.0.7905920728769167"", ""branch:to:end_turn"": ""00000000000000000000000000000015.0.8947935852796577"", ""branch:to:roll_dice"": ""00000000000000000000000000000018.0.9487244988254638"", ""branch:to:start_turn"": ""00000000000000000000000000000017.0.9148422102307403"", ""current_player_index"": ""00000000000000000000000000000015.0.3508957995542229"", ""branch:to:move_player"": ""00000000000000000000000000000019.0.7703117565064113"", ""community_chest_cards"": ""00000000000000000000000000000002.0.1571206665936401"", ""branch:to:check_doubles"": ""00000000000000000000000000000020.0.15945830839586828"", ""branch:to:check_game_end"": ""00000000000000000000000000000016.0.34322024544532204"", ""branch:to:handle_landing"": ""00000000000000000000000000000020.0.3636670458244293""}}","{""step"": 18, ""source"": ""loop"", ""writes"": {""handle_landing"": {""players"": [{""id"": [""haive"", ""games"", ""monopoly"", ""models"", ""Player""], ""lc"": 2, ""type"": ""constructor"", ""kwargs"": {""name"": ""Alice"", ""money"": 1300, ""in_jail"": false, ""bankrupt"": false, ""position"": 4, ""jail_cards"": 0, ""jail_turns"": 0, ""properties"": [], ""doubles_count"": 0}, ""method"": [null, ""model_construct""]}, {""id"": [""haive"", ""games"", ""monopoly"", ""models"", ""Player""], ""lc"": 2, ""type"": ""constructor"", ""kwargs"": {""name"": ""Bob"", ""money"": 1500, ""in_jail"": false, ""bankrupt"": false, ""position"": 10, ""jail_cards"": 0, ""jail_turns"": 0, ""properties"": [], ""doubles_count"": 0}, ""method"": [null, ""model_construct""]}, {""id"": [""haive"", ""games"", ""monopoly"", ""models"", ""Player""], ""lc"": 2, ""type"": ""constructor"", ""kwargs"": {""name"": ""Charlie"", ""money"": 1500, ""in_jail"": false, ""bankrupt"": false, ""position"": 7, ""jail_cards"": 0, ""jail_turns"": 0, ""properties"": [], ""doubles_count"": 0}, ""method"": [null, ""model_construct""]}, {""id"": [""haive"", ""games"", ""monopoly"", ""models"", ""Player""], ""lc"": 2, ""type"": ""constructor"", ""kwargs"": {""name"": ""Diana"", ""money"": 1500, ""in_jail"": false, ""bankrupt"": false, ""position"": 7, ""jail_cards"": 0, ""jail_turns"": 0, ""properties"": [], ""doubles_count"": 0}, ""method"": [null, ""model_construct""]}], ""game_events"": [{""id"": [""haive"", ""games"", ""monopoly"", ""models"", ""GameEvent""], ""lc"": 2, ""type"": ""constructor"", ""kwargs"": {""player"": ""Charlie"", ""details"": {}, ""event_type"": ""card_draw"", ""description"": ""Drew Chance card"", ""money_change"": 0, ""property_involved"": null}, ""method"": [null, ""model_construct""]}]}}, ""parents"": {}, ""thread_id"": ""2f90db8d-fa21-4162-86d6-a216dbfa2c8a"", ""recursion_limit"": 500}","2025-05-28 20:55:08.650166-04",NULL
"2f90db8d-fa21-4162-86d6-a216dbfa2c8a","","1f03c279-19d1-6de5-8011-e38abe0211df","1f03c279-19ca-67f3-8010-673538f3ebac",NULL,"{""v"": 3, ""id"": ""1f03c279-19d1-6de5-8011-e38abe0211df"", ""ts"": ""2025-05-29T00:55:09.286940+00:00"", ""pending_sends"": [], ""versions_seen"": {""end_turn"": {""branch:to:end_turn"": ""00000000000000000000000000000014.0.9308429133379693""}, ""__input__"": {}, ""__start__"": {""__start__"": ""00000000000000000000000000000001.0.2735474543916121""}, ""roll_dice"": {""branch:to:roll_dice"": ""00000000000000000000000000000017.0.7255133058409438""}, ""start_turn"": {""branch:to:start_turn"": ""00000000000000000000000000000016.0.9270048481489639""}, ""move_player"": {""branch:to:move_player"": ""00000000000000000000000000000018.0.826722343801947""}, ""check_doubles"": {""branch:to:check_doubles"": ""00000000000000000000000000000013.0.04303338095675713""}, ""check_game_end"": {""branch:to:check_game_end"": ""00000000000000000000000000000015.0.8654140351825838""}, ""handle_landing"": {""branch:to:handle_landing"": ""00000000000000000000000000000012.0.8185914251330141""}}, ""channel_versions"": {""players"": ""00000000000000000000000000000019.0.22046257250805623"", ""messages"": ""00000000000000000000000000000002.0.47642338479856416"", ""__start__"": ""00000000000000000000000000000002.0.6182540046660762"", ""last_roll"": ""00000000000000000000000000000018.0.9680409400925009"", ""properties"": ""00000000000000000000000000000002.0.22042262129938794"", ""game_events"": ""00000000000000000000000000000019.0.8117123356586744"", ""game_status"": ""00000000000000000000000000000017.0.15632972997432604"", ""turn_number"": ""00000000000000000000000000000015.0.6974267054234811"", ""chance_cards"": ""00000000000000000000000000000002.0.1363393049956898"", ""round_number"": ""00000000000000000000000000000015.0.6891623764425128"", ""doubles_rolled"": ""00000000000000000000000000000018.0.7905920728769167"", ""branch:to:end_turn"": ""00000000000000000000000000000015.0.8947935852796577"", ""branch:to:roll_dice"": ""00000000000000000000000000000018.0.9487244988254638"", ""branch:to:start_turn"": ""00000000000000000000000000000017.0.9148422102307403"", ""current_player_index"": ""00000000000000000000000000000015.0.3508957995542229"", ""branch:to:move_player"": ""00000000000000000000000000000019.0.7703117565064113"", ""community_chest_cards"": ""00000000000000000000000000000002.0.1571206665936401"", ""branch:to:check_doubles"": ""00000000000000000000000000000014.0.5250976422453028"", ""branch:to:check_game_end"": ""00000000000000000000000000000016.0.34322024544532204"", ""branch:to:handle_landing"": ""00000000000000000000000000000019.0.02235840293715985""}}","{""step"": 17, ""source"": ""loop"", ""writes"": {""move_player"": {""players"": [{""id"": [""haive"", ""games"", ""monopoly"", ""models"", ""Player""], ""lc"": 2, ""type"": ""constructor"", ""kwargs"": {""name"": ""Alice"", ""money"": 1300, ""in_jail"": false, ""bankrupt"": false, ""position"": 4, ""jail_cards"": 0, ""jail_turns"": 0, ""properties"": [], ""doubles_count"": 0}, ""method"": [null, ""model_construct""]}, {""id"": [""haive"", ""games"", ""monopoly"", ""models"", ""Player""], ""lc"": 2, ""type"": ""constructor"", ""kwargs"": {""name"": ""Bob"", ""money"": 1500, ""in_jail"": false, ""bankrupt"": false, ""position"": 10, ""jail_cards"": 0, ""jail_turns"": 0, ""properties"": [], ""doubles_count"": 0}, ""method"": [null, ""model_construct""]}, {""id"": [""haive"", ""games"", ""monopoly"", ""models"", ""Player""], ""lc"": 2, ""type"": ""constructor"", ""kwargs"": {""name"": ""Charlie"", ""money"": 1500, ""in_jail"": false, ""bankrupt"": false, ""position"": 7, ""jail_cards"": 0, ""jail_turns"": 0, ""properties"": [], ""doubles_count"": 0}, ""method"": [null, ""model_construct""]}, {""id"": [""haive"", ""games"", ""monopoly"", ""models"", ""Player""], ""lc"": 2, ""type"": ""constructor"", ""kwargs"": {""name"": ""Diana"", ""money"": 1500, ""in_jail"": false, ""bankrupt"": false, ""position"": 7, ""jail_cards"": 0, ""jail_turns"": 0, ""properties"": [], ""doubles_count"": 0}, ""method"": [null, ""model_construct""]}], ""game_events"": [{""id"": [""haive"", ""games"", ""monopoly"", ""models"", ""GameEvent""], ""lc"": 2, ""type"": ""constructor"", ""kwargs"": {""player"": ""Charlie"", ""details"": {""passed_go"": false, ""new_position"": 7, ""old_position"": 0}, ""event_type"": ""player_move"", ""description"": ""Moved from position 0 to 7"", ""money_change"": 0, ""property_involved"": null}, ""method"": [null, ""model_construct""]}]}}, ""parents"": {}, ""thread_id"": ""2f90db8d-fa21-4162-86d6-a216dbfa2c8a"", ""recursion_limit"": 500}","2025-05-28 20:55:08.650166-04",NULL
"2f90db8d-fa21-4162-86d6-a216dbfa2c8a","","1f03c279-19ca-67f3-8010-673538f3ebac","1f03c279-19c3-6cc6-800f-360d75829206",NULL,"{""v"": 3, ""id"": ""1f03c279-19ca-67f3-8010-673538f3ebac"", ""ts"": ""2025-05-29T00:55:09.283921+00:00"", ""pending_sends"": [], ""versions_seen"": {""end_turn"": {""branch:to:end_turn"": ""00000000000000000000000000000014.0.9308429133379693""}, ""__input__"": {}, ""__start__"": {""__start__"": ""00000000000000000000000000000001.0.2735474543916121""}, ""roll_dice"": {""branch:to:roll_dice"": ""00000000000000000000000000000017.0.7255133058409438""}, ""start_turn"": {""branch:to:start_turn"": ""00000000000000000000000000000016.0.9270048481489639""}, ""move_player"": {""branch:to:move_player"": ""00000000000000000000000000000011.0.19941192073648617""}, ""check_doubles"": {""branch:to:check_doubles"": ""00000000000000000000000000000013.0.04303338095675713""}, ""check_game_end"": {""branch:to:check_game_end"": ""00000000000000000000000000000015.0.8654140351825838""}, ""handle_landing"": {""branch:to:handle_landing"": ""00000000000000000000000000000012.0.8185914251330141""}}, ""channel_versions"": {""players"": ""00000000000000000000000000000015.0.23519673632223348"", ""messages"": ""00000000000000000000000000000002.0.47642338479856416"", ""__start__"": ""00000000000000000000000000000002.0.6182540046660762"", ""last_roll"": ""00000000000000000000000000000018.0.9680409400925009"", ""properties"": ""00000000000000000000000000000002.0.22042262129938794"", ""game_events"": ""00000000000000000000000000000018.0.09371769880006875"", ""game_status"": ""00000000000000000000000000000017.0.15632972997432604"", ""turn_number"": ""00000000000000000000000000000015.0.6974267054234811"", ""chance_cards"": ""00000000000000000000000000000002.0.1363393049956898"", ""round_number"": ""00000000000000000000000000000015.0.6891623764425128"", ""doubles_rolled"": ""00000000000000000000000000000018.0.7905920728769167"", ""branch:to:end_turn"": ""00000000000000000000000000000015.0.8947935852796577"", ""branch:to:roll_dice"": ""00000000000000000000000000000018.0.9487244988254638"", ""branch:to:start_turn"": ""00000000000000000000000000000017.0.9148422102307403"", ""current_player_index"": ""00000000000000000000000000000015.0.3508957995542229"", ""branch:to:move_player"": ""00000000000000000000000000000018.0.826722343801947"", ""community_chest_cards"": ""00000000000000000000000000000002.0.1571206665936401"", ""branch:to:check_doubles"": ""00000000000000000000000000000014.0.5250976422453028"", ""branch:to:check_game_end"": ""00000000000000000000000000000016.0.34322024544532204"", ""branch:to:handle_landing"": ""00000000000000000000000000000013.0.73893385844228""}}","{""step"": 16, ""source"": ""loop"", ""writes"": {""roll_dice"": {""last_roll"": {""die1"": 5, ""die2"": 2}, ""game_events"": [{""id"": [""haive"", ""games"", ""monopoly"", ""models"", ""GameEvent""], ""lc"": 2, ""type"": ""constructor"", ""kwargs"": {""player"": ""Charlie"", ""details"": {""dice_roll"": {""die1"": 5, ""die2"": 2}}, ""event_type"": ""dice_roll"", ""description"": ""Rolled 5 and 2"", ""money_change"": 0, ""property_involved"": null}, ""method"": [null, ""model_construct""]}], ""doubles_rolled"": false}}, ""parents"": {}, ""thread_id"": ""2f90db8d-fa21-4162-86d6-a216dbfa2c8a"", ""recursion_limit"": 500}","2025-05-28 20:55:08.650166-04",NULL
"2f90db8d-fa21-4162-86d6-a216dbfa2c8a","","1f03c279-19c3-6cc6-800f-360d75829206","1f03c279-19a1-66e0-800e-2dd5d7d84fdd",NULL,"{""v"": 3, ""id"": ""1f03c279-19c3-6cc6-800f-360d75829206"", ""ts"": ""2025-05-29T00:55:09.281175+00:00"", ""pending_sends"": [], ""versions_seen"": {""end_turn"": {""branch:to:end_turn"": ""00000000000000000000000000000014.0.9308429133379693""}, ""__input__"": {}, ""__start__"": {""__start__"": ""00000000000000000000000000000001.0.2735474543916121""}, ""roll_dice"": {""branch:to:roll_dice"": ""00000000000000000000000000000010.0.9201565249640786""}, ""start_turn"": {""branch:to:start_turn"": ""00000000000000000000000000000016.0.9270048481489639""}, ""move_player"": {""branch:to:move_player"": ""00000000000000000000000000000011.0.19941192073648617""}, ""check_doubles"": {""branch:to:check_doubles"": ""00000000000000000000000000000013.0.04303338095675713""}, ""check_game_end"": {""branch:to:check_game_end"": ""00000000000000000000000000000015.0.8654140351825838""}, ""handle_landing"": {""branch:to:handle_landing"": ""00000000000000000000000000000012.0.8185914251330141""}}, ""channel_versions"": {""players"": ""00000000000000000000000000000015.0.23519673632223348"", ""messages"": ""00000000000000000000000000000002.0.47642338479856416"", ""__start__"": ""00000000000000000000000000000002.0.6182540046660762"", ""last_roll"": ""00000000000000000000000000000011.0.7630244665041527"", ""properties"": ""00000000000000000000000000000002.0.22042262129938794"", ""game_events"": ""00000000000000000000000000000017.0.10300063948949667"", ""game_status"": ""00000000000000000000000000000017.0.15632972997432604"", ""turn_number"": ""00000000000000000000000000000015.0.6974267054234811"", ""chance_cards"": ""00000000000000000000000000000002.0.1363393049956898"", ""round_number"": ""00000000000000000000000000000015.0.6891623764425128"", ""doubles_rolled"": ""00000000000000000000000000000015.0.4768641134014485"", ""branch:to:end_turn"": ""00000000000000000000000000000015.0.8947935852796577"", ""branch:to:roll_dice"": ""00000000000000000000000000000017.0.7255133058409438"", ""branch:to:start_turn"": ""00000000000000000000000000000017.0.9148422102307403"", ""current_player_index"": ""00000000000000000000000000000015.0.3508957995542229"", ""branch:to:move_player"": ""00000000000000000000000000000012.0.25097540201250623"", ""community_chest_cards"": ""00000000000000000000000000000002.0.1571206665936401"", ""branch:to:check_doubles"": ""00000000000000000000000000000014.0.5250976422453028"", ""branch:to:check_game_end"": ""00000000000000000000000000000016.0.34322024544532204"", ""branch:to:handle_landing"": ""00000000000000000000000000000013.0.73893385844228""}}","{""step"": 15, ""source"": ""loop"", ""writes"": {""start_turn"": {""game_events"": [{""id"": [""haive"", ""games"", ""monopoly"", ""models"", ""GameEvent""], ""lc"": 2, ""type"": ""constructor"", ""kwargs"": {""player"": ""Charlie"", ""details"": {}, ""event_type"": ""turn_start"", ""description"": ""Charlie starts their turn"", ""money_change"": 0, ""property_involved"": null}, ""method"": [null, ""model_construct""]}], ""game_status"": ""playing""}}, ""parents"": {}, ""thread_id"": ""2f90db8d-fa21-4162-86d6-a216dbfa2c8a"", ""recursion_limit"": 500}","2025-05-28 20:55:08.650166-04",NULL
"2f90db8d-fa21-4162-86d6-a216dbfa2c8a","","1f03c279-19a1-66e0-800e-2dd5d7d84fdd","1f03c279-19a0-67d3-800d-2cb35bc74b6a",NULL,"{""v"": 3, ""id"": ""1f03c279-19a1-66e0-800e-2dd5d7d84fdd"", ""ts"": ""2025-05-29T00:55:09.267110+00:00"", ""pending_sends"": [], ""versions_seen"": {""end_turn"": {""branch:to:end_turn"": ""00000000000000000000000000000014.0.9308429133379693""}, ""__input__"": {}, ""__start__"": {""__start__"": ""00000000000000000000000000000001.0.2735474543916121""}, ""roll_dice"": {""branch:to:roll_dice"": ""00000000000000000000000000000010.0.9201565249640786""}, ""start_turn"": {""branch:to:start_turn"": ""00000000000000000000000000000009.0.9002211544398088""}, ""move_player"": {""branch:to:move_player"": ""00000000000000000000000000000011.0.19941192073648617""}, ""check_doubles"": {""branch:to:check_doubles"": ""00000000000000000000000000000013.0.04303338095675713""}, ""check_game_end"": {""branch:to:check_game_end"": ""00000000000000000000000000000015.0.8654140351825838""}, ""handle_landing"": {""branch:to:handle_landing"": ""00000000000000000000000000000012.0.8185914251330141""}}, ""channel_versions"": {""players"": ""00000000000000000000000000000015.0.23519673632223348"", ""messages"": ""00000000000000000000000000000002.0.47642338479856416"", ""__start__"": ""00000000000000000000000000000002.0.6182540046660762"", ""last_roll"": ""00000000000000000000000000000011.0.7630244665041527"", ""properties"": ""00000000000000000000000000000002.0.22042262129938794"", ""game_events"": ""00000000000000000000000000000015.0.027361788565187783"", ""game_status"": ""00000000000000000000000000000010.0.1498882376150934"", ""turn_number"": ""00000000000000000000000000000015.0.6974267054234811"", ""chance_cards"": ""00000000000000000000000000000002.0.1363393049956898"", ""round_number"": ""00000000000000000000000000000015.0.6891623764425128"", ""doubles_rolled"": ""00000000000000000000000000000015.0.4768641134014485"", ""branch:to:end_turn"": ""00000000000000000000000000000015.0.8947935852796577"", ""branch:to:roll_dice"": ""00000000000000000000000000000011.0.9437908133596333"", ""branch:to:start_turn"": ""00000000000000000000000000000016.0.9270048481489639"", ""current_player_index"": ""00000000000000000000000000000015.0.3508957995542229"", ""branch:to:move_player"": ""00000000000000000000000000000012.0.25097540201250623"", ""community_chest_cards"": ""00000000000000000000000000000002.0.1571206665936401"", ""branch:to:check_doubles"": ""00000000000000000000000000000014.0.5250976422453028"", ""branch:to:check_game_end"": ""00000000000000000000000000000016.0.34322024544532204"", ""branch:to:handle_landing"": ""00000000000000000000000000000013.0.73893385844228""}}","{""step"": 14, ""source"": ""loop"", ""writes"": {""check_game_end"": null}, ""parents"": {}, ""thread_id"": ""2f90db8d-fa21-4162-86d6-a216dbfa2c8a"", ""recursion_limit"": 500}","2025-05-28 20:55:08.650166-04",NULL
"2f90db8d-fa21-4162-86d6-a216dbfa2c8a","","1f03c279-19a0-67d3-800d-2cb35bc74b6a","1f03c279-1999-68e2-800c-1bd031854a9d",NULL,"{""v"": 3, ""id"": ""1f03c279-19a0-67d3-800d-2cb35bc74b6a"", ""ts"": ""2025-05-29T00:55:09.266722+00:00"", ""pending_sends"": [], ""versions_seen"": {""end_turn"": {""branch:to:end_turn"": ""00000000000000000000000000000014.0.9308429133379693""}, ""__input__"": {}, ""__start__"": {""__start__"": ""00000000000000000000000000000001.0.2735474543916121""}, ""roll_dice"": {""branch:to:roll_dice"": ""00000000000000000000000000000010.0.9201565249640786""}, ""start_turn"": {""branch:to:start_turn"": ""00000000000000000000000000000009.0.9002211544398088""}, ""move_player"": {""branch:to:move_player"": ""00000000000000000000000000000011.0.19941192073648617""}, ""check_doubles"": {""branch:to:check_doubles"": ""00000000000000000000000000000013.0.04303338095675713""}, ""check_game_end"": {""branch:to:check_game_end"": ""00000000000000000000000000000008.0.9502390615120361""}, ""handle_landing"": {""branch:to:handle_landing"": ""00000000000000000000000000000012.0.8185914251330141""}}, ""channel_versions"": {""players"": ""00000000000000000000000000000015.0.23519673632223348"", ""messages"": ""00000000000000000000000000000002.0.47642338479856416"", ""__start__"": ""00000000000000000000000000000002.0.6182540046660762"", ""last_roll"": ""00000000000000000000000000000011.0.7630244665041527"", ""properties"": ""00000000000000000000000000000002.0.22042262129938794"", ""game_events"": ""00000000000000000000000000000015.0.027361788565187783"", ""game_status"": ""00000000000000000000000000000010.0.1498882376150934"", ""turn_number"": ""00000000000000000000000000000015.0.6974267054234811"", ""chance_cards"": ""00000000000000000000000000000002.0.1363393049956898"", ""round_number"": ""00000000000000000000000000000015.0.6891623764425128"", ""doubles_rolled"": ""00000000000000000000000000000015.0.4768641134014485"", ""branch:to:end_turn"": ""00000000000000000000000000000015.0.8947935852796577"", ""branch:to:roll_dice"": ""00000000000000000000000000000011.0.9437908133596333"", ""branch:to:start_turn"": ""00000000000000000000000000000010.0.6303520453884324"", ""current_player_index"": ""00000000000000000000000000000015.0.3508957995542229"", ""branch:to:move_player"": ""00000000000000000000000000000012.0.25097540201250623"", ""community_chest_cards"": ""00000000000000000000000000000002.0.1571206665936401"", ""branch:to:check_doubles"": ""00000000000000000000000000000014.0.5250976422453028"", ""branch:to:check_game_end"": ""00000000000000000000000000000015.0.8654140351825838"", ""branch:to:handle_landing"": ""00000000000000000000000000000013.0.73893385844228""}}","{""step"": 13, ""source"": ""loop"", ""writes"": {""end_turn"": {""players"": [{""id"": [""haive"", ""games"", ""monopoly"", ""models"", ""Player""], ""lc"": 2, ""type"": ""constructor"", ""kwargs"": {""name"": ""Alice"", ""money"": 1300, ""in_jail"": false, ""bankrupt"": false, ""position"": 4, ""jail_cards"": 0, ""jail_turns"": 0, ""properties"": [], ""doubles_count"": 0}, ""method"": [null, ""model_construct""]}, {""id"": [""haive"", ""games"", ""monopoly"", ""models"", ""Player""], ""lc"": 2, ""type"": ""constructor"", ""kwargs"": {""name"": ""Bob"", ""money"": 1500, ""in_jail"": false, ""bankrupt"": false, ""position"": 10, ""jail_cards"": 0, ""jail_turns"": 0, ""properties"": [], ""doubles_count"": 0}, ""method"": [null, ""model_construct""]}, {""id"": [""haive"", ""games"", ""monopoly"", ""models"", ""Player""], ""lc"": 2, ""type"": ""constructor"", ""kwargs"": {""name"": ""Charlie"", ""money"": 1500, ""in_jail"": false, ""bankrupt"": false, ""position"": 7, ""jail_cards"": 0, ""jail_turns"": 0, ""properties"": [], ""doubles_count"": 0}, ""method"": [null, ""model_construct""]}, {""id"": [""haive"", ""games"", ""monopoly"", ""models"", ""Player""], ""lc"": 2, ""type"": ""constructor"", ""kwargs"": {""name"": ""Diana"", ""money"": 1500, ""in_jail"": false, ""bankrupt"": false, ""position"": 7, ""jail_cards"": 0, ""jail_turns"": 0, ""properties"": [], ""doubles_count"": 0}, ""method"": [null, ""model_construct""]}], ""game_events"": [], ""turn_number"": 3, ""round_number"": 1, ""doubles_rolled"": false, ""current_player_index"": 2}}, ""parents"": {}, ""thread_id"": ""2f90db8d-fa21-4162-86d6-a216dbfa2c8a"", ""recursion_limit"": 500}","2025-05-28 20:55:08.650166-04",NULL
"2f90db8d-fa21-4162-86d6-a216dbfa2c8a","","1f03c279-1999-68e2-800c-1bd031854a9d","1f03c279-1998-6668-800b-e275bc9e6a43",NULL,"{""v"": 3, ""id"": ""1f03c279-1999-68e2-800c-1bd031854a9d"", ""ts"": ""2025-05-29T00:55:09.263885+00:00"", ""pending_sends"": [], ""versions_seen"": {""end_turn"": {""branch:to:end_turn"": ""00000000000000000000000000000007.0.7920216803022491""}, ""__input__"": {}, ""__start__"": {""__start__"": ""00000000000000000000000000000001.0.2735474543916121""}, ""roll_dice"": {""branch:to:roll_dice"": ""00000000000000000000000000000010.0.9201565249640786""}, ""start_turn"": {""branch:to:start_turn"": ""00000000000000000000000000000009.0.9002211544398088""}, ""move_player"": {""branch:to:move_player"": ""00000000000000000000000000000011.0.19941192073648617""}, ""check_doubles"": {""branch:to:check_doubles"": ""00000000000000000000000000000013.0.04303338095675713""}, ""check_game_end"": {""branch:to:check_game_end"": ""00000000000000000000000000000008.0.9502390615120361""}, ""handle_landing"": {""branch:to:handle_landing"": ""00000000000000000000000000000012.0.8185914251330141""}}, ""channel_versions"": {""players"": ""00000000000000000000000000000013.0.2545697200337744"", ""messages"": ""00000000000000000000000000000002.0.47642338479856416"", ""__start__"": ""00000000000000000000000000000002.0.6182540046660762"", ""last_roll"": ""00000000000000000000000000000011.0.7630244665041527"", ""properties"": ""00000000000000000000000000000002.0.22042262129938794"", ""game_events"": ""00000000000000000000000000000013.0.9750900597968742"", ""game_status"": ""00000000000000000000000000000010.0.1498882376150934"", ""turn_number"": ""00000000000000000000000000000008.0.34649250959984357"", ""chance_cards"": ""00000000000000000000000000000002.0.1363393049956898"", ""round_number"": ""00000000000000000000000000000008.0.6241053439842381"", ""doubles_rolled"": ""00000000000000000000000000000011.0.3321647038653257"", ""branch:to:end_turn"": ""00000000000000000000000000000014.0.9308429133379693"", ""branch:to:roll_dice"": ""00000000000000000000000000000011.0.9437908133596333"", ""branch:to:start_turn"": ""00000000000000000000000000000010.0.6303520453884324"", ""current_player_index"": ""00000000000000000000000000000008.0.8245930518578528"", ""branch:to:move_player"": ""00000000000000000000000000000012.0.25097540201250623"", ""community_chest_cards"": ""00000000000000000000000000000002.0.1571206665936401"", ""branch:to:check_doubles"": ""00000000000000000000000000000014.0.5250976422453028"", ""branch:to:check_game_end"": ""00000000000000000000000000000009.0.5138390841751005"", ""branch:to:handle_landing"": ""00000000000000000000000000000013.0.73893385844228""}}","{""step"": 12, ""source"": ""loop"", ""writes"": {""check_doubles"": null}, ""parents"": {}, ""thread_id"": ""2f90db8d-fa21-4162-86d6-a216dbfa2c8a"", ""recursion_limit"": 500}","2025-05-28 20:55:08.650166-04",NULL
"2f90db8d-fa21-4162-86d6-a216dbfa2c8a","","1f03c279-1998-6668-800b-e275bc9e6a43","1f03c279-1464-629d-800a-6531b34521ab",NULL,"{""v"": 3, ""id"": ""1f03c279-1998-6668-800b-e275bc9e6a43"", ""ts"": ""2025-05-29T00:55:09.263400+00:00"", ""pending_sends"": [], ""versions_seen"": {""end_turn"": {""branch:to:end_turn"": ""00000000000000000000000000000007.0.7920216803022491""}, ""__input__"": {}, ""__start__"": {""__start__"": ""00000000000000000000000000000001.0.2735474543916121""}, ""roll_dice"": {""branch:to:roll_dice"": ""00000000000000000000000000000010.0.9201565249640786""}, ""start_turn"": {""branch:to:start_turn"": ""00000000000000000000000000000009.0.9002211544398088""}, ""move_player"": {""branch:to:move_player"": ""00000000000000000000000000000011.0.19941192073648617""}, ""check_doubles"": {""branch:to:check_doubles"": ""00000000000000000000000000000006.0.44397251982769004""}, ""check_game_end"": {""branch:to:check_game_end"": ""00000000000000000000000000000008.0.9502390615120361""}, ""handle_landing"": {""branch:to:handle_landing"": ""00000000000000000000000000000012.0.8185914251330141""}}, ""channel_versions"": {""players"": ""00000000000000000000000000000013.0.2545697200337744"", ""messages"": ""00000000000000000000000000000002.0.47642338479856416"", ""__start__"": ""00000000000000000000000000000002.0.6182540046660762"", ""last_roll"": ""00000000000000000000000000000011.0.7630244665041527"", ""properties"": ""00000000000000000000000000000002.0.22042262129938794"", ""game_events"": ""00000000000000000000000000000013.0.9750900597968742"", ""game_status"": ""00000000000000000000000000000010.0.1498882376150934"", ""turn_number"": ""00000000000000000000000000000008.0.34649250959984357"", ""chance_cards"": ""00000000000000000000000000000002.0.1363393049956898"", ""round_number"": ""00000000000000000000000000000008.0.6241053439842381"", ""doubles_rolled"": ""00000000000000000000000000000011.0.3321647038653257"", ""branch:to:end_turn"": ""00000000000000000000000000000008.0.06766547078351293"", ""branch:to:roll_dice"": ""00000000000000000000000000000011.0.9437908133596333"", ""branch:to:start_turn"": ""00000000000000000000000000000010.0.6303520453884324"", ""current_player_index"": ""00000000000000000000000000000008.0.8245930518578528"", ""branch:to:move_player"": ""00000000000000000000000000000012.0.25097540201250623"", ""community_chest_cards"": ""00000000000000000000000000000002.0.1571206665936401"", ""branch:to:check_doubles"": ""00000000000000000000000000000013.0.04303338095675713"", ""branch:to:check_game_end"": ""00000000000000000000000000000009.0.5138390841751005"", ""branch:to:handle_landing"": ""00000000000000000000000000000013.0.73893385844228""}}","{""step"": 11, ""source"": ""loop"", ""writes"": {""handle_landing"": {""players"": [{""id"": [""haive"", ""games"", ""monopoly"", ""models"", ""Player""], ""lc"": 2, ""type"": ""constructor"", ""kwargs"": {""name"": ""Alice"", ""money"": 1300, ""in_jail"": false, ""bankrupt"": false, ""position"": 4, ""jail_cards"": 0, ""jail_turns"": 0, ""properties"": [], ""doubles_count"": 0}, ""method"": [null, ""model_construct""]}, {""id"": [""haive"", ""games"", ""monopoly"", ""models"", ""Player""], ""lc"": 2, ""type"": ""constructor"", ""kwargs"": {""name"": ""Bob"", ""money"": 1500, ""in_jail"": false, ""bankrupt"": false, ""position"": 10, ""jail_cards"": 0, ""jail_turns"": 0, ""properties"": [], ""doubles_count"": 0}, ""method"": [null, ""model_construct""]}, {""id"": [""haive"", ""games"", ""monopoly"", ""models"", ""Player""], ""lc"": 2, ""type"": ""constructor"", ""kwargs"": {""name"": ""Charlie"", ""money"": 1500, ""in_jail"": false, ""bankrupt"": false, ""position"": 7, ""jail_cards"": 0, ""jail_turns"": 0, ""properties"": [], ""doubles_count"": 0}, ""method"": [null, ""model_construct""]}, {""id"": [""haive"", ""games"", ""monopoly"", ""models"", ""Player""], ""lc"": 2, ""type"": ""constructor"", ""kwargs"": {""name"": ""Diana"", ""money"": 1500, ""in_jail"": false, ""bankrupt"": false, ""position"": 0, ""jail_cards"": 0, ""jail_turns"": 0, ""properties"": [], ""doubles_count"": 0}, ""method"": [null, ""model_construct""]}], ""game_events"": []}}, ""parents"": {}, ""thread_id"": ""2f90db8d-fa21-4162-86d6-a216dbfa2c8a"", ""recursion_limit"": 500}","2025-05-28 20:55:08.650166-04",NULL
"2f90db8d-fa21-4162-86d6-a216dbfa2c8a","","1f03c279-1464-629d-800a-6531b34521ab","1f03c279-145d-62f4-8009-ccc9eadbd6e6",NULL,"{""v"": 3, ""id"": ""1f03c279-1464-629d-800a-6531b34521ab"", ""ts"": ""2025-05-29T00:55:08.717719+00:00"", ""pending_sends"": [], ""versions_seen"": {""end_turn"": {""branch:to:end_turn"": ""00000000000000000000000000000007.0.7920216803022491""}, ""__input__"": {}, ""__start__"": {""__start__"": ""00000000000000000000000000000001.0.2735474543916121""}, ""roll_dice"": {""branch:to:roll_dice"": ""00000000000000000000000000000010.0.9201565249640786""}, ""start_turn"": {""branch:to:start_turn"": ""00000000000000000000000000000009.0.9002211544398088""}, ""move_player"": {""branch:to:move_player"": ""00000000000000000000000000000011.0.19941192073648617""}, ""check_doubles"": {""branch:to:check_doubles"": ""00000000000000000000000000000006.0.44397251982769004""}, ""check_game_end"": {""branch:to:check_game_end"": ""00000000000000000000000000000008.0.9502390615120361""}, ""handle_landing"": {""branch:to:handle_landing"": ""00000000000000000000000000000005.0.363020282815971""}}, ""channel_versions"": {""players"": ""00000000000000000000000000000012.0.08131776796325008"", ""messages"": ""00000000000000000000000000000002.0.47642338479856416"", ""__start__"": ""00000000000000000000000000000002.0.6182540046660762"", ""last_roll"": ""00000000000000000000000000000011.0.7630244665041527"", ""properties"": ""00000000000000000000000000000002.0.22042262129938794"", ""game_events"": ""00000000000000000000000000000012.0.5301561925859081"", ""game_status"": ""00000000000000000000000000000010.0.1498882376150934"", ""turn_number"": ""00000000000000000000000000000008.0.34649250959984357"", ""chance_cards"": ""00000000000000000000000000000002.0.1363393049956898"", ""round_number"": ""00000000000000000000000000000008.0.6241053439842381"", ""doubles_rolled"": ""00000000000000000000000000000011.0.3321647038653257"", ""branch:to:end_turn"": ""00000000000000000000000000000008.0.06766547078351293"", ""branch:to:roll_dice"": ""00000000000000000000000000000011.0.9437908133596333"", ""branch:to:start_turn"": ""00000000000000000000000000000010.0.6303520453884324"", ""current_player_index"": ""00000000000000000000000000000008.0.8245930518578528"", ""branch:to:move_player"": ""00000000000000000000000000000012.0.25097540201250623"", ""community_chest_cards"": ""00000000000000000000000000000002.0.1571206665936401"", ""branch:to:check_doubles"": ""00000000000000000000000000000007.0.37672716676495466"", ""branch:to:check_game_end"": ""00000000000000000000000000000009.0.5138390841751005"", ""branch:to:handle_landing"": ""00000000000000000000000000000012.0.8185914251330141""}}","{""step"": 10, ""source"": ""loop"", ""writes"": {""move_player"": {""players"": [{""id"": [""haive"", ""games"", ""monopoly"", ""models"", ""Player""], ""lc"": 2, ""type"": ""constructor"", ""kwargs"": {""name"": ""Alice"", ""money"": 1300, ""in_jail"": false, ""bankrupt"": false, ""position"": 4, ""jail_cards"": 0, ""jail_turns"": 0, ""properties"": [], ""doubles_count"": 0}, ""method"": [null, ""model_construct""]}, {""id"": [""haive"", ""games"", ""monopoly"", ""models"", ""Player""], ""lc"": 2, ""type"": ""constructor"", ""kwargs"": {""name"": ""Bob"", ""money"": 1500, ""in_jail"": false, ""bankrupt"": false, ""position"": 10, ""jail_cards"": 0, ""jail_turns"": 0, ""properties"": [], ""doubles_count"": 0}, ""method"": [null, ""model_construct""]}, {""id"": [""haive"", ""games"", ""monopoly"", ""models"", ""Player""], ""lc"": 2, ""type"": ""constructor"", ""kwargs"": {""name"": ""Charlie"", ""money"": 1500, ""in_jail"": false, ""bankrupt"": false, ""position"": 0, ""jail_cards"": 0, ""jail_turns"": 0, ""properties"": [], ""doubles_count"": 0}, ""method"": [null, ""model_construct""]}, {""id"": [""haive"", ""games"", ""monopoly"", ""models"", ""Player""], ""lc"": 2, ""type"": ""constructor"", ""kwargs"": {""name"": ""Diana"", ""money"": 1500, ""in_jail"": false, ""bankrupt"": false, ""position"": 0, ""jail_cards"": 0, ""jail_turns"": 0, ""properties"": [], ""doubles_count"": 0}, ""method"": [null, ""model_construct""]}], ""game_events"": [{""id"": [""haive"", ""games"", ""monopoly"", ""models"", ""GameEvent""], ""lc"": 2, ""type"": ""constructor"", ""kwargs"": {""player"": ""Bob"", ""details"": {""passed_go"": false, ""new_position"": 10, ""old_position"": 0}, ""event_type"": ""player_move"", ""description"": ""Moved from position 0 to 10"", ""money_change"": 0, ""property_involved"": null}, ""method"": [null, ""model_construct""]}]}}, ""parents"": {}, ""thread_id"": ""2f90db8d-fa21-4162-86d6-a216dbfa2c8a"", ""recursion_limit"": 500}","2025-05-28 20:55:08.650166-04",NULL
"2f90db8d-fa21-4162-86d6-a216dbfa2c8a","","1f03c279-145d-62f4-8009-ccc9eadbd6e6","1f03c279-1456-6824-8008-f6d8b1fbc7b7",NULL,"{""v"": 3, ""id"": ""1f03c279-145d-62f4-8009-ccc9eadbd6e6"", ""ts"": ""2025-05-29T00:55:08.714869+00:00"", ""pending_sends"": [], ""versions_seen"": {""end_turn"": {""branch:to:end_turn"": ""00000000000000000000000000000007.0.7920216803022491""}, ""__input__"": {}, ""__start__"": {""__start__"": ""00000000000000000000000000000001.0.2735474543916121""}, ""roll_dice"": {""branch:to:roll_dice"": ""00000000000000000000000000000010.0.9201565249640786""}, ""start_turn"": {""branch:to:start_turn"": ""00000000000000000000000000000009.0.9002211544398088""}, ""move_player"": {""branch:to:move_player"": ""00000000000000000000000000000004.0.4400624826544297""}, ""check_doubles"": {""branch:to:check_doubles"": ""00000000000000000000000000000006.0.44397251982769004""}, ""check_game_end"": {""branch:to:check_game_end"": ""00000000000000000000000000000008.0.9502390615120361""}, ""handle_landing"": {""branch:to:handle_landing"": ""00000000000000000000000000000005.0.363020282815971""}}, ""channel_versions"": {""players"": ""00000000000000000000000000000008.0.5834258777125234"", ""messages"": ""00000000000000000000000000000002.0.47642338479856416"", ""__start__"": ""00000000000000000000000000000002.0.6182540046660762"", ""last_roll"": ""00000000000000000000000000000011.0.7630244665041527"", ""properties"": ""00000000000000000000000000000002.0.22042262129938794"", ""game_events"": ""00000000000000000000000000000011.0.179520878773065"", ""game_status"": ""00000000000000000000000000000010.0.1498882376150934"", ""turn_number"": ""00000000000000000000000000000008.0.34649250959984357"", ""chance_cards"": ""00000000000000000000000000000002.0.1363393049956898"", ""round_number"": ""00000000000000000000000000000008.0.6241053439842381"", ""doubles_rolled"": ""00000000000000000000000000000011.0.3321647038653257"", ""branch:to:end_turn"": ""00000000000000000000000000000008.0.06766547078351293"", ""branch:to:roll_dice"": ""00000000000000000000000000000011.0.9437908133596333"", ""branch:to:start_turn"": ""00000000000000000000000000000010.0.6303520453884324"", ""current_player_index"": ""00000000000000000000000000000008.0.8245930518578528"", ""branch:to:move_player"": ""00000000000000000000000000000011.0.19941192073648617"", ""community_chest_cards"": ""00000000000000000000000000000002.0.1571206665936401"", ""branch:to:check_doubles"": ""00000000000000000000000000000007.0.37672716676495466"", ""branch:to:check_game_end"": ""00000000000000000000000000000009.0.5138390841751005"", ""branch:to:handle_landing"": ""00000000000000000000000000000006.0.08695680915077086""}}","{""step"": 9, ""source"": ""loop"", ""writes"": {""roll_dice"": {""last_roll"": {""die1"": 4, ""die2"": 6}, ""game_events"": [{""id"": [""haive"", ""games"", ""monopoly"", ""models"", ""GameEvent""], ""lc"": 2, ""type"": ""constructor"", ""kwargs"": {""player"": ""Bob"", ""details"": {""dice_roll"": {""die1"": 4, ""die2"": 6}}, ""event_type"": ""dice_roll"", ""description"": ""Rolled 4 and 6"", ""money_change"": 0, ""property_involved"": null}, ""method"": [null, ""model_construct""]}], ""doubles_rolled"": false}}, ""parents"": {}, ""thread_id"": ""2f90db8d-fa21-4162-86d6-a216dbfa2c8a"", ""recursion_limit"": 500}","2025-05-28 20:55:08.650166-04",NULL
"2f90db8d-fa21-4162-86d6-a216dbfa2c8a","","1f03c279-1456-6824-8008-f6d8b1fbc7b7","1f03c279-1431-60af-8007-79d61ea91d38",NULL,"{""v"": 3, ""id"": ""1f03c279-1456-6824-8008-f6d8b1fbc7b7"", ""ts"": ""2025-05-29T00:55:08.712121+00:00"", ""pending_sends"": [], ""versions_seen"": {""end_turn"": {""branch:to:end_turn"": ""00000000000000000000000000000007.0.7920216803022491""}, ""__input__"": {}, ""__start__"": {""__start__"": ""00000000000000000000000000000001.0.2735474543916121""}, ""roll_dice"": {""branch:to:roll_dice"": ""00000000000000000000000000000003.0.9728521588922663""}, ""start_turn"": {""branch:to:start_turn"": ""00000000000000000000000000000009.0.9002211544398088""}, ""move_player"": {""branch:to:move_player"": ""00000000000000000000000000000004.0.4400624826544297""}, ""check_doubles"": {""branch:to:check_doubles"": ""00000000000000000000000000000006.0.44397251982769004""}, ""check_game_end"": {""branch:to:check_game_end"": ""00000000000000000000000000000008.0.9502390615120361""}, ""handle_landing"": {""branch:to:handle_landing"": ""00000000000000000000000000000005.0.363020282815971""}}, ""channel_versions"": {""players"": ""00000000000000000000000000000008.0.5834258777125234"", ""messages"": ""00000000000000000000000000000002.0.47642338479856416"", ""__start__"": ""00000000000000000000000000000002.0.6182540046660762"", ""last_roll"": ""00000000000000000000000000000004.0.14914269915381972"", ""properties"": ""00000000000000000000000000000002.0.22042262129938794"", ""game_events"": ""00000000000000000000000000000010.0.14595829211375466"", ""game_status"": ""00000000000000000000000000000010.0.1498882376150934"", ""turn_number"": ""00000000000000000000000000000008.0.34649250959984357"", ""chance_cards"": ""00000000000000000000000000000002.0.1363393049956898"", ""round_number"": ""00000000000000000000000000000008.0.6241053439842381"", ""doubles_rolled"": ""00000000000000000000000000000008.0.20518655021071108"", ""branch:to:end_turn"": ""00000000000000000000000000000008.0.06766547078351293"", ""branch:to:roll_dice"": ""00000000000000000000000000000010.0.9201565249640786"", ""branch:to:start_turn"": ""00000000000000000000000000000010.0.6303520453884324"", ""current_player_index"": ""00000000000000000000000000000008.0.8245930518578528"", ""branch:to:move_player"": ""00000000000000000000000000000005.0.39830101225398185"", ""community_chest_cards"": ""00000000000000000000000000000002.0.1571206665936401"", ""branch:to:check_doubles"": ""00000000000000000000000000000007.0.37672716676495466"", ""branch:to:check_game_end"": ""00000000000000000000000000000009.0.5138390841751005"", ""branch:to:handle_landing"": ""00000000000000000000000000000006.0.08695680915077086""}}","{""step"": 8, ""source"": ""loop"", ""writes"": {""start_turn"": {""game_events"": [{""id"": [""haive"", ""games"", ""monopoly"", ""models"", ""GameEvent""], ""lc"": 2, ""type"": ""constructor"", ""kwargs"": {""player"": ""Bob"", ""details"": {}, ""event_type"": ""turn_start"", ""description"": ""Bob starts their turn"", ""money_change"": 0, ""property_involved"": null}, ""method"": [null, ""model_construct""]}], ""game_status"": ""playing""}}, ""parents"": {}, ""thread_id"": ""2f90db8d-fa21-4162-86d6-a216dbfa2c8a"", ""recursion_limit"": 500}","2025-05-28 20:55:08.650166-04",NULL
"2f90db8d-fa21-4162-86d6-a216dbfa2c8a","","1f03c279-1431-60af-8007-79d61ea91d38","1f03c279-142d-6b8d-8006-4e55c4e1a030",NULL,"{""v"": 3, ""id"": ""1f03c279-1431-60af-8007-79d61ea91d38"", ""ts"": ""2025-05-29T00:55:08.696781+00:00"", ""pending_sends"": [], ""versions_seen"": {""end_turn"": {""branch:to:end_turn"": ""00000000000000000000000000000007.0.7920216803022491""}, ""__input__"": {}, ""__start__"": {""__start__"": ""00000000000000000000000000000001.0.2735474543916121""}, ""roll_dice"": {""branch:to:roll_dice"": ""00000000000000000000000000000003.0.9728521588922663""}, ""start_turn"": {""branch:to:start_turn"": ""00000000000000000000000000000002.0.24021391864835395""}, ""move_player"": {""branch:to:move_player"": ""00000000000000000000000000000004.0.4400624826544297""}, ""check_doubles"": {""branch:to:check_doubles"": ""00000000000000000000000000000006.0.44397251982769004""}, ""check_game_end"": {""branch:to:check_game_end"": ""00000000000000000000000000000008.0.9502390615120361""}, ""handle_landing"": {""branch:to:handle_landing"": ""00000000000000000000000000000005.0.363020282815971""}}, ""channel_versions"": {""players"": ""00000000000000000000000000000008.0.5834258777125234"", ""messages"": ""00000000000000000000000000000002.0.47642338479856416"", ""__start__"": ""00000000000000000000000000000002.0.6182540046660762"", ""last_roll"": ""00000000000000000000000000000004.0.14914269915381972"", ""properties"": ""00000000000000000000000000000002.0.22042262129938794"", ""game_events"": ""00000000000000000000000000000008.0.8079902042244534"", ""game_status"": ""00000000000000000000000000000003.0.31258653409519"", ""turn_number"": ""00000000000000000000000000000008.0.34649250959984357"", ""chance_cards"": ""00000000000000000000000000000002.0.1363393049956898"", ""round_number"": ""00000000000000000000000000000008.0.6241053439842381"", ""doubles_rolled"": ""00000000000000000000000000000008.0.20518655021071108"", ""branch:to:end_turn"": ""00000000000000000000000000000008.0.06766547078351293"", ""branch:to:roll_dice"": ""00000000000000000000000000000004.0.6241611292117251"", ""branch:to:start_turn"": ""00000000000000000000000000000009.0.9002211544398088"", ""current_player_index"": ""00000000000000000000000000000008.0.8245930518578528"", ""branch:to:move_player"": ""00000000000000000000000000000005.0.39830101225398185"", ""community_chest_cards"": ""00000000000000000000000000000002.0.1571206665936401"", ""branch:to:check_doubles"": ""00000000000000000000000000000007.0.37672716676495466"", ""branch:to:check_game_end"": ""00000000000000000000000000000009.0.5138390841751005"", ""branch:to:handle_landing"": ""00000000000000000000000000000006.0.08695680915077086""}}","{""step"": 7, ""source"": ""loop"", ""writes"": {""check_game_end"": null}, ""parents"": {}, ""thread_id"": ""2f90db8d-fa21-4162-86d6-a216dbfa2c8a"", ""recursion_limit"": 500}","2025-05-28 20:55:08.650166-04",NULL
"2f90db8d-fa21-4162-86d6-a216dbfa2c8a","","1f03c279-142d-6b8d-8006-4e55c4e1a030","1f03c279-1421-6e93-8005-fb7a2264b5e9",NULL,"{""v"": 3, ""id"": ""1f03c279-142d-6b8d-8006-4e55c4e1a030"", ""ts"": ""2025-05-29T00:55:08.695417+00:00"", ""pending_sends"": [], ""versions_seen"": {""end_turn"": {""branch:to:end_turn"": ""00000000000000000000000000000007.0.7920216803022491""}, ""__input__"": {}, ""__start__"": {""__start__"": ""00000000000000000000000000000001.0.2735474543916121""}, ""roll_dice"": {""branch:to:roll_dice"": ""00000000000000000000000000000003.0.9728521588922663""}, ""start_turn"": {""branch:to:start_turn"": ""00000000000000000000000000000002.0.24021391864835395""}, ""move_player"": {""branch:to:move_player"": ""00000000000000000000000000000004.0.4400624826544297""}, ""check_doubles"": {""branch:to:check_doubles"": ""00000000000000000000000000000006.0.44397251982769004""}, ""handle_landing"": {""branch:to:handle_landing"": ""00000000000000000000000000000005.0.363020282815971""}}, ""channel_versions"": {""players"": ""00000000000000000000000000000008.0.5834258777125234"", ""messages"": ""00000000000000000000000000000002.0.47642338479856416"", ""__start__"": ""00000000000000000000000000000002.0.6182540046660762"", ""last_roll"": ""00000000000000000000000000000004.0.14914269915381972"", ""properties"": ""00000000000000000000000000000002.0.22042262129938794"", ""game_events"": ""00000000000000000000000000000008.0.8079902042244534"", ""game_status"": ""00000000000000000000000000000003.0.31258653409519"", ""turn_number"": ""00000000000000000000000000000008.0.34649250959984357"", ""chance_cards"": ""00000000000000000000000000000002.0.1363393049956898"", ""round_number"": ""00000000000000000000000000000008.0.6241053439842381"", ""doubles_rolled"": ""00000000000000000000000000000008.0.20518655021071108"", ""branch:to:end_turn"": ""00000000000000000000000000000008.0.06766547078351293"", ""branch:to:roll_dice"": ""00000000000000000000000000000004.0.6241611292117251"", ""branch:to:start_turn"": ""00000000000000000000000000000003.0.9452406000585465"", ""current_player_index"": ""00000000000000000000000000000008.0.8245930518578528"", ""branch:to:move_player"": ""00000000000000000000000000000005.0.39830101225398185"", ""community_chest_cards"": ""00000000000000000000000000000002.0.1571206665936401"", ""branch:to:check_doubles"": ""00000000000000000000000000000007.0.37672716676495466"", ""branch:to:check_game_end"": ""00000000000000000000000000000008.0.9502390615120361"", ""branch:to:handle_landing"": ""00000000000000000000000000000006.0.08695680915077086""}}","{""step"": 6, ""source"": ""loop"", ""writes"": {""end_turn"": {""players"": [{""id"": [""haive"", ""games"", ""monopoly"", ""models"", ""Player""], ""lc"": 2, ""type"": ""constructor"", ""kwargs"": {""name"": ""Alice"", ""money"": 1300, ""in_jail"": false, ""bankrupt"": false, ""position"": 4, ""jail_cards"": 0, ""jail_turns"": 0, ""properties"": [], ""doubles_count"": 0}, ""method"": [null, ""model_construct""]}, {""id"": [""haive"", ""games"", ""monopoly"", ""models"", ""Player""], ""lc"": 2, ""type"": ""constructor"", ""kwargs"": {""name"": ""Bob"", ""money"": 1500, ""in_jail"": false, ""bankrupt"": false, ""position"": 10, ""jail_cards"": 0, ""jail_turns"": 0, ""properties"": [], ""doubles_count"": 0}, ""method"": [null, ""model_construct""]}, {""id"": [""haive"", ""games"", ""monopoly"", ""models"", ""Player""], ""lc"": 2, ""type"": ""constructor"", ""kwargs"": {""name"": ""Charlie"", ""money"": 1500, ""in_jail"": false, ""bankrupt"": false, ""position"": 0, ""jail_cards"": 0, ""jail_turns"": 0, ""properties"": [], ""doubles_count"": 0}, ""method"": [null, ""model_construct""]}, {""id"": [""haive"", ""games"", ""monopoly"", ""models"", ""Player""], ""lc"": 2, ""type"": ""constructor"", ""kwargs"": {""name"": ""Diana"", ""money"": 1500, ""in_jail"": false, ""bankrupt"": false, ""position"": 0, ""jail_cards"": 0, ""jail_turns"": 0, ""properties"": [], ""doubles_count"": 0}, ""method"": [null, ""model_construct""]}], ""game_events"": [], ""turn_number"": 2, ""round_number"": 1, ""doubles_rolled"": false, ""current_player_index"": 1}}, ""parents"": {}, ""thread_id"": ""2f90db8d-fa21-4162-86d6-a216dbfa2c8a"", ""recursion_limit"": 500}","2025-05-28 20:55:08.650166-04",NULL
"2f90db8d-fa21-4162-86d6-a216dbfa2c8a","","1f03c279-1421-6e93-8005-fb7a2264b5e9","1f03c279-141a-6ebc-8004-393c8c0eebe9",NULL,"{""v"": 3, ""id"": ""1f03c279-1421-6e93-8005-fb7a2264b5e9"", ""ts"": ""2025-05-29T00:55:08.690589+00:00"", ""pending_sends"": [], ""versions_seen"": {""__input__"": {}, ""__start__"": {""__start__"": ""00000000000000000000000000000001.0.2735474543916121""}, ""roll_dice"": {""branch:to:roll_dice"": ""00000000000000000000000000000003.0.9728521588922663""}, ""start_turn"": {""branch:to:start_turn"": ""00000000000000000000000000000002.0.24021391864835395""}, ""move_player"": {""branch:to:move_player"": ""00000000000000000000000000000004.0.4400624826544297""}, ""check_doubles"": {""branch:to:check_doubles"": ""00000000000000000000000000000006.0.44397251982769004""}, ""handle_landing"": {""branch:to:handle_landing"": ""00000000000000000000000000000005.0.363020282815971""}}, ""channel_versions"": {""players"": ""00000000000000000000000000000006.0.6932201622925033"", ""messages"": ""00000000000000000000000000000002.0.47642338479856416"", ""__start__"": ""00000000000000000000000000000002.0.6182540046660762"", ""last_roll"": ""00000000000000000000000000000004.0.14914269915381972"", ""properties"": ""00000000000000000000000000000002.0.22042262129938794"", ""game_events"": ""00000000000000000000000000000006.0.47868264002244787"", ""game_status"": ""00000000000000000000000000000003.0.31258653409519"", ""turn_number"": ""00000000000000000000000000000002.0.3459029246127684"", ""chance_cards"": ""00000000000000000000000000000002.0.1363393049956898"", ""round_number"": ""00000000000000000000000000000002.0.7802632448555509"", ""doubles_rolled"": ""00000000000000000000000000000004.0.42377031137114973"", ""branch:to:end_turn"": ""00000000000000000000000000000007.0.7920216803022491"", ""branch:to:roll_dice"": ""00000000000000000000000000000004.0.6241611292117251"", ""branch:to:start_turn"": ""00000000000000000000000000000003.0.9452406000585465"", ""current_player_index"": ""00000000000000000000000000000002.0.524007173154545"", ""branch:to:move_player"": ""00000000000000000000000000000005.0.39830101225398185"", ""community_chest_cards"": ""00000000000000000000000000000002.0.1571206665936401"", ""branch:to:check_doubles"": ""00000000000000000000000000000007.0.37672716676495466"", ""branch:to:handle_landing"": ""00000000000000000000000000000006.0.08695680915077086""}}","{""step"": 5, ""source"": ""loop"", ""writes"": {""check_doubles"": null}, ""parents"": {}, ""thread_id"": ""2f90db8d-fa21-4162-86d6-a216dbfa2c8a"", ""recursion_limit"": 500}","2025-05-28 20:55:08.650166-04",NULL
"2f90db8d-fa21-4162-86d6-a216dbfa2c8a","","1f03c279-141a-6ebc-8004-393c8c0eebe9","1f03c279-13ff-6cfa-8003-5449377c9292",NULL,"{""v"": 3, ""id"": ""1f03c279-141a-6ebc-8004-393c8c0eebe9"", ""ts"": ""2025-05-29T00:55:08.687718+00:00"", ""pending_sends"": [], ""versions_seen"": {""__input__"": {}, ""__start__"": {""__start__"": ""00000000000000000000000000000001.0.2735474543916121""}, ""roll_dice"": {""branch:to:roll_dice"": ""00000000000000000000000000000003.0.9728521588922663""}, ""start_turn"": {""branch:to:start_turn"": ""00000000000000000000000000000002.0.24021391864835395""}, ""move_player"": {""branch:to:move_player"": ""00000000000000000000000000000004.0.4400624826544297""}, ""handle_landing"": {""branch:to:handle_landing"": ""00000000000000000000000000000005.0.363020282815971""}}, ""channel_versions"": {""players"": ""00000000000000000000000000000006.0.6932201622925033"", ""messages"": ""00000000000000000000000000000002.0.47642338479856416"", ""__start__"": ""00000000000000000000000000000002.0.6182540046660762"", ""last_roll"": ""00000000000000000000000000000004.0.14914269915381972"", ""properties"": ""00000000000000000000000000000002.0.22042262129938794"", ""game_events"": ""00000000000000000000000000000006.0.47868264002244787"", ""game_status"": ""00000000000000000000000000000003.0.31258653409519"", ""turn_number"": ""00000000000000000000000000000002.0.3459029246127684"", ""chance_cards"": ""00000000000000000000000000000002.0.1363393049956898"", ""round_number"": ""00000000000000000000000000000002.0.7802632448555509"", ""doubles_rolled"": ""00000000000000000000000000000004.0.42377031137114973"", ""branch:to:roll_dice"": ""00000000000000000000000000000004.0.6241611292117251"", ""branch:to:start_turn"": ""00000000000000000000000000000003.0.9452406000585465"", ""current_player_index"": ""00000000000000000000000000000002.0.524007173154545"", ""branch:to:move_player"": ""00000000000000000000000000000005.0.39830101225398185"", ""community_chest_cards"": ""00000000000000000000000000000002.0.1571206665936401"", ""branch:to:check_doubles"": ""00000000000000000000000000000006.0.44397251982769004"", ""branch:to:handle_landing"": ""00000000000000000000000000000006.0.08695680915077086""}}","{""step"": 4, ""source"": ""loop"", ""writes"": {""handle_landing"": {""players"": [{""id"": [""haive"", ""games"", ""monopoly"", ""models"", ""Player""], ""lc"": 2, ""type"": ""constructor"", ""kwargs"": {""name"": ""Alice"", ""money"": 1300, ""in_jail"": false, ""bankrupt"": false, ""position"": 4, ""jail_cards"": 0, ""jail_turns"": 0, ""properties"": [], ""doubles_count"": 0}, ""method"": [null, ""model_construct""]}, {""id"": [""haive"", ""games"", ""monopoly"", ""models"", ""Player""], ""lc"": 2, ""type"": ""constructor"", ""kwargs"": {""name"": ""Bob"", ""money"": 1500, ""in_jail"": false, ""bankrupt"": false, ""position"": 10, ""jail_cards"": 0, ""jail_turns"": 0, ""properties"": [], ""doubles_count"": 0}, ""method"": [null, ""model_construct""]}, {""id"": [""haive"", ""games"", ""monopoly"", ""models"", ""Player""], ""lc"": 2, ""type"": ""constructor"", ""kwargs"": {""name"": ""Charlie"", ""money"": 1500, ""in_jail"": false, ""bankrupt"": false, ""position"": 0, ""jail_cards"": 0, ""jail_turns"": 0, ""properties"": [], ""doubles_count"": 0}, ""method"": [null, ""model_construct""]}, {""id"": [""haive"", ""games"", ""monopoly"", ""models"", ""Player""], ""lc"": 2, ""type"": ""constructor"", ""kwargs"": {""name"": ""Diana"", ""money"": 1500, ""in_jail"": false, ""bankrupt"": false, ""position"": 0, ""jail_cards"": 0, ""jail_turns"": 0, ""properties"": [], ""doubles_count"": 0}, ""method"": [null, ""model_construct""]}], ""game_events"": [{""id"": [""haive"", ""games"", ""monopoly"", ""models"", ""GameEvent""], ""lc"": 2, ""type"": ""constructor"", ""kwargs"": {""player"": ""Alice"", ""details"": {}, ""event_type"": ""tax_payment"", ""description"": ""Paid income tax"", ""money_change"": -200, ""property_involved"": null}, ""method"": [null, ""model_construct""]}]}}, ""parents"": {}, ""thread_id"": ""2f90db8d-fa21-4162-86d6-a216dbfa2c8a"", ""recursion_limit"": 500}","2025-05-28 20:55:08.650166-04",NULL
"2f90db8d-fa21-4162-86d6-a216dbfa2c8a","","1f03c279-13ff-6cfa-8003-5449377c9292","1f03c279-13f6-61c7-8002-5b03c8f585f3",NULL,"{""v"": 3, ""id"": ""1f03c279-13ff-6cfa-8003-5449377c9292"", ""ts"": ""2025-05-29T00:55:08.676612+00:00"", ""pending_sends"": [], ""versions_seen"": {""__input__"": {}, ""__start__"": {""__start__"": ""00000000000000000000000000000001.0.2735474543916121""}, ""roll_dice"": {""branch:to:roll_dice"": ""00000000000000000000000000000003.0.9728521588922663""}, ""start_turn"": {""branch:to:start_turn"": ""00000000000000000000000000000002.0.24021391864835395""}, ""move_player"": {""branch:to:move_player"": ""00000000000000000000000000000004.0.4400624826544297""}}, ""channel_versions"": {""players"": ""00000000000000000000000000000005.0.4361724907858129"", ""messages"": ""00000000000000000000000000000002.0.47642338479856416"", ""__start__"": ""00000000000000000000000000000002.0.6182540046660762"", ""last_roll"": ""00000000000000000000000000000004.0.14914269915381972"", ""properties"": ""00000000000000000000000000000002.0.22042262129938794"", ""game_events"": ""00000000000000000000000000000005.0.7192012424530645"", ""game_status"": ""00000000000000000000000000000003.0.31258653409519"", ""turn_number"": ""00000000000000000000000000000002.0.3459029246127684"", ""chance_cards"": ""00000000000000000000000000000002.0.1363393049956898"", ""round_number"": ""00000000000000000000000000000002.0.7802632448555509"", ""doubles_rolled"": ""00000000000000000000000000000004.0.42377031137114973"", ""branch:to:roll_dice"": ""00000000000000000000000000000004.0.6241611292117251"", ""branch:to:start_turn"": ""00000000000000000000000000000003.0.9452406000585465"", ""current_player_index"": ""00000000000000000000000000000002.0.524007173154545"", ""branch:to:move_player"": ""00000000000000000000000000000005.0.39830101225398185"", ""community_chest_cards"": ""00000000000000000000000000000002.0.1571206665936401"", ""branch:to:handle_landing"": ""00000000000000000000000000000005.0.363020282815971""}}","{""step"": 3, ""source"": ""loop"", ""writes"": {""move_player"": {""players"": [{""id"": [""haive"", ""games"", ""monopoly"", ""models"", ""Player""], ""lc"": 2, ""type"": ""constructor"", ""kwargs"": {""name"": ""Alice"", ""money"": 1300, ""in_jail"": false, ""bankrupt"": false, ""position"": 4, ""jail_cards"": 0, ""jail_turns"": 0, ""properties"": [], ""doubles_count"": 0}, ""method"": [null, ""model_construct""]}, {""id"": [""haive"", ""games"", ""monopoly"", ""models"", ""Player""], ""lc"": 2, ""type"": ""constructor"", ""kwargs"": {""name"": ""Bob"", ""money"": 1500, ""in_jail"": false, ""bankrupt"": false, ""position"": 10, ""jail_cards"": 0, ""jail_turns"": 0, ""properties"": [], ""doubles_count"": 0}, ""method"": [null, ""model_construct""]}, {""id"": [""haive"", ""games"", ""monopoly"", ""models"", ""Player""], ""lc"": 2, ""type"": ""constructor"", ""kwargs"": {""name"": ""Charlie"", ""money"": 1500, ""in_jail"": false, ""bankrupt"": false, ""position"": 0, ""jail_cards"": 0, ""jail_turns"": 0, ""properties"": [], ""doubles_count"": 0}, ""method"": [null, ""model_construct""]}, {""id"": [""haive"", ""games"", ""monopoly"", ""models"", ""Player""], ""lc"": 2, ""type"": ""constructor"", ""kwargs"": {""name"": ""Diana"", ""money"": 1500, ""in_jail"": false, ""bankrupt"": false, ""position"": 0, ""jail_cards"": 0, ""jail_turns"": 0, ""properties"": [], ""doubles_count"": 0}, ""method"": [null, ""model_construct""]}], ""game_events"": [{""id"": [""haive"", ""games"", ""monopoly"", ""models"", ""GameEvent""], ""lc"": 2, ""type"": ""constructor"", ""kwargs"": {""player"": ""Alice"", ""details"": {""passed_go"": false, ""new_position"": 4, ""old_position"": 0}, ""event_type"": ""player_move"", ""description"": ""Moved from position 0 to 4"", ""money_change"": 0, ""property_involved"": null}, ""method"": [null, ""model_construct""]}]}}, ""parents"": {}, ""thread_id"": ""2f90db8d-fa21-4162-86d6-a216dbfa2c8a"", ""recursion_limit"": 500}","2025-05-28 20:55:08.650166-04",NULL
"2f90db8d-fa21-4162-86d6-a216dbfa2c8a","","1f03c279-13f6-61c7-8002-5b03c8f585f3","1f03c279-13eb-6556-8001-22603bb22f88",NULL,"{""v"": 3, ""id"": ""1f03c279-13f6-61c7-8002-5b03c8f585f3"", ""ts"": ""2025-05-29T00:55:08.672646+00:00"", ""pending_sends"": [], ""versions_seen"": {""__input__"": {}, ""__start__"": {""__start__"": ""00000000000000000000000000000001.0.2735474543916121""}, ""roll_dice"": {""branch:to:roll_dice"": ""00000000000000000000000000000003.0.9728521588922663""}, ""start_turn"": {""branch:to:start_turn"": ""00000000000000000000000000000002.0.24021391864835395""}}, ""channel_versions"": {""players"": ""00000000000000000000000000000002.0.7104797083094552"", ""messages"": ""00000000000000000000000000000002.0.47642338479856416"", ""__start__"": ""00000000000000000000000000000002.0.6182540046660762"", ""last_roll"": ""00000000000000000000000000000004.0.14914269915381972"", ""properties"": ""00000000000000000000000000000002.0.22042262129938794"", ""game_events"": ""00000000000000000000000000000004.0.3958488732474824"", ""game_status"": ""00000000000000000000000000000003.0.31258653409519"", ""turn_number"": ""00000000000000000000000000000002.0.3459029246127684"", ""chance_cards"": ""00000000000000000000000000000002.0.1363393049956898"", ""round_number"": ""00000000000000000000000000000002.0.7802632448555509"", ""doubles_rolled"": ""00000000000000000000000000000004.0.42377031137114973"", ""branch:to:roll_dice"": ""00000000000000000000000000000004.0.6241611292117251"", ""branch:to:start_turn"": ""00000000000000000000000000000003.0.9452406000585465"", ""current_player_index"": ""00000000000000000000000000000002.0.524007173154545"", ""branch:to:move_player"": ""00000000000000000000000000000004.0.4400624826544297"", ""community_chest_cards"": ""00000000000000000000000000000002.0.1571206665936401""}}","{""step"": 2, ""source"": ""loop"", ""writes"": {""roll_dice"": {""last_roll"": {""die1"": 1, ""die2"": 3}, ""game_events"": [{""id"": [""haive"", ""games"", ""monopoly"", ""models"", ""GameEvent""], ""lc"": 2, ""type"": ""constructor"", ""kwargs"": {""player"": ""Alice"", ""details"": {""dice_roll"": {""die1"": 1, ""die2"": 3}}, ""event_type"": ""dice_roll"", ""description"": ""Rolled 1 and 3"", ""money_change"": 0, ""property_involved"": null}, ""method"": [null, ""model_construct""]}], ""doubles_rolled"": false}}, ""parents"": {}, ""thread_id"": ""2f90db8d-fa21-4162-86d6-a216dbfa2c8a"", ""recursion_limit"": 500}","2025-05-28 20:55:08.650166-04",NULL
"2f90db8d-fa21-4162-86d6-a216dbfa2c8a","","1f03c279-13eb-6556-8001-22603bb22f88","1f03c279-13bf-685a-8000-a725b32dae5d",NULL,"{""v"": 3, ""id"": ""1f03c279-13eb-6556-8001-22603bb22f88"", ""ts"": ""2025-05-29T00:55:08.668227+00:00"", ""pending_sends"": [], ""versions_seen"": {""__input__"": {}, ""__start__"": {""__start__"": ""00000000000000000000000000000001.0.2735474543916121""}, ""start_turn"": {""branch:to:start_turn"": ""00000000000000000000000000000002.0.24021391864835395""}}, ""channel_versions"": {""players"": ""00000000000000000000000000000002.0.7104797083094552"", ""messages"": ""00000000000000000000000000000002.0.47642338479856416"", ""__start__"": ""00000000000000000000000000000002.0.6182540046660762"", ""properties"": ""00000000000000000000000000000002.0.22042262129938794"", ""game_events"": ""00000000000000000000000000000003.0.7826581899342845"", ""game_status"": ""00000000000000000000000000000003.0.31258653409519"", ""turn_number"": ""00000000000000000000000000000002.0.3459029246127684"", ""chance_cards"": ""00000000000000000000000000000002.0.1363393049956898"", ""round_number"": ""00000000000000000000000000000002.0.7802632448555509"", ""doubles_rolled"": ""00000000000000000000000000000002.0.7003329053340013"", ""branch:to:roll_dice"": ""00000000000000000000000000000003.0.9728521588922663"", ""branch:to:start_turn"": ""00000000000000000000000000000003.0.9452406000585465"", ""current_player_index"": ""00000000000000000000000000000002.0.524007173154545"", ""community_chest_cards"": ""00000000000000000000000000000002.0.1571206665936401""}}","{""step"": 1, ""source"": ""loop"", ""writes"": {""start_turn"": {""game_events"": [{""id"": [""haive"", ""games"", ""monopoly"", ""models"", ""GameEvent""], ""lc"": 2, ""type"": ""constructor"", ""kwargs"": {""player"": ""Alice"", ""details"": {}, ""event_type"": ""turn_start"", ""description"": ""Alice starts their turn"", ""money_change"": 0, ""property_involved"": null}, ""method"": [null, ""model_construct""]}], ""game_status"": ""playing""}}, ""parents"": {}, ""thread_id"": ""2f90db8d-fa21-4162-86d6-a216dbfa2c8a"", ""recursion_limit"": 500}","2025-05-28 20:55:08.650166-04",NULL
"2f90db8d-fa21-4162-86d6-a216dbfa2c8a","","1f03c279-13bf-685a-8000-a725b32dae5d","1f03c279-13b9-6901-bfff-e0151a16ef16",NULL,"{""v"": 3, ""id"": ""1f03c279-13bf-685a-8000-a725b32dae5d"", ""ts"": ""2025-05-29T00:55:08.650283+00:00"", ""pending_sends"": [], ""versions_seen"": {""__input__"": {}, ""__start__"": {""__start__"": ""00000000000000000000000000000001.0.2735474543916121""}}, ""channel_versions"": {""players"": ""00000000000000000000000000000002.0.7104797083094552"", ""messages"": ""00000000000000000000000000000002.0.47642338479856416"", ""__start__"": ""00000000000000000000000000000002.0.6182540046660762"", ""properties"": ""00000000000000000000000000000002.0.22042262129938794"", ""game_events"": ""00000000000000000000000000000002.0.32601282435553214"", ""game_status"": ""00000000000000000000000000000002.0.5915211408606845"", ""turn_number"": ""00000000000000000000000000000002.0.3459029246127684"", ""chance_cards"": ""00000000000000000000000000000002.0.1363393049956898"", ""round_number"": ""00000000000000000000000000000002.0.7802632448555509"", ""doubles_rolled"": ""00000000000000000000000000000002.0.7003329053340013"", ""branch:to:start_turn"": ""00000000000000000000000000000002.0.24021391864835395"", ""current_player_index"": ""00000000000000000000000000000002.0.524007173154545"", ""community_chest_cards"": ""00000000000000000000000000000002.0.1571206665936401""}}","{""step"": 0, ""source"": ""loop"", ""writes"": null, ""parents"": {}, ""thread_id"": ""2f90db8d-fa21-4162-86d6-a216dbfa2c8a"", ""recursion_limit"": 500}","2025-05-28 20:55:08.650166-04",NULL
"2f90db8d-fa21-4162-86d6-a216dbfa2c8a","","1f03c279-13b9-6901-bfff-e0151a16ef16",NULL,NULL,"{""v"": 3, ""id"": ""1f03c279-13b9-6901-bfff-e0151a16ef16"", ""ts"": ""2025-05-29T00:55:08.647852+00:00"", ""pending_sends"": [], ""versions_seen"": {""__input__"": {}}, ""channel_versions"": {""__start__"": ""00000000000000000000000000000001.0.2735474543916121""}}","{""step"": -1, ""source"": ""input"", ""writes"": {""__start__"": {""id"": [""haive"", ""games"", ""monopoly"", ""state"", ""MonopolyState""], ""lc"": 2, ""type"": ""constructor"", ""kwargs"": {""winner"": null, ""players"": [{""name"": ""Alice"", ""money"": 1500, ""in_jail"": false, ""bankrupt"": false, ""position"": 0, ""jail_cards"": 0, ""jail_turns"": 0, ""properties"": [], ""doubles_count"": 0}, {""name"": ""Bob"", ""money"": 1500, ""in_jail"": false, ""bankrupt"": false, ""position"": 0, ""jail_cards"": 0, ""jail_turns"": 0, ""properties"": [], ""doubles_count"": 0}, {""name"": ""Charlie"", ""money"": 1500, ""in_jail"": false, ""bankrupt"": false, ""position"": 0, ""jail_cards"": 0, ""jail_turns"": 0, ""properties"": [], ""doubles_count"": 0}, {""name"": ""Diana"", ""money"": 1500, ""in_jail"": false, ""bankrupt"": false, ""position"": 0, ""jail_cards"": 0, ""jail_turns"": 0, ""properties"": [], ""doubles_count"": 0}], ""messages"": [], ""last_roll"": null, ""properties"": {""Boardwalk"": {""name"": ""Boardwalk"", ""rent"": [50, 200, 600, 1400, 1700, 2000], ""color"": ""dark_blue"", ""hotel"": false, ""owner"": null, ""price"": 400, ""houses"": 0, ""position"": 39, ""mortgaged"": false, ""house_cost"": 200, ""property_type"": ""street"", ""mortgage_value"": 200}, ""Park Place"": {""name"": ""Park Place"", ""rent"": [35, 175, 500, 1100, 1300, 1500], ""color"": ""dark_blue"", ""hotel"": false, ""owner"": null, ""price"": 350, ""houses"": 0, ""position"": 37, ""mortgaged"": false, ""house_cost"": 200, ""property_type"": ""street"", ""mortgage_value"": 175}, ""Short Line"": {""name"": ""Short Line"", ""rent"": [25, 50, 100, 200], ""color"": ""railroad"", ""hotel"": false, ""owner"": null, ""price"": 200, ""houses"": 0, ""position"": 35, ""mortgaged"": false, ""house_cost"": 0, ""property_type"": ""railroad"", ""mortgage_value"": 100}, ""Water Works"": {""name"": ""Water Works"", ""rent"": [4, 10], ""color"": ""utility"", ""hotel"": false, ""owner"": null, ""price"": 150, ""houses"": 0, ""position"": 28, ""mortgaged"": false, ""house_cost"": 0, ""property_type"": ""utility"", ""mortgage_value"": 75}, ""B&O Railroad"": {""name"": ""B&O Railroad"", ""rent"": [25, 50, 100, 200], ""color"": ""railroad"", ""hotel"": false, ""owner"": null, ""price"": 200, ""houses"": 0, ""position"": 25, ""mortgaged"": false, ""house_cost"": 0, ""property_type"": ""railroad"", ""mortgage_value"": 100}, ""Baltic Avenue"": {""name"": ""Baltic Avenue"", ""rent"": [4, 20, 60, 180, 320, 450], ""color"": ""brown"", ""hotel"": false, ""owner"": null, ""price"": 60, ""houses"": 0, ""position"": 3, ""mortgaged"": false, ""house_cost"": 50, ""property_type"": ""street"", ""mortgage_value"": 30}, ""States Avenue"": {""name"": ""States Avenue"", ""rent"": [10, 50, 150, 450, 625, 750], ""color"": ""pink"", ""hotel"": false, ""owner"": null, ""price"": 140, ""houses"": 0, ""position"": 13, ""mortgaged"": false, ""house_cost"": 100, ""property_type"": ""street"", ""mortgage_value"": 70}, ""Indiana Avenue"": {""name"": ""Indiana Avenue"", ""rent"": [18, 90, 250, 700, 875, 1050], ""color"": ""red"", ""hotel"": false, ""owner"": null, ""price"": 220, ""houses"": 0, ""position"": 23, ""mortgaged"": false, ""house_cost"": 150, ""property_type"": ""street"", ""mortgage_value"": 110}, ""Marvin Gardens"": {""name"": ""Marvin Gardens"", ""rent"": [24, 120, 360, 850, 1025, 1200], ""color"": ""yellow"", ""hotel"": false, ""owner"": null, ""price"": 280, ""houses"": 0, ""position"": 29, ""mortgaged"": false, ""house_cost"": 150, ""property_type"": ""street"", ""mortgage_value"": 140}, ""Pacific Avenue"": {""name"": ""Pacific Avenue"", ""rent"": [26, 130, 390, 900, 1100, 1275], ""color"": ""green"", ""hotel"": false, ""owner"": null, ""price"": 300, ""houses"": 0, ""position"": 31, ""mortgaged"": false, ""house_cost"": 200, ""property_type"": ""street"", ""mortgage_value"": 150}, ""Ventnor Avenue"": {""name"": ""Ventnor Avenue"", ""rent"": [22, 110, 330, 800, 975, 1150], ""color"": ""yellow"", ""hotel"": false, ""owner"": null, ""price"": 260, ""houses"": 0, ""position"": 27, ""mortgaged"": false, ""house_cost"": 150, ""property_type"": ""street"", ""mortgage_value"": 130}, ""Vermont Avenue"": {""name"": ""Vermont Avenue"", ""rent"": [6, 30, 90, 270, 400, 550], ""color"": ""light_blue"", ""hotel"": false, ""owner"": null, ""price"": 100, ""houses"": 0, ""position"": 8, ""mortgaged"": false, ""house_cost"": 50, ""property_type"": ""street"", ""mortgage_value"": 50}, ""Atlantic Avenue"": {""name"": ""Atlantic Avenue"", ""rent"": [22, 110, 330, 800, 975, 1150], ""color"": ""yellow"", ""hotel"": false, ""owner"": null, ""price"": 260, ""houses"": 0, ""position"": 26, ""mortgaged"": false, ""house_cost"": 150, ""property_type"": ""street"", ""mortgage_value"": 130}, ""Illinois Avenue"": {""name"": ""Illinois Avenue"", ""rent"": [20, 100, 300, 750, 925, 1100], ""color"": ""red"", ""hotel"": false, ""owner"": null, ""price"": 240, ""houses"": 0, ""position"": 24, ""mortgaged"": false, ""house_cost"": 150, ""property_type"": ""street"", ""mortgage_value"": 120}, ""Kentucky Avenue"": {""name"": ""Kentucky Avenue"", ""rent"": [18, 90, 250, 700, 875, 1050], ""color"": ""red"", ""hotel"": false, ""owner"": null, ""price"": 220, ""houses"": 0, ""position"": 21, ""mortgaged"": false, ""house_cost"": 150, ""property_type"": ""street"", ""mortgage_value"": 110}, ""New York Avenue"": {""name"": ""New York Avenue"", ""rent"": [16, 80, 220, 600, 800, 1000], ""color"": ""orange"", ""hotel"": false, ""owner"": null, ""price"": 200, ""houses"": 0, ""position"": 19, ""mortgaged"": false, ""house_cost"": 100, ""property_type"": ""street"", ""mortgage_value"": 100}, ""Oriental Avenue"": {""name"": ""Oriental Avenue"", ""rent"": [6, 30, 90, 270, 400, 550], ""color"": ""light_blue"", ""hotel"": false, ""owner"": null, ""price"": 100, ""houses"": 0, ""position"": 6, ""mortgaged"": false, ""house_cost"": 50, ""property_type"": ""street"", ""mortgage_value"": 50}, ""St. James Place"": {""name"": ""St. James Place"", ""rent"": [14, 70, 200, 550, 750, 950], ""color"": ""orange"", ""hotel"": false, ""owner"": null, ""price"": 180, ""houses"": 0, ""position"": 16, ""mortgaged"": false, ""house_cost"": 100, ""property_type"": ""street"", ""mortgage_value"": 90}, ""Virginia Avenue"": {""name"": ""Virginia Avenue"", ""rent"": [12, 60, 180, 500, 700, 900], ""color"": ""pink"", ""hotel"": false, ""owner"": null, ""price"": 160, ""houses"": 0, ""position"": 14, ""mortgaged"": false, ""house_cost"": 100, ""property_type"": ""street"", ""mortgage_value"": 80}, ""Electric Company"": {""name"": ""Electric Company"", ""rent"": [4, 10], ""color"": ""utility"", ""hotel"": false, ""owner"": null, ""price"": 150, ""houses"": 0, ""position"": 12, ""mortgaged"": false, ""house_cost"": 0, ""property_type"": ""utility"", ""mortgage_value"": 75}, ""Reading Railroad"": {""name"": ""Reading Railroad"", ""rent"": [25, 50, 100, 200], ""color"": ""railroad"", ""hotel"": false, ""owner"": null, ""price"": 200, ""houses"": 0, ""position"": 5, ""mortgaged"": false, ""house_cost"": 0, ""property_type"": ""railroad"", ""mortgage_value"": 100}, ""Tennessee Avenue"": {""name"": ""Tennessee Avenue"", ""rent"": [14, 70, 200, 550, 750, 950], ""color"": ""orange"", ""hotel"": false, ""owner"": null, ""price"": 180, ""houses"": 0, ""position"": 18, ""mortgaged"": false, ""house_cost"": 100, ""property_type"": ""street"", ""mortgage_value"": 90}, ""St. Charles Place"": {""name"": ""St. Charles Place"", ""rent"": [10, 50, 150, 450, 625, 750], ""color"": ""pink"", ""hotel"": false, ""owner"": null, ""price"": 140, ""houses"": 0, ""position"": 11, ""mortgaged"": false, ""house_cost"": 100, ""property_type"": ""street"", ""mortgage_value"": 70}, ""Connecticut Avenue"": {""name"": ""Connecticut Avenue"", ""rent"": [8, 40, 100, 300, 450, 600], ""color"": ""light_blue"", ""hotel"": false, ""owner"": null, ""price"": 120, ""houses"": 0, ""position"": 9, ""mortgaged"": false, ""house_cost"": 50, ""property_type"": ""street"", ""mortgage_value"": 60}, ""Pennsylvania Avenue"": {""name"": ""Pennsylvania Avenue"", ""rent"": [28, 150, 450, 1000, 1200, 1400], ""color"": ""green"", ""hotel"": false, ""owner"": null, ""price"": 320, ""houses"": 0, ""position"": 34, ""mortgaged"": false, ""house_cost"": 200, ""property_type"": ""street"", ""mortgage_value"": 160}, ""Mediterranean Avenue"": {""name"": ""Mediterranean Avenue"", ""rent"": [2, 10, 30, 90, 160, 250], ""color"": ""brown"", ""hotel"": false, ""owner"": null, ""price"": 60, ""houses"": 0, ""position"": 1, ""mortgaged"": false, ""house_cost"": 50, ""property_type"": ""street"", ""mortgage_value"": 30}, ""North Carolina Avenue"": {""name"": ""North Carolina Avenue"", ""rent"": [26, 130, 390, 900, 1100, 1275], ""color"": ""green"", ""hotel"": false, ""owner"": null, ""price"": 300, ""houses"": 0, ""position"": 32, ""mortgaged"": false, ""house_cost"": 200, ""property_type"": ""street"", ""mortgage_value"": 150}, ""Pennsylvania Railroad"": {""name"": ""Pennsylvania Railroad"", ""rent"": [25, 50, 100, 200], ""color"": ""railroad"", ""hotel"": false, ""owner"": null, ""price"": 200, ""houses"": 0, ""position"": 15, ""mortgaged"": false, ""house_cost"": 0, ""property_type"": ""railroad"", ""mortgage_value"": 100}}, ""game_events"": [], ""game_status"": ""waiting"", ""turn_number"": 1, ""chance_cards"": [""You have won a crossword competition"", ""Your building and loan matures"", ""Get Out of Jail Free"", ""Make general repairs on all your property"", ""Advance to Illinois Avenue"", ""Go Back 3 Spaces"", ""Advance to St. Charles Place"", ""Advance to GO (Collect $200)"", ""Bank pays you dividend of $50"", ""Advance token to nearest Railroad"", ""You have been elected Chairman of the Board"", ""Take a walk on the Boardwalk"", ""Pay poor tax of $15"", ""Take a trip to Reading Railroad"", ""Go to Jail"", ""Advance token to nearest Utility""], ""round_number"": 1, ""error_message"": null, ""active_players"": [{""name"": ""Alice"", ""money"": 1500, ""in_jail"": false, ""bankrupt"": false, ""position"": 0, ""jail_cards"": 0, ""jail_turns"": 0, ""properties"": [], ""doubles_count"": 0}, {""name"": ""Bob"", ""money"": 1500, ""in_jail"": false, ""bankrupt"": false, ""position"": 0, ""jail_cards"": 0, ""jail_turns"": 0, ""properties"": [], ""doubles_count"": 0}, {""name"": ""Charlie"", ""money"": 1500, ""in_jail"": false, ""bankrupt"": false, ""position"": 0, ""jail_cards"": 0, ""jail_turns"": 0, ""properties"": [], ""doubles_count"": 0}, {""name"": ""Diana"", ""money"": 1500, ""in_jail"": false, ""bankrupt"": false, ""position"": 0, ""jail_cards"": 0, ""jail_turns"": 0, ""properties"": [], ""doubles_count"": 0}], ""current_player"": {""name"": ""Alice"", ""money"": 1500, ""in_jail"": false, ""bankrupt"": false, ""position"": 0, ""jail_cards"": 0, ""jail_turns"": 0, ""properties"": [], ""doubles_count"": 0}, ""doubles_rolled"": false, ""bankrupt_players"": [], ""current_player_index"": 0, ""community_chest_cards"": [""Holiday fund matures"", ""You are assessed for street repairs"", ""You have won second prize in a beauty contest"", ""Income tax refund"", ""Bank error in your favor"", ""Pay hospital fees of $100"", ""Go to Jail"", ""You inherit $100"", ""Pay school fees of $50"", ""From sale of stock you get $50"", ""It is your birthday"", ""Advance to GO (Collect $200)"", ""Life insurance matures"", ""Receive $25 consultancy fee"", ""Doctor's fee"", ""Get Out of Jail Free""]}, ""method"": [null, ""model_construct""]}}, ""parents"": {}, ""thread_id"": ""2f90db8d-fa21-4162-86d6-a216dbfa2c8a"", ""recursion_limit"": 500}","2025-05-28 20:55:08.650166-04",NULL
